latitude,longitude,hemisphere_ns,hemisphere_ew,location_quality,location_key
50.775,6.08333,north,east,valid,1
56.18333,10.23333,north,east,valid,2
54.21667,-113.0,north,west,valid,3
16.88333,-99.9,north,west,valid,4
-33.16667,-64.95,south,west,valid,5
32.1,71.8,north,east,valid,6
44.83333,95.16667,north,east,valid,7
44.21667,0.61667,north,east,valid,8
-31.6,-65.23333,south,west,valid,9
-30.86667,-64.55,south,west,valid,10
16.39806,-9.57028,north,west,valid,11
19.08333,8.38333,north,east,valid,12
50.66667,2.33333,north,east,valid,13
29.51667,35.05,north,east,valid,14
29.71667,77.95,north,east,valid,15
8.91667,8.43333,north,east,valid,16
39.91667,42.81667,north,east,valid,17
24.41667,39.51667,north,east,valid,18
13.66033,28.96,north,east,valid,19
44.11667,4.08333,north,east,valid,20
44.65,11.01667,north,east,valid,21
2.0,22.66667,north,east,valid,22
45.82133,6.01533,north,east,valid,23
51.78333,-1.78333,north,west,valid,24
36.23333,37.13333,north,east,valid,25
44.88333,8.75,north,east,valid,26
50.95,31.81667,north,east,valid,27
45.26667,10.15,north,east,valid,28
42.53333,-85.88333,north,west,valid,29
26.96667,-105.31667,north,west,valid,30
20.74575,32.41275,north,east,valid,31
35.27333,44.21556,north,east,valid,32
27.66667,78.25,north,east,valid,33
26.58333,85.56667,north,east,valid,34
44.61667,-70.75,north,west,valid,35
48.7,37.5,north,east,valid,36
20.88333,76.86667,north,east,valid,37
0.0,0.0,north,east,valid,38
47.46667,-0.55,north,west,valid,39
-22.96667,-44.31667,south,west,valid,40
9.53333,39.71667,north,east,valid,41
25.15,105.18333,north,east,valid,42
40.81056,140.78556,north,east,valid,43
53.58333,-2.71667,north,west,valid,44
43.86667,5.38333,north,east,valid,45
-33.0,-66.0,south,west,valid,46
38.5,-94.3,north,west,valid,47
-31.41667,-60.66667,south,west,valid,48
42.45,9.03333,north,east,valid,49
31.805,-97.01,north,west,valid,50
52.05,0.3,north,east,valid,51
43.03333,12.55,north,east,valid,52
25.25417,80.625,north,east,valid,53
20.06667,-103.66667,north,west,valid,54
34.75,-87.0,north,west,valid,55
34.31667,-96.15,north,west,valid,56
44.38333,5.16667,north,east,valid,57
36.16667,3.66667,north,east,valid,58
44.33333,3.23333,north,east,valid,59
43.08333,0.58333,north,east,valid,60
-21.46028,-49.95083,south,west,valid,61
46.0,13.5,north,east,valid,62
25.0,-103.5,north,west,valid,63
2.71667,32.83333,north,east,valid,64
36.8,-108.0,north,west,valid,65
48.6,38.0,north,east,valid,66
28.48333,78.5,north,east,valid,67
35.96667,-82.48333,north,west,valid,68
34.5,-88.66667,north,west,valid,69
5.38333,16.38333,north,east,valid,70
16.66667,101.18333,north,east,valid,71
-6.91667,107.6,south,east,valid,72
27.7,76.33333,north,east,valid,73
30.4,78.2,north,east,valid,74
-6.33333,106.0,south,east,valid,75
43.95,-0.05,north,west,valid,76
41.36667,2.16667,north,east,valid,77
42.38333,-2.5,north,west,valid,78
52.73333,84.08333,north,east,valid,79
52.0,9.1,north,east,valid,80
31.61667,76.8,north,east,valid,81
52.56528,-1.33972,north,west,valid,82
15.78333,-5.9,north,west,valid,83
52.03333,20.93583,north,east,valid,84
45.41667,-98.31667,north,west,valid,85
38.25,-83.75,north,west,valid,86
40.66813,-117.18913,north,west,valid,87
11.08333,-0.18333,north,west,valid,88
36.75,-93.5,north,west,valid,89
39.8,-101.2,north,west,valid,90
51.16667,-117.33333,north,west,valid,91
53.01667,-4.1,north,west,valid,92
33.6,-96.46667,north,west,valid,93
-32.33333,-64.86667,south,west,valid,94
25.36667,82.91667,north,east,valid,95
32.25,-8.15,north,west,valid,96
32.86667,10.8,north,east,valid,97
39.08333,-89.15,north,west,valid,98
-26.16667,28.41667,south,east,valid,99
30.0,-7.0,north,west,valid,100
45.95,-67.55,north,west,valid,101
-31.91,-58.32833,south,west,valid,102
11.65,-3.65,north,west,valid,103
41.68333,-3.8,north,west,valid,104
40.30583,-105.02325,north,west,valid,105
42.53333,-73.83333,north,west,valid,106
43.21667,-0.23333,north,west,valid,107
33.88333,35.5,north,east,valid,108
20.88333,74.83333,north,east,valid,109
26.50833,73.11528,north,east,valid,110
20.83333,71.46667,north,east,valid,111
22.68333,90.65,north,east,valid,112
22.08333,86.9,north,east,valid,113
53.1,23.2,north,east,valid,114
50.13333,27.16667,north,east,valid,115
12.45,-0.08333,north,west,valid,116
-33.15639,115.67639,south,east,valid,117
13.76667,5.3,north,east,valid,118
34.16667,-80.28333,north,west,valid,119
25.38333,82.6,north,east,valid,120
49.78333,30.16667,north,east,valid,121
60.4,25.8,north,east,valid,122
40.91667,-78.08333,north,west,valid,123
36.83333,-97.33333,north,west,valid,124
31.83333,-98.83333,north,west,valid,125
49.36667,16.63333,north,east,valid,126
40.48,-89.00417,north,west,valid,127
33.83333,115.83333,north,east,valid,128
23.0,-102.0,north,west,valid,129
12.5,0.7,north,east,valid,130
44.55,131.63333,north,east,valid,131
44.86667,10.05,north,east,valid,132
21.95,78.03333,north,east,valid,133
54.23333,52.48333,north,east,valid,134
48.15,24.28333,north,east,valid,135
55.46667,35.86667,north,east,valid,136
51.33333,33.88333,north,east,valid,137
17.71067,-11.3715,north,west,valid,138
17.17493,-11.34133,north,west,valid,139
54.56667,-6.33333,north,west,valid,140
40.5,-80.08333,north,west,valid,141
50.6,16.3,north,east,valid,142
50.66694,8.18361,north,east,valid,143
53.4,9.1,north,east,valid,144
52.13333,59.31667,north,east,valid,145
53.9,-112.88333,north,west,valid,146
39.77978,64.60035,north,east,valid,147
,,south,west,missing,148
-31.35,129.19,south,east,valid,149
10.01667,9.58333,north,east,valid,150
5.0,48.0,north,east,valid,151
37.62194,-82.23722,north,west,valid,152
40.2,29.23333,north,east,valid,153
46.45,25.78333,north,east,valid,154
26.78333,82.83333,north,east,valid,155
27.08333,84.08333,north,east,valid,156
52.996,-109.84817,north,west,valid,157
37.98333,-1.16667,north,west,valid,158
35.5,-93.5,north,west,valid,159
43.83889,20.33333,north,east,valid,160
3.405,-76.51,north,west,valid,161
11.75,122.33333,north,east,valid,162
-7.03333,-40.16667,south,west,valid,163
39.8,26.6,north,east,valid,164
41.25,1.66667,north,east,valid,165
43.38333,-5.15,north,west,valid,166
38.47028,-105.24139,north,west,valid,167
37.26667,-89.58333,north,west,valid,168
-30.88333,-64.55,south,west,valid,169
-16.66444,-69.04389,south,west,valid,170
38.5,27.0,north,east,valid,171
36.08333,-78.06667,north,west,valid,172
43.35,11.5,north,east,valid,173
44.38333,-68.75,north,west,valid,174
39.8,16.2,north,east,valid,175
36.5,-79.25,north,west,valid,176
26.46667,-105.23333,north,west,valid,177
43.2,-96.91667,north,west,valid,178
45.08333,8.3,north,east,valid,179
28.53333,109.31667,north,east,valid,180
25.36667,81.66667,north,east,valid,181
25.85,83.48333,north,east,valid,182
-30.78333,-58.05,south,west,valid,183
20.26667,76.01667,north,east,valid,184
27.28333,79.05,north,east,valid,185
29.08333,111.75,north,east,valid,186
46.68333,1.05,north,east,valid,187
36.16667,-87.33333,north,west,valid,188
47.93333,1.56667,north,east,valid,189
29.48333,75.5,north,east,valid,190
47.71667,5.36667,north,east,valid,191
47.93333,2.91667,north,east,valid,192
41.93333,-7.46667,north,west,valid,193
-3.66667,32.5,south,east,valid,194
54.81667,61.11667,north,east,valid,195
23.69639,-5.01472,north,west,valid,196
53.7,30.1,north,east,valid,197
35.03333,-81.88333,north,west,valid,198
46.55,6.81667,north,east,valid,199
50.83333,34.0,north,east,valid,200
14.5,76.5,north,east,valid,201
17.9,101.63333,north,east,valid,202
40.93333,-79.73333,north,west,valid,203
-10.05944,33.395,south,east,valid,204
-17.35,13.96667,south,east,valid,205
47.47083,0.97667,north,east,valid,206
-6.95,108.1,south,east,valid,207
32.1025,-81.87278,north,west,valid,208
44.9,-90.28333,north,west,valid,209
-33.13333,19.38333,south,east,valid,210
43.76111,-84.50778,north,west,valid,211
42.53333,12.61667,north,east,valid,212
-19.85,-47.55,south,west,valid,213
21.16667,-100.86667,north,west,valid,214
10.2,76.26667,north,east,valid,215
35.95,-97.58333,north,west,valid,216
-27.7,27.3,south,east,valid,217
35.63333,-78.13333,north,west,valid,218
54.61667,-6.21667,north,west,valid,219
36.83333,-84.35,north,west,valid,220
38.4,-84.25,north,west,valid,221
35.61667,8.83333,north,east,valid,222
26.91667,83.96667,north,east,valid,223
-28.2,24.56667,south,east,valid,224
34.4,-87.06667,north,west,valid,225
49.86667,8.65,north,east,valid,226
41.98444,59.685,north,east,valid,227
-1.87089,-79.95756,south,west,valid,228
43.0,-80.0,north,west,valid,229
40.25,-74.0,north,west,valid,230
28.56667,77.25,north,east,valid,231
51.46667,84.76667,north,east,valid,232
39.7825,-104.93056,north,west,valid,233
26.68333,93.86667,north,east,valid,234
25.73333,73.61667,north,east,valid,235
19.0,81.0,north,east,valid,236
24.225,76.525,north,east,valid,237
22.37778,71.42722,north,east,valid,238
14.88333,75.6,north,east,valid,239
32.23333,76.46667,north,east,valid,240
37.35172,27.32997,north,east,valid,241
-33.75,18.56667,south,east,valid,242
-31.88333,-60.46667,south,west,valid,243
-7.5,111.5,south,east,valid,244
12.73333,15.05,north,east,valid,245
36.95,9.55,north,east,valid,246
23.5,90.33333,north,east,valid,247
50.75,25.3,north,east,valid,248
40.0,29.0,north,east,valid,249
45.5,119.03333,north,east,valid,250
21.86667,82.45,north,east,valid,251
32.91667,120.78333,north,east,valid,252
51.2,112.3,north,east,valid,253
13.05,3.16667,north,east,valid,254
32.33333,-6.3,north,west,valid,255
-13.66667,33.91667,south,east,valid,256
36.4,-86.5,north,west,valid,257
42.52,-82.26,north,west,valid,258
42.45833,18.44167,north,east,valid,259
-31.66667,152.83333,south,east,valid,260
52.55,-8.03333,north,west,valid,261
43.33333,128.25,north,east,valid,262
30.3,76.63333,north,east,valid,263
-4.0,39.5,south,east,valid,264
33.43333,127.26667,north,east,valid,265
-27.2,31.31667,south,east,valid,266
26.25,82.0,north,east,valid,267
-3.0,151.0,south,east,valid,268
40.78167,-96.47167,north,west,valid,269
-17.3,15.83333,south,east,valid,270
48.9,11.21667,north,east,valid,271
56.03333,13.0,north,east,valid,272
28.26667,78.78333,north,east,valid,273
34.41667,3.25,north,east,valid,274
25.37,-97.37,north,west,valid,275
19.96722,-103.05167,north,west,valid,276
39.24667,-104.58817,north,west,valid,277
50.18333,12.73333,north,east,valid,278
47.83333,37.66667,north,east,valid,279
51.75,4.0,north,east,valid,280
-29.46667,151.61667,south,east,valid,281
30.3,109.5,north,east,valid,282
47.86667,7.35,north,east,valid,283
48.18333,6.46667,north,east,valid,284
19.03333,81.89167,north,east,valid,285
40.3,44.5,north,east,valid,286
1.16667,44.16667,north,east,valid,287
52.21667,11.25,north,east,valid,288
46.25,-1.1,north,west,valid,289
2.88333,30.83333,north,east,valid,290
43.41667,-94.83333,north,west,valid,291
39.75,-97.03333,north,west,valid,292
35.55,-77.53333,north,west,valid,293
44.38333,2.81667,north,east,valid,294
36.05,-94.16667,north,west,valid,295
36.88333,8.45,north,east,valid,296
32.53333,-87.16667,north,west,valid,297
34.6,116.75,north,east,valid,298
36.1,-81.41667,north,west,valid,299
43.18111,13.75333,north,east,valid,300
47.81667,-96.85,north,west,valid,301
30.83333,-97.76667,north,west,valid,302
43.25,-93.66667,north,west,valid,303
-33.35,146.85833,south,east,valid,304
36.78333,-78.08333,north,west,valid,305
50.95,7.31667,north,east,valid,306
33.01667,-83.96667,north,west,valid,307
28.25,7.0,north,east,valid,308
34.48333,-87.83333,north,west,valid,309
31.47556,113.56694,north,east,valid,310
33.18333,130.2,north,east,valid,311
55.33333,10.33333,north,east,valid,312
25.95,80.81667,north,east,valid,313
32.9,115.9,north,east,valid,314
44.3,0.4,north,east,valid,315
7.05,12.43333,north,east,valid,316
51.68333,30.78333,north,east,valid,317
27.35,68.53333,north,east,valid,318
11.65,-2.18333,north,west,valid,319
27.88333,68.53333,north,east,valid,320
41.68333,-112.13333,north,west,valid,321
12.85,11.03333,north,east,valid,322
14.15083,-2.04167,north,west,valid,323
12.91667,11.91667,north,east,valid,324
35.53333,136.88333,north,east,valid,325
37.31667,13.56667,north,east,valid,326
9.6,9.91667,north,east,valid,327
52.2,6.86667,north,east,valid,328
-7.25,107.7,south,east,valid,329
57.35,37.61667,north,east,valid,330
52.45972,-0.3,north,west,valid,331
50.66667,16.76667,north,east,valid,332
24.23333,89.05,north,east,valid,333
48.28333,38.08333,north,east,valid,334
42.9,2.25,north,east,valid,335
60.66667,11.0,north,east,valid,336
43.2,-79.61667,north,west,valid,337
43.66667,45.38333,north,east,valid,338
49.26667,18.71667,north,east,valid,339
46.35,30.58333,north,east,valid,340
51.93333,15.5,north,east,valid,341
52.86667,16.63333,north,east,valid,342
-33.0,-58.61667,south,west,valid,343
39.80417,122.76389,north,east,valid,344
24.1,105.0,north,east,valid,345
37.1,118.4,north,east,valid,346
38.73333,-6.01667,north,west,valid,347
43.76667,20.23333,north,east,valid,348
13.5,-0.68333,north,west,valid,349
9.91667,13.98333,north,east,valid,350
22.98333,76.05,north,east,valid,351
11.49167,11.65833,north,east,valid,352
42.9,24.7,north,east,valid,353
13.78333,78.56667,north,east,valid,354
9.36667,42.41667,north,east,valid,355
51.91667,8.38333,north,east,valid,356
35.0,127.5,north,east,valid,357
35.65,139.33333,north,east,valid,358
50.31667,3.73333,north,east,valid,359
57.81667,16.23333,north,east,valid,360
41.38333,-86.6,north,west,valid,361
26.8,82.53333,north,east,valid,362
28.38333,75.78333,north,east,valid,363
32.675,-94.51167,north,west,valid,364
38.25,-86.16667,north,west,valid,365
35.2945,136.70033,north,east,valid,366
28.95,0.81667,north,east,valid,367
51.65,-1.51667,north,west,valid,368
60.24556,22.06194,north,east,valid,369
55.46667,13.78333,north,east,valid,370
27.33333,35.66667,north,east,valid,371
10.0,-84.1,north,west,valid,372
59.85,17.66667,north,east,valid,373
33.6,130.43333,north,east,valid,374
55.9,-4.23333,north,west,valid,375
34.45,132.38333,north,east,valid,376
1.345,31.47278,north,east,valid,377
64.43333,21.2,north,east,valid,378
34.9,-110.18333,north,west,valid,379
9.06667,38.41667,north,east,valid,380
41.8,-91.86667,north,west,valid,381
21.3,-157.86667,north,west,valid,382
35.66667,115.5,north,east,valid,383
39.35,-100.45,north,west,valid,384
46.1,16.33333,north,east,valid,385
26.46469,106.63241,north,east,valid,386
50.3,8.91667,north,east,valid,387
61.18333,22.68333,north,east,valid,388
52.28333,7.7,north,east,valid,389
-20.0,-45.0,south,west,valid,390
38.0,35.0,north,east,valid,391
58.2,82.93333,north,east,valid,392
-32.1,28.33333,south,east,valid,393
-23.2,-51.83333,south,west,valid,394
-6.03333,145.36667,south,east,valid,395
39.75,46.66667,north,east,valid,396
39.08333,-94.4,north,west,valid,397
41.0,112.0,north,east,valid,398
53.415,-111.3375,north,west,valid,399
-25.5,-54.5,south,west,valid,400
-8.93333,33.8,south,east,valid,401
-31.18333,-57.95,south,west,valid,402
-3.4,-44.33333,south,west,valid,403
26.59083,-12.95217,north,west,valid,404
-8.41667,32.43333,south,east,valid,405
-32.5,21.9,south,east,valid,406
26.75,68.41667,north,east,valid,407
31.0,75.0,north,east,valid,408
18.75,75.33333,north,east,valid,409
39.7,105.8,north,east,valid,410
43.83333,20.44167,north,east,valid,411
46.42137,14.05217,north,east,valid,412
31.3,72.38333,north,east,valid,413
31.91667,104.91667,north,east,valid,414
30.80833,109.5,north,east,valid,415
44.05,126.16667,north,east,valid,416
22.68,70.31333,north,east,valid,417
55.7,24.4,north,east,valid,418
40.35,-104.9,north,west,valid,419
-11.85,15.83333,south,east,valid,420
45.43333,-0.45,north,west,valid,421
35.5,115.41667,north,east,valid,422
12.85,76.8,north,east,valid,423
-7.71667,111.2,south,east,valid,424
35.2,118.8,north,east,valid,425
38.74028,-7.27,north,west,valid,426
44.71667,4.3,north,east,valid,427
47.35,21.3,north,east,valid,428
11.85,8.21667,north,east,valid,429
27.08333,78.33333,north,east,valid,430
27.25,79.96667,north,east,valid,431
49.86667,30.83333,north,east,valid,432
15.0,48.3,north,east,valid,433
55.43333,53.25,north,east,valid,434
12.38333,78.51667,north,east,valid,435
45.13333,21.66667,north,east,valid,436
-6.83333,29.5,south,east,valid,437
17.83333,73.98333,north,east,valid,438
26.03333,81.46667,north,east,valid,439
36.04167,139.95667,north,east,valid,440
14.18333,75.8,north,east,valid,441
31.6,65.78333,north,east,valid,442
-7.0,115.5,south,east,valid,443
32.08333,76.3,north,east,valid,444
4.7,33.63333,north,east,valid,445
20.33916,73.22329,north,east,valid,446
42.45,73.36667,north,east,valid,447
47.21667,81.01667,north,east,valid,448
-3.5,35.58333,south,east,valid,449
12.9,7.15,north,east,valid,450
27.8,67.16667,north,east,valid,451
31.58333,71.6,north,east,valid,452
-35.08333,139.91667,south,east,valid,453
35.36667,136.76667,north,east,valid,454
29.58333,77.58333,north,east,valid,455
11.33333,10.08333,north,east,valid,456
25.14333,75.81333,north,east,valid,457
39.26333,31.78,north,east,valid,458
-7.75,112.01667,south,east,valid,459
36.54194,29.41822,north,east,valid,460
29.45,-96.0,north,west,valid,461
20.4625,86.70278,north,east,valid,462
48.4,-3.3,north,west,valid,463
48.11667,-3.08333,north,west,valid,464
38.98333,141.61667,north,east,valid,465
29.53333,72.3,north,east,valid,466
25.55,83.11667,north,east,valid,467
50.625,35.075,north,east,valid,468
26.95,77.88333,north,east,valid,469
28.01667,75.81667,north,east,valid,470
56.75,75.33333,north,east,valid,471
25.1,81.53333,north,east,valid,472
16.0,36.0,north,east,valid,473
14.0,28.0,north,east,valid,474
54.4,10.15,north,east,valid,475
16.58333,-11.33333,north,west,valid,476
36.85,138.38333,north,east,valid,477
55.0,34.0,north,east,valid,478
12.76667,9.8,north,east,valid,479
43.58333,-89.6,north,west,valid,480
54.66667,-7.66667,north,west,valid,481
11.63333,24.68333,north,east,valid,482
30.75,-95.95,north,west,valid,483
48.16667,22.30833,north,east,valid,484
43.38333,-80.38333,north,west,valid,485
51.6,10.8,north,east,valid,486
48.9,22.4,north,east,valid,487
34.73333,135.16667,north,east,valid,488
34.3,133.95,north,east,valid,489
35.73333,139.75,north,east,valid,490
42.51667,26.16667,north,east,valid,491
48.76367,21.17633,north,east,valid,492
49.32694,7.46472,north,east,valid,493
54.03333,40.9,north,east,valid,494
54.33333,56.08333,north,east,valid,495
56.8,77.0,north,east,valid,496
47.83333,30.76667,north,east,valid,497
51.15,31.7,north,east,valid,498
30.73111,66.80222,north,east,valid,499
50.75,33.5,north,east,valid,500
41.11667,45.0,north,east,valid,501
55.78333,61.36667,north,east,valid,502
42.25,59.2,north,east,valid,503
37.05,138.38333,north,east,valid,504
29.68333,78.38333,north,east,valid,505
44.51667,39.3,north,east,valid,506
10.83333,76.03333,north,east,valid,507
55.2,75.33333,north,east,valid,508
32.03333,130.63333,north,east,valid,509
47.08333,1.75,north,east,valid,510
20.66667,-101.28333,north,west,valid,511
-37.33333,-61.53333,south,west,valid,512
-31.23333,-58.16667,south,west,valid,513
44.28333,5.58333,north,east,valid,514
26.78333,82.71667,north,east,valid,515
48.76667,0.63333,north,east,valid,516
21.86667,76.03333,north,east,valid,517
24.45,78.56667,north,east,valid,518
47.7,1.06667,north,east,valid,519
43.75,5.11667,north,east,valid,520
58.85,16.73333,north,east,valid,521
46.24167,126.19611,north,east,valid,522
47.75,16.23333,north,east,valid,523
33.13333,115.16667,north,east,valid,524
51.9,-1.11667,north,west,valid,525
52.45,51.56667,north,east,valid,526
47.16667,0.43333,north,east,valid,527
48.53333,-0.86667,north,west,valid,528
35.88333,-99.33333,north,west,valid,529
-25.66667,28.36667,south,east,valid,530
52.66667,-6.96667,north,west,valid,531
34.58333,-87.5,north,west,valid,532
52.26667,32.85,north,east,valid,533
48.35,3.25,north,east,valid,534
50.36667,4.73333,north,east,valid,535
-26.15,26.18333,south,east,valid,536
56.65,15.86667,north,east,valid,537
52.56667,-8.78333,north,west,valid,538
52.75,12.9,north,east,valid,539
31.63333,118.98333,north,east,valid,540
50.2,14.85,north,east,valid,541
37.91667,-92.08333,north,west,valid,542
56.0,26.43333,north,east,valid,543
29.53333,71.8,north,east,valid,544
26.96556,72.62667,north,east,valid,545
38.70066,-77.21163,north,west,valid,546
38.0,-0.83333,north,west,valid,547
36.00833,-95.15,north,west,valid,548
38.25,-85.75,north,west,valid,549
52.0,19.91667,north,east,valid,550
24.95,75.15,north,east,valid,551
47.85,0.48333,north,east,valid,552
32.03333,-84.76667,north,west,valid,553
24.8,103.3,north,east,valid,554
56.21667,13.03333,north,east,valid,555
61.2,27.7,north,east,valid,556
46.21667,5.0,north,east,valid,557
-7.21667,29.43333,south,east,valid,558
19.0,97.0,north,east,valid,559
-5.2,-36.66667,south,west,valid,560
-15.21222,35.24222,south,east,valid,561
-28.83333,31.95,south,east,valid,562
25.91667,86.36667,north,east,valid,563
-7.75,111.53333,south,east,valid,564
40.41667,-3.71667,north,west,valid,565
-26.16667,-49.93333,south,west,valid,566
37.86667,27.51667,north,east,valid,567
-19.48333,31.65,south,east,valid,568
27.66667,95.78333,north,east,valid,569
12.83333,9.38333,north,east,valid,570
32.21667,-104.0,north,west,valid,571
9.5,31.75,north,east,valid,572
-3.13333,33.51667,south,east,valid,573
-28.93333,-63.23333,south,west,valid,574
-29.45,26.76667,south,east,valid,575
45.21667,62.08333,north,east,valid,576
23.05,86.7,north,east,valid,577
20.96667,76.1,north,east,valid,578
-17.65,31.6,south,east,valid,579
45.81667,44.63333,north,east,valid,580
34.23333,72.08333,north,east,valid,581
42.71667,-99.38333,north,west,valid,582
54.76183,11.46745,north,east,valid,583
4.66667,29.25,north,east,valid,584
-22.25,-49.93333,south,west,valid,585
41.9,-91.6,north,west,valid,586
61.5,30.5,north,east,valid,587
44.5,0.15,north,east,valid,588
-14.2,48.1,south,east,valid,589
35.8,-84.1,north,west,valid,590
45.36667,1.86667,north,east,valid,591
48.13333,12.61667,north,east,valid,592
48.18333,13.13333,north,east,valid,593
-20.0,57.0,south,east,valid,594
8.96667,12.08333,north,east,valid,595
24.68333,-101.68333,north,west,valid,596
-1.21667,30.0,south,east,valid,597
1.06667,34.16667,north,east,valid,598
-27.25,-67.5,south,west,valid,599
29.01667,77.8,north,east,valid,600
-6.23333,106.88333,south,east,valid,601
53.18333,13.15,north,east,valid,602
46.81867,7.21817,north,east,valid,603
55.05,12.06667,north,east,valid,604
0.0,37.66667,north,east,valid,605
25.48333,81.98333,north,east,valid,606
38.18333,15.56667,north,east,valid,607
50.58333,11.1,north,east,valid,608
45.76667,3.25,north,east,valid,609
46.5,25.73333,north,east,valid,610
25.9,83.61667,north,east,valid,611
34.8,111.7,north,east,valid,612
54.56667,-1.16667,north,west,valid,613
42.9075,-90.36556,north,west,valid,614
48.06667,30.96667,north,east,valid,615
35.56833,133.22,north,east,valid,616
46.23333,17.53333,north,east,valid,617
46.18333,16.1,north,east,valid,618
-26.45,120.36667,south,east,valid,619
35.4,-92.05,north,west,valid,620
35.07833,136.93333,north,east,valid,621
37.28333,14.7,north,east,valid,622
32.33333,120.66667,north,east,valid,623
47.7,16.6,north,east,valid,624
25.68333,83.25,north,east,valid,625
56.66667,23.0,north,east,valid,626
61.73333,5.93333,north,east,valid,627
46.8,24.03333,north,east,valid,628
38.5,-101.1,north,west,valid,629
-39.63333,174.4,south,east,valid,630
38.11667,-1.16667,north,west,valid,631
-31.25,26.46667,south,east,valid,632
31.60833,-102.85833,north,west,valid,633
35.25,-80.5,north,west,valid,634
38.01667,-8.25,north,west,valid,635
43.26667,13.35,north,east,valid,636
43.39056,1.9625,north,east,valid,637
47.63333,1.58333,north,east,valid,638
-15.96667,27.35,south,east,valid,639
35.41667,-79.38333,north,west,valid,640
52.45,-8.33333,north,west,valid,641
-40.975,145.6,south,east,valid,642
28.78333,78.83333,north,east,valid,643
49.6,18.53333,north,east,valid,644
44.6,5.13333,north,east,valid,645
59.43333,10.7,north,east,valid,646
26.83333,77.33333,north,east,valid,647
45.2,8.5,north,east,valid,648
-29.8,141.7,south,east,valid,649
18.7,4.8,north,east,valid,650
44.08333,6.86667,north,east,valid,651
-11.5,33.5,south,east,valid,652
12.63333,77.01667,north,east,valid,653
9.33333,80.83333,north,east,valid,654
24.5,90.21667,north,east,valid,655
-36.61667,145.2,south,east,valid,656
36.6,-88.1,north,west,valid,657
26.13333,85.53333,north,east,valid,658
23.05,72.63333,north,east,valid,659
12.0,1.0,north,east,valid,660
38.12167,140.06167,north,east,valid,661
26.98333,78.21667,north,east,valid,662
49.16667,19.5,north,east,valid,663
31.31667,30.35,north,east,valid,664
13.73333,100.08333,north,east,valid,665
12.28333,79.2,north,east,valid,666
35.66667,103.5,north,east,valid,667
38.41667,-77.16667,north,west,valid,668
32.11667,121.8,north,east,valid,669
19.25,77.0,north,east,valid,670
33.75,51.5,north,east,valid,671
-34.05,150.68889,south,east,valid,672
42.51667,12.51667,north,east,valid,673
-21.73333,165.9,south,east,valid,674
21.25,83.66667,north,east,valid,675
36.44917,136.46528,north,east,valid,676
18.68333,83.48333,north,east,valid,677
9.5,35.33333,north,east,valid,678
56.5,21.5,north,east,valid,679
47.525,10.80833,north,east,valid,680
40.0,-81.76667,north,west,valid,681
15.36667,35.68333,north,east,valid,682
29.94718,-90.10976,north,west,valid,683
-7.45,111.41667,south,east,valid,684
13.85,-4.38333,north,west,valid,685
49.03333,-1.43333,north,west,valid,686
52.45,78.63333,north,east,valid,687
56.11667,37.33333,north,east,valid,688
29.86667,121.48333,north,east,valid,689
32.925,105.90667,north,east,valid,690
34.2,131.56667,north,east,valid,691
-28.56667,30.7,south,east,valid,692
44.08333,-69.48333,north,west,valid,693
40.08528,-86.055,north,west,valid,694
33.725,130.75,north,east,valid,695
-32.36667,-59.83333,south,west,valid,696
36.21667,-92.26667,north,west,valid,697
39.68333,-99.86667,north,west,valid,698
45.29167,11.52722,north,east,valid,699
54.81667,46.0,north,east,valid,700
58.55,31.33333,north,east,valid,701
56.0,22.0,north,east,valid,702
42.91667,102.46667,north,east,valid,703
24.3,-102.13333,north,west,valid,704
41.63333,0.75,north,east,valid,705
43.33333,141.86667,north,east,valid,706
21.20833,94.91667,north,east,valid,707
47.55,22.025,north,east,valid,708
57.78333,55.26667,north,east,valid,709
52.28333,8.05,north,east,valid,710
58.5,23.0,north,east,valid,711
47.88333,22.03333,north,east,valid,712
33.28333,130.2,north,east,valid,713
46.06667,23.58333,north,east,valid,714
6.75,8.5,north,east,valid,715
38.18333,-5.4,north,west,valid,716
36.18333,139.21667,north,east,valid,717
35.08333,135.2,north,east,valid,718
50.83333,25.5,north,east,valid,719
52.95,8.16667,north,east,valid,720
39.0,-0.03333,north,west,valid,721
38.71667,-7.06667,north,west,valid,722
39.56667,-2.1,north,west,valid,723
64.02,161.80833,north,east,valid,724
43.88333,1.38333,north,east,valid,725
28.5475,-81.36222,north,west,valid,726
47.11667,6.15,north,east,valid,727
48.5,8.0,north,east,valid,728
42.13333,12.93333,north,east,valid,729
58.88333,9.4,north,east,valid,730
38.4,140.35,north,east,valid,731
38.6,-95.21667,north,west,valid,732
12.9,0.08,north,east,valid,733
30.18,-6.57717,north,west,valid,734
24.3,-13.1,north,west,valid,735
37.60833,-8.28,north,west,valid,736
-18.0,16.0,south,east,valid,737
43.4,-5.86667,north,west,valid,738
51.33333,28.83333,north,east,valid,739
21.05,-99.3,north,west,valid,740
55.66667,25.0,north,east,valid,741
17.74333,120.45583,north,east,valid,742
32.31667,-89.71667,north,west,valid,743
-23.11667,-65.1,south,west,valid,744
43.48333,118.61667,north,east,valid,745
39.8,-91.5,north,west,valid,746
21.3,-157.78333,north,west,valid,747
15.08333,120.7,north,east,valid,748
8.06667,124.28333,north,east,valid,749
36.06667,-90.5,north,west,valid,750
-6.23333,-40.7,south,west,valid,751
-19.13333,-51.66667,south,west,valid,752
41.48472,-87.67917,north,west,valid,753
9.23333,78.35,north,east,valid,754
26.2,85.4,north,east,valid,755
36.21667,-103.4,north,west,valid,756
20.93694,82.05,north,east,valid,757
-19.53333,-48.56667,south,west,valid,758
38.13333,14.96667,north,east,valid,759
23.15,91.18333,north,east,valid,760
43.46667,25.51667,north,east,valid,761
52.3,77.03333,north,east,valid,762
48.53333,35.98333,north,east,valid,763
52.03333,43.0,north,east,valid,764
11.33367,-3.54217,north,west,valid,765
56.13333,-117.93333,north,west,valid,766
51.66667,9.25,north,east,valid,767
41.28333,-73.91667,north,west,valid,768
30.125,-103.11667,north,west,valid,769
-10.66667,35.5,south,east,valid,770
23.325,91.0,north,east,valid,771
56.4,-3.43333,north,west,valid,772
56.63333,39.43333,north,east,valid,773
55.5,66.08333,north,east,valid,774
14.052,0.42,north,east,valid,775
35.3,-86.63333,north,west,valid,776
53.53333,-7.33333,north,west,valid,777
40.0,-99.25,north,west,valid,778
11.25,108.58333,north,east,valid,779
12.0,105.48333,north,east,valid,780
15.71667,108.1,north,east,valid,781
44.24417,11.50222,north,east,valid,782
41.36667,-6.23333,north,west,valid,783
58.66667,25.73333,north,east,valid,784
26.03472,73.94167,north,east,valid,785
-32.86667,18.71667,south,east,valid,786
25.8,88.45,north,east,valid,787
29.58333,76.0,north,east,valid,788
31.95,-83.51667,north,west,valid,789
30.7,-96.11667,north,west,valid,790
45.275,26.70972,north,east,valid,791
50.53333,14.11667,north,east,valid,792
11.58333,104.91667,north,east,valid,793
50.93333,12.13333,north,east,valid,794
26.71667,82.66667,north,east,valid,795
66.34833,14.015,north,east,valid,796
53.03639,-4.31944,north,west,valid,797
34.175,-103.295,north,west,valid,798
38.5,-8.0,north,west,valid,799
31.41667,118.5,north,east,valid,800
48.3025,13.94083,north,east,valid,801
49.66667,14.03333,north,east,valid,802
39.11667,-83.85,north,west,valid,803
39.35,-3.51667,north,west,valid,804
23.36667,75.18333,north,east,valid,805
52.76667,21.26667,north,east,valid,806
13.33333,78.95,north,east,valid,807
-29.03333,-53.05,south,west,valid,808
32.08333,121.5,north,east,valid,809
26.53333,106.46667,north,east,valid,810
-30.11667,28.7,south,east,valid,811
17.76667,95.18333,north,east,valid,812
39.0,-0.66667,north,west,valid,813
44.61667,126.13333,north,east,valid,814
46.6,0.25,north,east,valid,815
-26.66667,-65.45,south,west,valid,816
27.72528,76.465,north,east,valid,817
28.225,70.2,north,east,valid,818
52.98333,37.03333,north,east,valid,819
26.45,82.9,north,east,valid,820
24.16667,87.76667,north,east,valid,821
51.88333,6.93333,north,east,valid,822
23.98333,87.08333,north,east,valid,823
19.86667,-100.81667,north,west,valid,824
25.38333,72.01667,north,east,valid,825
38.2,115.7,north,east,valid,826
26.66667,50.15,north,east,valid,827
43.5,26.53333,north,east,valid,828
52.2,17.98333,north,east,valid,829
38.13742,-119.75812,north,west,valid,830
42.475,-5.33333,north,west,valid,831
-6.73333,111.36667,south,east,valid,832
44.76667,11.28333,north,east,valid,833
-32.75,-65.28333,south,west,valid,834
38.66667,116.13333,north,east,valid,835
48.6,45.66667,north,east,valid,836
51.33333,-118.95,north,west,valid,837
28.2,76.66667,north,east,valid,838
35.03333,-83.03333,north,west,valid,839
-44.11667,-66.15,south,west,valid,840
46.88333,-102.31667,north,west,valid,841
31.25,-99.03333,north,west,valid,842
37.46667,-77.5,north,west,valid,843
-26.1,-49.8,south,west,valid,844
45.48333,9.51667,north,east,valid,845
41.08333,-86.28333,north,west,valid,846
-23.38333,150.51667,south,east,valid,847
42.3,0.55,north,east,valid,848
50.35,10.8,north,east,valid,849
44.51667,-83.95,north,west,valid,850
52.76667,-2.51667,north,west,valid,851
-1.45,29.83333,south,east,valid,852
0.26667,36.53333,north,east,valid,853
-10.26667,38.76667,south,east,valid,854
51.13333,34.5,north,east,valid,855
27.43333,82.08333,north,east,valid,856
23.08333,91.66667,north,east,valid,857
51.53333,14.88333,north,east,valid,858
43.73333,1.38333,north,east,valid,859
45.3,0.23333,north,east,valid,860
35.66667,136.3,north,east,valid,861
44.97917,-122.96944,north,west,valid,862
46.05,4.63333,north,east,valid,863
52.75,11.05,north,east,valid,864
25.66667,74.86667,north,east,valid,865
33.48472,-117.6625,north,west,valid,866
43.66667,13.0,north,east,valid,867
-31.01667,-71.4,south,west,valid,868
19.76667,-100.65,north,west,valid,869
-29.2,-51.86667,south,west,valid,870
24.16667,-99.33333,north,west,valid,871
-33.9,-61.7,south,west,valid,872
-31.535556,-68.489444,south,west,valid,873
-20.81,-49.38056,south,west,valid,874
52.55,46.55,north,east,valid,875
34.71667,137.78333,north,east,valid,876
43.15,-0.85,north,west,valid,877
47.21667,29.86667,north,east,valid,878
35.86667,139.4,north,east,valid,879
49.23333,17.56667,north,east,valid,880
53.35,15.05,north,east,valid,881
42.86083,-73.95028,north,west,valid,882
48.11667,10.46667,north,east,valid,883
44.36667,-69.2,north,west,valid,884
38.3,27.13333,north,east,valid,885
26.75,84.78333,north,east,valid,886
-7.23333,107.33333,south,east,valid,887
22.83333,4.98333,north,east,valid,888
22.25,79.0,north,east,valid,889
41.71667,-0.05,north,west,valid,890
39.43833,140.51167,north,east,valid,891
21.68389,79.50083,north,east,valid,892
41.05,23.56667,north,east,valid,893
-8.38333,-36.76667,south,west,valid,894
-19.46667,-44.21667,south,west,valid,895
37.41667,-6.0,north,west,valid,896
50.61667,36.6,north,east,valid,897
34.75,10.71667,north,east,valid,898
23.1,87.3,north,east,valid,899
37.83333,-76.7,north,west,valid,900
44.05,-80.16667,north,west,valid,901
24.55,84.83333,north,east,valid,902
33.65,120.06667,north,east,valid,903
25.85,87.5775,north,east,valid,904
43.5,125.66667,north,east,valid,905
33.71667,74.83333,north,east,valid,906
24.33333,90.16667,north,east,valid,907
43.11667,11.6,north,east,valid,908
46.16,134.65333,north,east,valid,909
20.93333,-101.38333,north,west,valid,910
44.11667,27.26667,north,east,valid,911
49.98333,7.53333,north,east,valid,912
30.9,32.48333,north,east,valid,913
26.21667,69.55,north,east,valid,914
39.3,9.2,north,east,valid,915
42.58333,-103.66667,north,west,valid,916
20.91667,82.58333,north,east,valid,917
39.82467,36.13583,north,east,valid,918
32.43333,119.86667,north,east,valid,919
59.73333,10.86667,north,east,valid,920
45.68333,15.6,north,east,valid,921
55.0,35.0,north,east,valid,922
27.13333,84.06667,north,east,valid,923
43.66667,21.86667,north,east,valid,924
47.36667,1.73333,north,east,valid,925
54.00883,22.005,north,east,valid,926
35.16667,135.33333,north,east,valid,927
45.25,125.0,north,east,valid,928
44.41667,23.5,north,east,valid,929
1.7,33.63333,north,east,valid,930
44.75,0.05,north,east,valid,931
46.95,-1.5,north,west,valid,932
51.05,3.75,north,east,valid,933
48.01667,-1.15,north,west,valid,934
38.7,-90.23333,north,west,valid,935
-32.01667,27.41667,south,east,valid,936
38.16667,-76.38333,north,west,valid,937
48.45,3.93333,north,east,valid,938
61.65,27.2,north,east,valid,939
43.43333,2.95,north,east,valid,940
59.93333,14.95,north,east,valid,941
49.28333,15.56667,north,east,valid,942
45.05,41.98333,north,east,valid,943
50.76667,3.0,north,east,valid,944
53.66667,55.98333,north,east,valid,945
52.53333,9.05,north,east,valid,946
41.2,-73.13333,north,west,valid,947
56.58333,-3.25,north,west,valid,948
50.38333,-3.95,north,west,valid,949
45.96861,-72.97806,north,west,valid,950
36.48333,-90.66667,north,west,valid,951
50.53806,16.26333,north,east,valid,952
31.61667,113.46667,north,east,valid,953
12.66667,78.03333,north,east,valid,954
25.93333,84.28333,north,east,valid,955
44.86667,133.16667,north,east,valid,956
26.71667,84.21667,north,east,valid,957
38.80389,-120.90806,north,west,valid,958
33.18836,-86.2945,north,west,valid,959
49.4,14.65,north,east,valid,960
36.18333,5.41667,north,east,valid,961
59.70444,-134.20139,north,west,valid,962
34.72,137.305,north,east,valid,963
35.38333,134.9,north,east,valid,964
-7.75,112.76667,south,east,valid,965
31.16333,-7.015,north,west,valid,966
35.43333,136.23333,north,east,valid,967
45.4,122.9,north,east,valid,968
32.95,10.41667,north,east,valid,969
19.38333,43.73333,north,east,valid,970
35.13333,44.45,north,east,valid,971
46.71667,23.5,north,east,valid,972
-25.73333,142.95,south,east,valid,973
58.03333,26.95,north,east,valid,974
33.4,70.6,north,east,valid,975
-1.00278,37.15028,south,east,valid,976
-29.33333,27.58333,south,east,valid,977
32.94667,118.99,north,east,valid,978
49.6,17.11667,north,east,valid,979
38.2,-89.68333,north,west,valid,980
14.25,1.53333,north,east,valid,981
54.5,35.2,north,east,valid,982
13.63333,79.41667,north,east,valid,983
29.48195,-7.61123,north,west,valid,984
-7.08333,111.53333,south,east,valid,985
-6.66667,106.58333,south,east,valid,986
47.85,34.76667,north,east,valid,987
20.16667,-105.21667,north,west,valid,988
34.5,133.75,north,east,valid,989
38.36667,140.86556,north,east,valid,990
24.65,76.86667,north,east,valid,991
45.06667,7.66667,north,east,valid,992
42.06667,-104.16667,north,west,valid,993
43.6,1.4,north,east,valid,994
51.73333,102.53333,north,east,valid,995
50.78333,4.76667,north,east,valid,996
52.21667,13.16667,north,east,valid,997
45.46667,10.0,north,east,valid,998
50.91667,9.18333,north,east,valid,999
58.47333,8.86667,north,east,valid,1000
32.16667,-95.1,north,west,valid,1001
61.3,12.3,north,east,valid,1002
36.06333,140.145,north,east,valid,1003
9.66667,105.66667,north,east,valid,1004
45.46667,105.38333,north,east,valid,1005
30.0,90.75,north,east,valid,1006
45.34583,-92.05167,north,west,valid,1007
21.66667,-103.36667,north,west,valid,1008
60.0,5.61667,north,east,valid,1009
57.16667,65.53333,north,east,valid,1010
-19.81667,-48.78333,south,west,valid,1011
11.05,-69.85,north,west,valid,1012
41.76667,62.51667,north,east,valid,1013
7.95,8.08333,north,east,valid,1014
51.65,5.61667,north,east,valid,1015
13.48333,74.78333,north,east,valid,1016
-4.26667,35.35,south,east,valid,1017
46.93333,7.21667,north,east,valid,1018
30.33333,76.33333,north,east,valid,1019
13.46667,31.21667,north,east,valid,1020
66.13889,124.76667,north,east,valid,1021
34.8,127.0,north,east,valid,1022
34.48333,133.28333,north,east,valid,1023
49.975,16.375,north,east,valid,1024
52.11667,5.18333,north,east,valid,1025
47.11667,7.55,north,east,valid,1026
45.41667,11.13333,north,east,valid,1027
11.98333,79.75,north,east,valid,1028
44.86667,9.15,north,east,valid,1029
44.06667,12.1,north,east,valid,1030
9.31667,-70.62833,north,west,valid,1031
-20.85001,-41.73356,south,west,valid,1032
46.15,32.83333,north,east,valid,1033
56.13333,77.26667,north,east,valid,1034
35.33333,51.63333,north,east,valid,1035
48.41667,43.2,north,east,valid,1036
43.5,-91.16667,north,west,valid,1037
57.8,45.8,north,east,valid,1038
44.85,11.4,north,east,valid,1039
42.8,-4.66667,north,west,valid,1040
-25.83333,-56.5,south,west,valid,1041
54.225,-111.69167,north,west,valid,1042
43.53333,22.63333,north,east,valid,1043
23.1,87.43333,north,east,valid,1044
16.83333,80.75,north,east,valid,1045
25.45,70.0,north,east,valid,1046
46.63333,0.16667,north,east,valid,1047
34.33333,-98.3,north,west,valid,1048
38.68333,-91.15,north,west,valid,1049
45.58333,-122.35,north,west,valid,1050
32.79732,21.78713,north,east,valid,1051
48.95,17.38333,north,east,valid,1052
41.266667,-73.266667,north,west,valid,1053
41.7,-72.65,north,west,valid,1054
41.71056,-72.67361,north,west,valid,1055
31.96185,-110.434183,north,west,valid,1056
-26.59278,120.32833,south,east,valid,1057
-26.0,30.0,south,east,valid,1058
-28.66667,18.91667,south,east,valid,1059
-32.5,23.0,south,east,valid,1060
9.0,39.0,north,east,valid,1061
54.13667,-0.41333,north,west,valid,1062
-27.75,115.83333,south,east,valid,1063
42.38467,-83.6115,north,west,valid,1064
36.75,114.25,north,east,valid,1065
35.13333,113.33333,north,east,valid,1066
44.66667,117.5,north,east,valid,1067
32.33333,114.31667,north,east,valid,1068
13.71111,45.17,north,east,valid,1069
1.0,22.5,north,east,valid,1070
21.83333,111.83333,north,east,valid,1071
24.56667,114.16667,north,east,valid,1072
38.93333,48.25,north,east,valid,1073
14.3,79.76667,north,east,valid,1074
37.75,139.0,north,east,valid,1075
41.28333,-73.81667,north,west,valid,1076
34.16667,131.45,north,east,valid,1077
28.71667,116.61667,north,east,valid,1078
47.31667,35.36667,north,east,valid,1079
50.28333,27.68333,north,east,valid,1080
55.18333,27.91667,north,east,valid,1081
27.33333,-9.33333,north,west,valid,1082
11.73333,7.08333,north,east,valid,1083
47.5,83.0,north,east,valid,1084
33.7,133.8,north,east,valid,1085
32.3,112.75,north,east,valid,1086
47.13333,43.9,north,east,valid,1087
44.4,19.11667,north,east,valid,1088
49.88333,13.91667,north,east,valid,1089
55.3,25.0,north,east,valid,1090
45.81667,125.91667,north,east,valid,1091
47.58333,37.25,north,east,valid,1092
39.66667,122.98333,north,east,valid,1093
51.83333,26.83333,north,east,valid,1094
-15.18333,35.28333,south,east,valid,1095
46.93333,21.5,north,east,valid,1096
50.2,30.25,north,east,valid,1097
26.8,-105.41667,north,west,valid,1098
22.72192,48.95937,north,east,valid,1099
36.3,-104.28333,north,west,valid,1100
33.85,-101.8,north,west,valid,1101
60.43333,22.3,north,east,valid,1102
27.23944,29.83583,north,east,valid,1103
27.5,3.61667,north,east,valid,1104
27.61667,3.85,north,east,valid,1105
27.81667,4.03333,north,east,valid,1106
27.58333,3.81667,north,east,valid,1107
27.6,3.83333,north,east,valid,1108
27.63333,3.96667,north,east,valid,1109
27.51667,3.65,north,east,valid,1110
27.53333,3.7,north,east,valid,1111
27.73333,4.08333,north,east,valid,1112
27.75,4.1,north,east,valid,1113
27.75,4.16667,north,east,valid,1114
27.8,4.16667,north,east,valid,1115
27.83333,4.28333,north,east,valid,1116
27.8,4.46667,north,east,valid,1117
27.78333,4.28333,north,east,valid,1118
27.71667,4.48333,north,east,valid,1119
27.73333,4.4,north,east,valid,1120
27.7,4.08333,north,east,valid,1121
27.7,4.06667,north,east,valid,1122
27.55,3.61667,north,east,valid,1123
27.51667,3.83333,north,east,valid,1124
27.51667,3.91667,north,east,valid,1125
27.55,3.93333,north,east,valid,1126
27.58333,3.96667,north,east,valid,1127
27.61667,4.05,north,east,valid,1128
27.66667,4.2,north,east,valid,1129
27.66667,4.25,north,east,valid,1130
27.68333,4.33333,north,east,valid,1131
27.68333,4.41667,north,east,valid,1132
27.66667,4.35,north,east,valid,1133
27.65,4.46667,north,east,valid,1134
27.65,4.43333,north,east,valid,1135
27.63333,4.35,north,east,valid,1136
27.6,4.3,north,east,valid,1137
27.58333,4.25,north,east,valid,1138
27.55,4.13333,north,east,valid,1139
27.53333,4.0,north,east,valid,1140
27.53333,3.91667,north,east,valid,1141
27.46667,3.78333,north,east,valid,1142
27.43333,3.71667,north,east,valid,1143
27.46667,3.83333,north,east,valid,1144
27.55,4.0,north,east,valid,1145
27.78333,4.7,north,east,valid,1146
27.83333,4.7,north,east,valid,1147
27.55,4.08333,north,east,valid,1148
27.41667,3.71667,north,east,valid,1149
27.65,4.5,north,east,valid,1150
27.61667,4.41667,north,east,valid,1151
27.75,4.15,north,east,valid,1152
27.73333,4.05,north,east,valid,1153
27.7,3.93333,north,east,valid,1154
27.5,3.98333,north,east,valid,1155
27.46667,3.88333,north,east,valid,1156
27.38333,3.71667,north,east,valid,1157
27.51667,4.06667,north,east,valid,1158
27.56667,4.16667,north,east,valid,1159
27.6,4.25,north,east,valid,1160
27.6,4.41667,north,east,valid,1161
27.61667,4.56667,north,east,valid,1162
27.5,4.28333,north,east,valid,1163
27.63333,4.06667,north,east,valid,1164
27.71667,4.78333,north,east,valid,1165
27.55,3.7,north,east,valid,1166
27.53333,3.83333,north,east,valid,1167
27.68333,4.48333,north,east,valid,1168
27.63333,4.28333,north,east,valid,1169
27.63333,4.25,north,east,valid,1170
27.53333,3.85,north,east,valid,1171
27.48333,3.83333,north,east,valid,1172
27.51667,3.73333,north,east,valid,1173
27.7,4.35,north,east,valid,1174
27.63333,4.51667,north,east,valid,1175
27.56667,4.15,north,east,valid,1176
27.5,3.68333,north,east,valid,1177
27.53333,3.86667,north,east,valid,1178
27.5,3.48333,north,east,valid,1179
27.48333,3.63333,north,east,valid,1180
27.55,3.86667,north,east,valid,1181
27.58333,3.95,north,east,valid,1182
27.66667,4.18333,north,east,valid,1183
27.7,4.26667,north,east,valid,1184
27.75,4.43333,north,east,valid,1185
27.63333,4.3,north,east,valid,1186
27.5,3.83333,north,east,valid,1187
27.45,4.11667,north,east,valid,1188
27.66667,4.51667,north,east,valid,1189
27.71667,4.13333,north,east,valid,1190
27.73333,4.43333,north,east,valid,1191
27.71667,4.38333,north,east,valid,1192
27.61667,4.2,north,east,valid,1193
27.51667,3.96667,north,east,valid,1194
27.45,3.83333,north,east,valid,1195
27.46667,3.95,north,east,valid,1196
27.53333,4.16667,north,east,valid,1197
27.66667,4.46667,north,east,valid,1198
27.8,4.5,north,east,valid,1199
27.63333,4.36667,north,east,valid,1200
27.5,3.9,north,east,valid,1201
27.45,3.75,north,east,valid,1202
27.5,3.88333,north,east,valid,1203
27.55,3.76667,north,east,valid,1204
27.48333,3.8,north,east,valid,1205
27.65,4.03333,north,east,valid,1206
27.56667,4.03333,north,east,valid,1207
27.6,3.96667,north,east,valid,1208
27.73333,4.16667,north,east,valid,1209
27.73333,4.2,north,east,valid,1210
27.65,4.23333,north,east,valid,1211
27.65,4.3,north,east,valid,1212
27.5,3.66667,north,east,valid,1213
27.46667,3.76667,north,east,valid,1214
27.6,4.05,north,east,valid,1215
27.68333,4.35,north,east,valid,1216
27.51667,3.8,north,east,valid,1217
27.7,4.3,north,east,valid,1218
27.5,4.3,north,east,valid,1219
27.6,4.2,north,east,valid,1220
27.58333,4.0,north,east,valid,1221
27.5,3.76667,north,east,valid,1222
27.76667,4.53333,north,east,valid,1223
27.55,4.03333,north,east,valid,1224
27.46667,4.05,north,east,valid,1225
27.58333,4.08333,north,east,valid,1226
27.66667,4.08333,north,east,valid,1227
27.56667,4.08333,north,east,valid,1228
27.58333,3.85,north,east,valid,1229
27.56667,4.35,north,east,valid,1230
27.66667,4.45,north,east,valid,1231
27.66667,4.28333,north,east,valid,1232
27.63333,4.08333,north,east,valid,1233
27.6,4.11667,north,east,valid,1234
27.58333,4.06667,north,east,valid,1235
27.58333,4.05,north,east,valid,1236
27.56667,3.81667,north,east,valid,1237
27.46667,3.71667,north,east,valid,1238
27.43333,3.75,north,east,valid,1239
27.53333,3.95,north,east,valid,1240
27.55,4.01667,north,east,valid,1241
27.66667,4.23333,north,east,valid,1242
27.66667,4.21667,north,east,valid,1243
27.5,3.93333,north,east,valid,1244
27.66667,4.01667,north,east,valid,1245
27.53333,4.18333,north,east,valid,1246
27.56667,4.33333,north,east,valid,1247
27.51667,4.23333,north,east,valid,1248
27.51667,4.0,north,east,valid,1249
27.6,3.98333,north,east,valid,1250
27.73333,4.11667,north,east,valid,1251
27.65,4.25,north,east,valid,1252
27.66667,4.16667,north,east,valid,1253
27.48333,3.86667,north,east,valid,1254
27.48333,3.85,north,east,valid,1255
27.48333,3.75,north,east,valid,1256
27.46667,3.75,north,east,valid,1257
27.6,4.16667,north,east,valid,1258
27.58333,4.16667,north,east,valid,1259
27.56667,4.01667,north,east,valid,1260
27.46667,3.86667,north,east,valid,1261
27.46667,3.9,north,east,valid,1262
27.58333,4.11667,north,east,valid,1263
27.6,4.18333,north,east,valid,1264
27.65,4.2,north,east,valid,1265
27.56667,3.95,north,east,valid,1266
27.49944,3.68889,north,east,valid,1267
27.52472,3.81139,north,east,valid,1268
27.57694,4.03389,north,east,valid,1269
27.55583,4.14,north,east,valid,1270
27.51694,3.79139,north,east,valid,1271
27.48028,3.85139,north,east,valid,1272
27.50194,3.92111,north,east,valid,1273
27.59222,3.91806,north,east,valid,1274
27.50889,4.60167,north,east,valid,1275
27.57806,4.36917,north,east,valid,1276
27.64639,3.98306,north,east,valid,1277
27.7375,4.32806,north,east,valid,1278
27.69083,4.37861,north,east,valid,1279
27.68806,4.37194,north,east,valid,1280
27.50472,3.88194,north,east,valid,1281
27.49722,3.87028,north,east,valid,1282
27.46472,3.78167,north,east,valid,1283
27.61278,3.71361,north,east,valid,1284
27.68111,4.30694,north,east,valid,1285
27.69,4.37861,north,east,valid,1286
27.64028,4.17056,north,east,valid,1287
27.59972,4.90361,north,east,valid,1288
27.59444,3.88583,north,east,valid,1289
27.54472,3.74306,north,east,valid,1290
27.52139,3.79139,north,east,valid,1291
27.52417,3.79694,north,east,valid,1292
27.5325,3.81361,north,east,valid,1293
27.54194,3.82778,north,east,valid,1294
27.63889,3.93444,north,east,valid,1295
27.64528,3.94389,north,east,valid,1296
27.68444,3.99389,north,east,valid,1297
27.66861,4.425,north,east,valid,1298
27.57389,4.11972,north,east,valid,1299
27.82611,4.24611,north,east,valid,1300
27.74056,4.30833,north,east,valid,1301
27.73472,4.31611,north,east,valid,1302
27.73944,4.32833,north,east,valid,1303
27.71722,4.44806,north,east,valid,1304
27.50111,4.09861,north,east,valid,1305
27.51889,4.01667,north,east,valid,1306
27.51056,3.89111,north,east,valid,1307
27.49167,3.83278,north,east,valid,1308
27.50361,3.67306,north,east,valid,1309
27.48444,3.66639,north,east,valid,1310
27.49833,3.69444,north,east,valid,1311
27.51583,3.72722,north,east,valid,1312
27.52111,3.77333,north,east,valid,1313
27.52472,3.80972,north,east,valid,1314
27.56389,3.92639,north,east,valid,1315
27.69222,3.32167,north,east,valid,1316
27.63611,4.03139,north,east,valid,1317
27.63556,4.02528,north,east,valid,1318
27.62167,3.95361,north,east,valid,1319
27.55139,3.74194,north,east,valid,1320
27.50972,3.88056,north,east,valid,1321
27.51111,3.88444,north,east,valid,1322
27.51361,3.89694,north,east,valid,1323
27.52222,3.94694,north,east,valid,1324
27.64611,4.39722,north,east,valid,1325
27.68528,4.50333,north,east,valid,1326
27.67056,4.34611,north,east,valid,1327
27.52444,3.87361,north,east,valid,1328
27.47556,3.71028,north,east,valid,1329
27.70917,4.42083,north,east,valid,1330
27.67,4.49722,north,east,valid,1331
27.69111,4.3375,north,east,valid,1332
27.69472,4.30639,north,east,valid,1333
27.715,4.19278,north,east,valid,1334
27.72722,4.17056,north,east,valid,1335
27.51056,3.71306,north,east,valid,1336
27.51389,3.87528,north,east,valid,1337
27.51472,3.86556,north,east,valid,1338
27.51861,3.85722,north,east,valid,1339
27.56111,4.05556,north,east,valid,1340
27.57028,4.075,north,east,valid,1341
27.62194,4.45556,north,east,valid,1342
27.63389,4.18722,north,east,valid,1343
27.63361,4.17306,north,east,valid,1344
27.63972,4.14528,north,east,valid,1345
27.63917,4.14278,north,east,valid,1346
27.63861,4.12722,north,east,valid,1347
27.64278,4.06889,north,east,valid,1348
27.53528,3.91278,north,east,valid,1349
27.54222,3.88444,north,east,valid,1350
27.65444,4.27528,north,east,valid,1351
27.70056,4.22944,north,east,valid,1352
27.70611,4.20583,north,east,valid,1353
27.63139,4.10722,north,east,valid,1354
27.79472,4.16722,north,east,valid,1355
27.61667,4.19056,north,east,valid,1356
27.59139,3.98806,north,east,valid,1357
27.47417,3.86417,north,east,valid,1358
27.54528,4.04861,north,east,valid,1359
27.70806,4.24806,north,east,valid,1360
27.71861,4.48611,north,east,valid,1361
27.66583,4.19056,north,east,valid,1362
27.64972,4.01194,north,east,valid,1363
27.48333,3.91556,north,east,valid,1364
27.58278,4.0,north,east,valid,1365
27.63361,4.04139,north,east,valid,1366
27.70917,4.17444,north,east,valid,1367
27.6825,4.42028,north,east,valid,1368
27.59028,4.15194,north,east,valid,1369
27.52722,3.89806,north,east,valid,1370
27.58694,3.96417,north,east,valid,1371
27.60222,3.98528,north,east,valid,1372
27.62361,4.02556,north,east,valid,1373
27.68722,4.18361,north,east,valid,1374
27.42889,3.82,north,east,valid,1375
27.49083,3.89778,north,east,valid,1376
27.55972,4.01028,north,east,valid,1377
27.64556,4.20444,north,east,valid,1378
27.68361,4.25306,north,east,valid,1379
27.50806,3.84417,north,east,valid,1380
27.57861,3.96889,north,east,valid,1381
27.60056,3.99556,north,east,valid,1382
27.66389,4.09806,north,east,valid,1383
27.69972,4.18611,north,east,valid,1384
27.6875,4.245,north,east,valid,1385
27.59278,4.40139,north,east,valid,1386
27.55028,3.99806,north,east,valid,1387
27.55194,3.81611,north,east,valid,1388
27.46056,3.88806,north,east,valid,1389
27.5455,4.06117,north,east,valid,1390
27.55917,4.093,north,east,valid,1391
27.503,3.8795,north,east,valid,1392
27.50083,3.86983,north,east,valid,1393
27.73333,4.21667,north,east,valid,1394
27.58333,4.1,north,east,valid,1395
27.58333,4.01667,north,east,valid,1396
27.73333,4.13333,north,east,valid,1397
27.56667,4.06667,north,east,valid,1398
27.65,4.38333,north,east,valid,1399
27.61667,4.06667,north,east,valid,1400
27.68333,4.26667,north,east,valid,1401
27.71667,4.26667,north,east,valid,1402
27.55,4.2,north,east,valid,1403
27.58333,4.3,north,east,valid,1404
27.59056,4.66278,north,east,valid,1405
27.619722,4.265,north,east,valid,1406
27.73333,4.19833,north,east,valid,1407
27.46472,3.81417,north,east,valid,1408
27.68333,4.3,north,east,valid,1409
27.97933,4.27817,north,east,valid,1410
27.84067,4.31433,north,east,valid,1411
27.672,4.52633,north,east,valid,1412
27.7,4.13333,north,east,valid,1413
27.76667,4.01667,north,east,valid,1414
27.48917,3.89,north,east,valid,1415
27.5005,3.88233,north,east,valid,1416
27.58967,3.781,north,east,valid,1417
27.61233,4.5285,north,east,valid,1418
27.50083,4.87467,north,east,valid,1419
27.76667,4.41667,north,east,valid,1420
27.7,4.48333,north,east,valid,1421
27.48333,3.76667,north,east,valid,1422
27.42958,3.87135,north,east,valid,1423
27.4778,3.70165,north,east,valid,1424
27.58163,4.29388,north,east,valid,1425
27.7,4.51667,north,east,valid,1426
27.60933,3.93567,north,east,valid,1427
26.60933,3.93567,north,east,valid,1428
27.68433,4.42917,north,east,valid,1429
27.68883,4.386,north,east,valid,1430
27.667,4.64833,north,east,valid,1431
27.6725,4.35667,north,east,valid,1432
27.67817,4.46533,north,east,valid,1433
26.61167,3.887,north,east,valid,1434
26.62583,3.94433,north,east,valid,1435
26.60867,4.053,north,east,valid,1436
27.5085,3.76383,north,east,valid,1437
27.6395,3.935,north,east,valid,1438
27.6625,3.97683,north,east,valid,1439
27.4,3.75,north,east,valid,1440
27.4114,3.70467,north,east,valid,1441
27.7,4.45,north,east,valid,1442
27.63333,3.93333,north,east,valid,1443
27.36017,3.7,north,east,valid,1444
27.558,4.015,north,east,valid,1445
27.61667,3.86667,north,east,valid,1446
27.504,3.68167,north,east,valid,1447
27.5025,3.693,north,east,valid,1448
27.59617,4.172,north,east,valid,1449
27.51667,3.86667,north,east,valid,1450
27.58333,4.03333,north,east,valid,1451
27.51867,3.88033,north,east,valid,1452
27.50917,3.88767,north,east,valid,1453
27.512,3.89783,north,east,valid,1454
27.509,3.89583,north,east,valid,1455
27.50217,3.86083,north,east,valid,1456
27.50267,3.8725,north,east,valid,1457
27.50083,3.86617,north,east,valid,1458
27.68917,4.44267,north,east,valid,1459
39.77667,-100.81333,north,west,valid,1460
32.59033,-101.77217,north,west,valid,1461
33.63333,-104.26667,north,west,valid,1462
35.05,-107.56667,north,west,valid,1463
29.31667,-100.96667,north,west,valid,1464
36.9,30.68333,north,east,valid,1465
22.9935,-10.15367,north,west,valid,1466
39.96667,-103.76667,north,west,valid,1467
19.83333,51.25,north,east,valid,1468
-67.18333,142.38333,south,east,valid,1469
38.7,-96.1,north,west,valid,1470
28.05,0.16667,north,east,valid,1471
27.81667,0.13333,north,east,valid,1472
27.13333,0.2,north,east,valid,1473
20.5,9.0,north,east,valid,1474
19.64008,9.35545,north,east,valid,1475
18.5,10.4,north,east,valid,1476
18.61042,10.4941,north,east,valid,1477
17.67987,10.03503,north,east,valid,1478
35.15,-102.71667,north,west,valid,1479
44.86667,95.41667,north,east,valid,1480
64.88333,-163.16667,north,west,valid,1481
31.98457,-5.51528,north,west,valid,1482
30.55,-4.9,north,west,valid,1483
-28.91667,-66.95,south,west,valid,1484
-25.5,-68.4,south,west,valid,1485
26.96667,4.45,north,east,valid,1486
26.96667,4.4,north,east,valid,1487
27.36667,4.5,north,east,valid,1488
27.33333,4.5,north,east,valid,1489
27.43583,4.63861,north,east,valid,1490
27.57639,4.52528,north,east,valid,1491
27.50778,4.60167,north,east,valid,1492
27.47889,4.19806,north,east,valid,1493
27.42861,4.12417,north,east,valid,1494
27.36056,4.94472,north,east,valid,1495
27.35028,4.2025,north,east,valid,1496
27.5175,4.19111,north,east,valid,1497
27.56972,4.52556,north,east,valid,1498
27.57806,4.3225,north,east,valid,1499
27.50972,4.16111,north,east,valid,1500
27.59167,4.31694,north,east,valid,1501
27.4,4.35,north,east,valid,1502
30.7,-105.5,north,west,valid,1503
34.2,-101.5,north,west,valid,1504
42.6,-99.8,north,west,valid,1505
28.4625,1.025,north,east,valid,1506
39.53833,59.55833,north,east,valid,1507
40.15,-103.16667,north,west,valid,1508
30.70952,28.9698,north,east,valid,1509
27.5,-12.5,north,west,valid,1510
19.42,57.18833,north,east,valid,1511
19.27167,57.38667,north,east,valid,1512
19.50695,57.11952,north,east,valid,1513
19.54482,57.09807,north,east,valid,1514
19.84057,57.00848,north,east,valid,1515
19.84067,57.00842,north,east,valid,1516
19.84128,57.00953,north,east,valid,1517
19.84203,57.00747,north,east,valid,1518
19.8423,57.00013,north,east,valid,1519
19.86785,57.0028,north,east,valid,1520
19.86607,57.0032,north,east,valid,1521
19.80252,57.32137,north,east,valid,1522
19.60308,57.03332,north,east,valid,1523
19.65675,57.0433,north,east,valid,1524
19.61287,57.27038,north,east,valid,1525
19.61612,57.2698,north,east,valid,1526
19.64073,57.28857,north,east,valid,1527
19.66453,57.3334,north,east,valid,1528
19.53112,57.08427,north,east,valid,1529
19.3421,57.1693,north,east,valid,1530
19.31468,57.27343,north,east,valid,1531
19.40518,57.26818,north,east,valid,1532
19.40772,57.29878,north,east,valid,1533
19.44533,57.02345,north,east,valid,1534
19.40412,57.27497,north,east,valid,1535
19.32092,57.22977,north,east,valid,1536
19.51053,57.1292,north,east,valid,1537
19.22597,57.54063,north,east,valid,1538
19.14025,57.58427,north,east,valid,1539
19.26795,57.13412,north,east,valid,1540
19.18798,57.10978,north,east,valid,1541
22.80487,55.32742,north,east,valid,1542
22.79853,55.31673,north,east,valid,1543
22.74862,55.37323,north,east,valid,1544
22.74733,55.39522,north,east,valid,1545
22.73342,55.33122,north,east,valid,1546
22.73743,55.3191,north,east,valid,1547
22.73393,55.3204,north,east,valid,1548
22.73797,55.32125,north,east,valid,1549
22.75747,55.41402,north,east,valid,1550
22.74868,55.47218,north,east,valid,1551
22.75978,55.3908,north,east,valid,1552
22.67752,55.34027,north,east,valid,1553
22.68423,55.33652,north,east,valid,1554
22.68598,55.32092,north,east,valid,1555
22.68922,55.32087,north,east,valid,1556
22.69813,55.3336,north,east,valid,1557
22.73852,55.36247,north,east,valid,1558
40.33333,81.25,north,east,valid,1559
32.9,-105.93333,north,west,valid,1560
37.46667,-105.86667,north,west,valid,1561
42.33333,93.0,north,east,valid,1562
41.5,-104.1,north,west,valid,1563
41.41667,-104.1,north,west,valid,1564
46.83333,-117.25,north,west,valid,1565
28.83333,-105.86667,north,west,valid,1566
25.05,-106.0,north,west,valid,1567
35.75,-81.25,north,west,valid,1568
-27.08333,-70.58333,south,west,valid,1569
19.83333,54.08333,north,east,valid,1570
19.7,53.96667,north,east,valid,1571
44.65,-87.46667,north,west,valid,1572
-23.33333,134.11667,south,east,valid,1573
67.88333,167.5,north,east,valid,1574
20.7,52.83333,north,east,valid,1575
37.86667,-117.4,north,west,valid,1576
32.306,-108.9038,north,west,valid,1577
20.6,44.88333,north,east,valid,1578
-76.71695,158.76862,south,east,valid,1579
-76.74253,158.84305,south,east,valid,1580
-76.71128,158.79283,south,east,valid,1581
-76.70522,158.77838,south,east,valid,1582
-76.70558,158.77587,south,east,valid,1583
-76.70552,158.77583,south,east,valid,1584
-76.70552,158.77485,south,east,valid,1585
-76.71215,158.77527,south,east,valid,1586
-76.71263,158.77862,south,east,valid,1587
-76.71255,158.7786,south,east,valid,1588
-76.71733,158.77398,south,east,valid,1589
-76.74403,159.37238,south,east,valid,1590
-76.74245,159.37458,south,east,valid,1591
-76.97691,156.93841,south,east,valid,1592
-76.88426,156.93086,south,east,valid,1593
-77.04666,157.24407,south,east,valid,1594
-76.89661,156.99137,south,east,valid,1595
-77.05074,157.19834,south,east,valid,1596
-77.04867,157.18333,south,east,valid,1597
-77.03788,157.2516,south,east,valid,1598
-76.97697,156.91541,south,east,valid,1599
-76.96353,156.9203,south,east,valid,1600
-77.02778,157.03028,south,east,valid,1601
-77.03342,157.25235,south,east,valid,1602
-76.91278,156.97551,south,east,valid,1603
-76.96674,156.91777,south,east,valid,1604
-76.97126,156.90291,south,east,valid,1605
-77.03648,157.23968,south,east,valid,1606
-76.97442,156.90877,south,east,valid,1607
-77.03694,157.04639,south,east,valid,1608
-77.04025,157.2305,south,east,valid,1609
-77.04408,157.2676,south,east,valid,1610
-76.9791,156.92267,south,east,valid,1611
-76.90581,157.00988,south,east,valid,1612
-77.03722,157.23658,south,east,valid,1613
-76.98507,156.90009,south,east,valid,1614
-76.94677,156.92971,south,east,valid,1615
-77.03811,157.24166,south,east,valid,1616
-76.98262,156.90998,south,east,valid,1617
-76.90692,157.0235,south,east,valid,1618
-76.96966,156.90165,south,east,valid,1619
-76.96339,156.91969,south,east,valid,1620
-76.97495,156.91895,south,east,valid,1621
-77.04237,157.25116,south,east,valid,1622
-76.88366,156.92815,south,east,valid,1623
-76.97583,156.94856,south,east,valid,1624
-76.90256,157.02793,south,east,valid,1625
-76.88761,156.93792,south,east,valid,1626
-76.91276,156.97559,south,east,valid,1627
-76.90694,157.02548,south,east,valid,1628
-77.02778,157.02833,south,east,valid,1629
-76.97795,156.92687,south,east,valid,1630
-77.05047,157.25814,south,east,valid,1631
-77.04673,157.28252,south,east,valid,1632
-77.03743,157.23679,south,east,valid,1633
-76.89166,156.96457,south,east,valid,1634
-76.92489,156.93821,south,east,valid,1635
-77.04713,157.28227,south,east,valid,1636
-76.72109,158.73715,south,east,valid,1637
-76.71158,158.77453,south,east,valid,1638
-76.71111,159.42472,south,east,valid,1639
-76.81849,158.15713,south,east,valid,1640
-76.74472,159.40472,south,east,valid,1641
-76.7188,158.77155,south,east,valid,1642
-76.76806,159.33944,south,east,valid,1643
-76.69167,159.37306,south,east,valid,1644
-76.82204,158.20666,south,east,valid,1645
-76.76991,158.1405,south,east,valid,1646
-76.69389,159.3875,south,east,valid,1647
-76.71356,158.77754,south,east,valid,1648
-76.75889,159.34611,south,east,valid,1649
-76.82229,158.23233,south,east,valid,1650
-76.82221,158.21305,south,east,valid,1651
-76.82256,158.20601,south,east,valid,1652
-76.82235,158.20609,south,east,valid,1653
-76.82236,158.24213,south,east,valid,1654
-76.82229,158.24188,south,east,valid,1655
-76.81315,158.06767,south,east,valid,1656
-76.69694,159.39028,south,east,valid,1657
-76.81791,158.19091,south,east,valid,1658
-76.82248,158.20557,south,east,valid,1659
-76.82106,158.21255,south,east,valid,1660
-76.69139,159.3825,south,east,valid,1661
-76.82234,158.21493,south,east,valid,1662
-76.82234,158.215,south,east,valid,1663
-76.72278,159.36972,south,east,valid,1664
-76.8243,158.22801,south,east,valid,1665
-76.69111,159.38444,south,east,valid,1666
-76.69361,159.39167,south,east,valid,1667
-76.82214,158.23429,south,east,valid,1668
-76.69167,159.38472,south,east,valid,1669
-76.69944,159.39056,south,east,valid,1670
-76.82228,158.21366,south,east,valid,1671
-76.69639,159.39556,south,east,valid,1672
-76.82235,158.21503,south,east,valid,1673
-76.71769,159.36411,south,east,valid,1674
-76.69806,159.3975,south,east,valid,1675
-76.69083,159.37139,south,east,valid,1676
-76.82236,158.21482,south,east,valid,1677
-76.81765,158.19001,south,east,valid,1678
-76.82199,158.21505,south,east,valid,1679
-76.82133,158.17741,south,east,valid,1680
-76.82268,158.21812,south,east,valid,1681
-76.82584,158.22437,south,east,valid,1682
-76.69917,159.39861,south,east,valid,1683
-76.69694,159.39695,south,east,valid,1684
-76.69167,159.38528,south,east,valid,1685
-76.71667,159.66667,south,east,valid,1686
-76.82326,158.21348,south,east,valid,1687
-76.71838,158.76949,south,east,valid,1688
-76.82277,158.21888,south,east,valid,1689
-76.69889,159.39833,south,east,valid,1690
-76.82197,158.21415,south,east,valid,1691
-76.69389,159.38945,south,east,valid,1692
-76.80682,158.03566,south,east,valid,1693
-76.82193,158.21327,south,east,valid,1694
-76.74,159.38167,south,east,valid,1695
-76.71602,158.73123,south,east,valid,1696
-76.71893,158.771,south,east,valid,1697
-76.77111,159.2875,south,east,valid,1698
-76.72038,158.76546,south,east,valid,1699
-76.71088,158.78134,south,east,valid,1700
-76.71951,158.76862,south,east,valid,1701
-76.74194,159.38083,south,east,valid,1702
-76.81435,158.13615,south,east,valid,1703
-76.69944,159.12306,south,east,valid,1704
-76.82202,158.13059,south,east,valid,1705
-76.8128,158.11533,south,east,valid,1706
-76.71424,158.80149,south,east,valid,1707
-76.77046,158.15787,south,east,valid,1708
-76.98533,156.87608,south,east,valid,1709
-77.04164,157.15458,south,east,valid,1710
-76.96968,156.9094,south,east,valid,1711
-76.96391,156.90554,south,east,valid,1712
-77.04139,157.05861,south,east,valid,1713
-76.96393,156.90753,south,east,valid,1714
-76.987,156.87283,south,east,valid,1715
-77.04639,157.07722,south,east,valid,1716
-76.92031,156.77355,south,east,valid,1717
-76.74254,158.82886,south,east,valid,1718
-76.73217,158.6696,south,east,valid,1719
-76.73156,158.67942,south,east,valid,1720
-76.89102,156.89321,south,east,valid,1721
-76.76228,158.77438,south,east,valid,1722
-76.87783,158.50193,south,east,valid,1723
10.26667,40.56667,north,east,valid,1724
-76.88238,158.57931,south,east,valid,1725
-76.86569,158.52417,south,east,valid,1726
-76.88572,158.61378,south,east,valid,1727
-76.87851,158.61831,south,east,valid,1728
-76.88304,158.53214,south,east,valid,1729
-76.8982,158.59203,south,east,valid,1730
-76.88435,158.67508,south,east,valid,1731
-76.88495,158.60279,south,east,valid,1732
-76.88429,158.58777,south,east,valid,1733
-76.88322,158.662,south,east,valid,1734
-76.86224,158.51818,south,east,valid,1735
-76.84714,158.50969,south,east,valid,1736
-76.86997,158.53785,south,east,valid,1737
-76.85453,158.50622,south,east,valid,1738
-76.77022,158.80784,south,east,valid,1739
-76.89846,158.58451,south,east,valid,1740
-76.872,158.54311,south,east,valid,1741
-77.02267,157.02695,south,east,valid,1742
-76.90111,156.78436,south,east,valid,1743
-76.77066,158.8921,south,east,valid,1744
-77.04239,157.07331,south,east,valid,1745
-77.04114,157.08925,south,east,valid,1746
-77.03891,157.07356,south,east,valid,1747
-77.0394,157.07168,south,east,valid,1748
-76.74378,158.8388,south,east,valid,1749
-77.03948,157.0721,south,east,valid,1750
-76.99221,156.97646,south,east,valid,1751
-76.89532,156.83534,south,east,valid,1752
-76.97931,156.96098,south,east,valid,1753
-76.88906,157.05112,south,east,valid,1754
-76.89316,156.95714,south,east,valid,1755
-77.0397,157.0719,south,east,valid,1756
-76.99528,156.97546,south,east,valid,1757
-77.04288,157.07299,south,east,valid,1758
-77.03954,157.07239,south,east,valid,1759
-77.04295,157.07145,south,east,valid,1760
-77.03943,157.07162,south,east,valid,1761
-76.97908,156.96165,south,east,valid,1762
-77.03953,157.07168,south,east,valid,1763
-77.03936,157.07256,south,east,valid,1764
-77.03955,157.07117,south,east,valid,1765
-77.01641,156.97949,south,east,valid,1766
-77.03939,157.07174,south,east,valid,1767
-76.95067,156.93497,south,east,valid,1768
-77.02037,157.00819,south,east,valid,1769
-76.7406,158.81318,south,east,valid,1770
-76.72944,158.74157,south,east,valid,1771
-76.83592,158.25518,south,east,valid,1772
-77.02175,156.99984,south,east,valid,1773
-76.76988,158.80378,south,east,valid,1774
-76.89371,156.98032,south,east,valid,1775
-76.99289,156.95507,south,east,valid,1776
-76.92062,156.8752,south,east,valid,1777
-76.98268,156.9338,south,east,valid,1778
-76.91491,156.9387,south,east,valid,1779
-76.89909,156.83414,south,east,valid,1780
-76.72597,158.64803,south,east,valid,1781
-76.72477,158.71596,south,east,valid,1782
-76.92766,156.94055,south,east,valid,1783
-76.75137,158.84018,south,east,valid,1784
-76.90824,156.8802,south,east,valid,1785
-76.83571,158.26384,south,east,valid,1786
-76.91608,156.97014,south,east,valid,1787
-77.02126,156.98388,south,east,valid,1788
-76.72144,158.76413,south,east,valid,1789
-76.99148,156.96855,south,east,valid,1790
-76.96265,156.92887,south,east,valid,1791
-77.0238,157.01072,south,east,valid,1792
-76.90892,156.87924,south,east,valid,1793
-76.89722,156.8853,south,east,valid,1794
-76.92365,156.95124,south,east,valid,1795
-76.89074,157.05899,south,east,valid,1796
-76.76679,158.79649,south,east,valid,1797
-76.89684,156.88501,south,east,valid,1798
-76.72553,158.71679,south,east,valid,1799
-77.04172,157.02258,south,east,valid,1800
-76.90892,156.8798,south,east,valid,1801
-76.90225,156.92287,south,east,valid,1802
-76.90637,156.96454,south,east,valid,1803
-76.82607,158.22142,south,east,valid,1804
-77.03872,157.21351,south,east,valid,1805
-76.89987,156.97472,south,east,valid,1806
-76.86669,158.52076,south,east,valid,1807
-76.87818,157.00095,south,east,valid,1808
-76.93506,156.91791,south,east,valid,1809
-76.83027,158.31856,south,east,valid,1810
-76.91001,156.72089,south,east,valid,1811
-76.87519,156.98999,south,east,valid,1812
-76.87679,156.99721,south,east,valid,1813
-76.74282,158.83369,south,east,valid,1814
-76.91024,156.79453,south,east,valid,1815
-76.75705,158.76999,south,east,valid,1816
-77.01648,156.97919,south,east,valid,1817
-76.75498,158.76252,south,east,valid,1818
-76.88744,156.93344,south,east,valid,1819
-77.04441,157.14714,south,east,valid,1820
-76.90198,156.76583,south,east,valid,1821
-76.75371,158.76659,south,east,valid,1822
-76.75568,158.76154,south,east,valid,1823
-76.74202,159.28689,south,east,valid,1824
-76.90657,156.81312,south,east,valid,1825
-76.74688,158.8072,south,east,valid,1826
-76.9768,156.91717,south,east,valid,1827
-77.04366,157.09028,south,east,valid,1828
-76.82442,158.38274,south,east,valid,1829
-76.9095,156.69457,south,east,valid,1830
-76.72107,159.35988,south,east,valid,1831
-76.90169,156.78514,south,east,valid,1832
-76.90505,156.94032,south,east,valid,1833
-76.72513,158.7146,south,east,valid,1834
-76.67555,159.30823,south,east,valid,1835
-76.74281,158.83348,south,east,valid,1836
-76.72475,158.7157,south,east,valid,1837
-76.73658,158.8256,south,east,valid,1838
-76.89442,156.85552,south,east,valid,1839
-76.70706,158.73423,south,east,valid,1840
-76.71094,158.74709,south,east,valid,1841
-76.91616,156.82442,south,east,valid,1842
-76.71597,159.36685,south,east,valid,1843
-76.72553,158.71352,south,east,valid,1844
-77.01706,156.96282,south,east,valid,1845
-76.90232,156.83867,south,east,valid,1846
-76.90037,156.77608,south,east,valid,1847
-76.97272,156.90759,south,east,valid,1848
-77.03962,157.14771,south,east,valid,1849
-76.72618,158.71187,south,east,valid,1850
-76.71035,158.78026,south,east,valid,1851
-76.7528,158.76289,south,east,valid,1852
-77.0238,156.99656,south,east,valid,1853
-76.90681,156.84795,south,east,valid,1854
-77.01141,156.94615,south,east,valid,1855
-76.75194,158.80602,south,east,valid,1856
-76.96327,156.92228,south,east,valid,1857
-76.95195,156.91759,south,east,valid,1858
-76.70911,158.73826,south,east,valid,1859
-76.91719,156.88659,south,east,valid,1860
-76.72522,158.71588,south,east,valid,1861
-76.71033,158.78075,south,east,valid,1862
-77.02435,156.97828,south,east,valid,1863
-76.75323,158.76609,south,east,valid,1864
-76.98859,156.96088,south,east,valid,1865
-76.90682,156.71998,south,east,valid,1866
-76.90557,156.85267,south,east,valid,1867
-76.68787,159.35846,south,east,valid,1868
-76.87213,156.98764,south,east,valid,1869
-76.89695,156.9656,south,east,valid,1870
-76.72351,158.70345,south,east,valid,1871
-76.92288,156.81638,south,east,valid,1872
-76.71086,158.72872,south,east,valid,1873
-76.71427,158.77844,south,east,valid,1874
-76.89216,157.07175,south,east,valid,1875
-76.82065,158.25808,south,east,valid,1876
-76.72679,159.15597,south,east,valid,1877
-76.70446,159.38647,south,east,valid,1878
-76.69004,159.35472,south,east,valid,1879
-76.71881,158.65853,south,east,valid,1880
-76.7478,158.84629,south,east,valid,1881
-76.75606,158.78074,south,east,valid,1882
-76.98612,156.87504,south,east,valid,1883
-76.75732,158.9042,south,east,valid,1884
-76.82169,158.21104,south,east,valid,1885
-76.7285,159.26298,south,east,valid,1886
-76.95201,156.93536,south,east,valid,1887
-76.69029,159.38336,south,east,valid,1888
-76.71105,158.74719,south,east,valid,1889
-76.80065,158.12891,south,east,valid,1890
-77.05109,157.06566,south,east,valid,1891
-76.69406,159.35644,south,east,valid,1892
-76.75729,158.90418,south,east,valid,1893
-76.99829,156.93829,south,east,valid,1894
-76.68431,159.3422,south,east,valid,1895
-76.74662,158.85187,south,east,valid,1896
-76.82192,158.24979,south,east,valid,1897
-76.65807,159.32555,south,east,valid,1898
-76.71976,158.68913,south,east,valid,1899
-76.75272,158.76745,south,east,valid,1900
-76.71444,158.70131,south,east,valid,1901
-76.68361,159.33783,south,east,valid,1902
-76.82219,158.32775,south,east,valid,1903
-76.68029,159.34296,south,east,valid,1904
-76.90674,156.82425,south,east,valid,1905
-76.72364,159.41487,south,east,valid,1906
-76.69848,159.39858,south,east,valid,1907
-76.67941,159.34173,south,east,valid,1908
-76.75722,158.90399,south,east,valid,1909
-76.80287,158.16296,south,east,valid,1910
-76.95666,156.90066,south,east,valid,1911
-76.75725,158.78341,south,east,valid,1912
-76.7574,158.90775,south,east,valid,1913
-76.71905,158.76475,south,east,valid,1914
-76.81428,158.14376,south,east,valid,1915
-76.89116,156.89215,south,east,valid,1916
-76.89031,156.99504,south,east,valid,1917
-76.75149,158.76535,south,east,valid,1918
-76.95208,156.93724,south,east,valid,1919
-76.96206,156.93099,south,east,valid,1920
-76.69843,159.39841,south,east,valid,1921
-76.77051,158.81479,south,east,valid,1922
-76.90272,156.85108,south,east,valid,1923
-76.76216,158.79286,south,east,valid,1924
-76.67544,159.30823,south,east,valid,1925
-76.88141,158.58062,south,east,valid,1926
-76.67946,159.34206,south,east,valid,1927
-76.8209,158.25076,south,east,valid,1928
-77.0203,156.91357,south,east,valid,1929
-77.01978,156.91549,south,east,valid,1930
-77.00107,156.91147,south,east,valid,1931
-76.75646,158.91429,south,east,valid,1932
-76.88861,157.03,south,east,valid,1933
-76.67395,159.32548,south,east,valid,1934
-77.02619,156.91944,south,east,valid,1935
-76.69405,159.38838,south,east,valid,1936
-76.65827,159.32682,south,east,valid,1937
-76.67709,159.30462,south,east,valid,1938
-76.71175,158.78789,south,east,valid,1939
-76.6836,159.34932,south,east,valid,1940
-76.73228,158.81663,south,east,valid,1941
-76.75647,158.91425,south,east,valid,1942
-76.9028,156.95373,south,east,valid,1943
-76.71074,158.74629,south,east,valid,1944
-76.7119,158.72942,south,east,valid,1945
-76.95262,156.9376,south,east,valid,1946
-76.75174,158.76483,south,east,valid,1947
-76.70984,159.3266,south,east,valid,1948
-76.69863,159.39845,south,east,valid,1949
-76.80207,158.15703,south,east,valid,1950
-76.68787,159.35847,south,east,valid,1951
-76.76681,158.7999,south,east,valid,1952
-76.97482,156.92322,south,east,valid,1953
-76.80333,158.16446,south,east,valid,1954
-76.90362,157.00926,south,east,valid,1955
-76.96351,156.93272,south,east,valid,1956
-76.86689,158.52155,south,east,valid,1957
-76.90913,156.99222,south,east,valid,1958
-76.69255,159.39066,south,east,valid,1959
-76.98428,156.87774,south,east,valid,1960
-76.75691,158.91155,south,east,valid,1961
-76.95501,156.93549,south,east,valid,1962
-76.89871,156.79221,south,east,valid,1963
-76.96688,156.92161,south,east,valid,1964
-76.99141,156.97536,south,east,valid,1965
-76.9522,156.93703,south,east,valid,1966
-76.7065,158.7323,south,east,valid,1967
-76.96217,156.93101,south,east,valid,1968
-76.9061,156.8297,south,east,valid,1969
-76.7137,158.78281,south,east,valid,1970
-76.73253,159.18976,south,east,valid,1971
-76.90584,156.83258,south,east,valid,1972
-76.72034,158.68736,south,east,valid,1973
-76.75813,158.92426,south,east,valid,1974
-77.05037,157.19686,south,east,valid,1975
-76.8389,156.45213,south,east,valid,1976
-76.91661,156.53194,south,east,valid,1977
-76.90286,156.86987,south,east,valid,1978
-77.035,157.18083,south,east,valid,1979
-76.9776,156.9358,south,east,valid,1980
-76.85224,156.31748,south,east,valid,1981
-76.90541,156.88223,south,east,valid,1982
-76.83662,156.14151,south,east,valid,1983
-76.83697,156.14036,south,east,valid,1984
-76.83631,156.14247,south,east,valid,1985
-76.82728,156.16645,south,east,valid,1986
-77.035,157.18333,south,east,valid,1987
-76.89057,156.46268,south,east,valid,1988
-76.91791,156.70947,south,east,valid,1989
-76.90892,156.52294,south,east,valid,1990
-76.99984,156.95922,south,east,valid,1991
-76.9033,156.75663,south,east,valid,1992
-76.88268,156.49194,south,east,valid,1993
-76.91508,156.53178,south,east,valid,1994
-76.90701,156.78603,south,east,valid,1995
-76.85498,156.46606,south,east,valid,1996
-76.84391,156.36709,south,east,valid,1997
-76.83755,156.41507,south,east,valid,1998
-76.84525,156.43343,south,east,valid,1999
-76.85539,156.47991,south,east,valid,2000
-76.85858,156.26751,south,east,valid,2001
-76.91433,156.63032,south,east,valid,2002
-76.84829,156.43594,south,east,valid,2003
-76.83961,156.40872,south,east,valid,2004
-76.88918,156.51355,south,east,valid,2005
-76.89914,156.5252,south,east,valid,2006
-76.86321,156.43632,south,east,valid,2007
-76.86198,156.43418,south,east,valid,2008
-76.92308,156.58744,south,east,valid,2009
-76.73732,159.39194,south,east,valid,2010
-76.83831,156.33386,south,east,valid,2011
-76.75225,159.38956,south,east,valid,2012
-76.82632,156.13873,south,east,valid,2013
-76.90414,156.68119,south,east,valid,2014
-76.81776,156.03075,south,east,valid,2015
-76.70547,159.38484,south,east,valid,2016
-76.90211,156.8671,south,east,valid,2017
-76.91425,156.5072,south,east,valid,2018
-76.70541,159.38493,south,east,valid,2019
-76.85985,156.43234,south,east,valid,2020
-76.90369,156.87059,south,east,valid,2021
-76.86304,156.51124,south,east,valid,2022
-76.75243,159.38912,south,east,valid,2023
-76.87975,156.49207,south,east,valid,2024
-76.87869,156.49742,south,east,valid,2025
-76.83928,156.46772,south,east,valid,2026
-76.82352,156.13328,south,east,valid,2027
-76.90146,156.70958,south,east,valid,2028
-76.84514,156.45805,south,east,valid,2029
-76.90372,156.75302,south,east,valid,2030
-76.84703,156.32009,south,east,valid,2031
-76.8422,156.44009,south,east,valid,2032
-76.91077,156.6584,south,east,valid,2033
-76.90145,156.68738,south,east,valid,2034
-76.84005,156.22913,south,east,valid,2035
-76.84217,156.39145,south,east,valid,2036
-76.84511,156.20617,south,east,valid,2037
-76.86188,156.50066,south,east,valid,2038
-76.84218,156.39302,south,east,valid,2039
-76.83619,156.44564,south,east,valid,2040
-76.91131,156.5405,south,east,valid,2041
-76.67948,159.34227,south,east,valid,2042
-76.68239,159.3454,south,east,valid,2043
-76.8404,156.42909,south,east,valid,2044
-76.83832,156.33708,south,east,valid,2045
-76.9025,156.72098,south,east,valid,2046
-76.89064,156.53174,south,east,valid,2047
-76.91335,156.66997,south,east,valid,2048
-76.90183,156.70375,south,east,valid,2049
-76.90442,156.69078,south,east,valid,2050
-76.68699,159.34667,south,east,valid,2051
-76.84301,156.48181,south,east,valid,2052
-76.91079,156.53846,south,east,valid,2053
-76.91622,156.55717,south,east,valid,2054
-76.89823,156.48377,south,east,valid,2055
-76.92089,156.62782,south,east,valid,2056
-76.90259,156.68577,south,east,valid,2057
-76.90317,156.67366,south,east,valid,2058
-76.82813,156.11587,south,east,valid,2059
-76.84838,156.42015,south,east,valid,2060
-76.85056,156.31035,south,east,valid,2061
-76.90266,156.72064,south,east,valid,2062
-76.68045,159.34413,south,east,valid,2063
-76.91511,156.64643,south,east,valid,2064
-76.8994,156.81605,south,east,valid,2065
-76.85437,156.22563,south,east,valid,2066
-76.85415,156.43673,south,east,valid,2067
-76.91071,156.53156,south,east,valid,2068
-76.69828,159.3885,south,east,valid,2069
-76.84001,156.18101,south,east,valid,2070
-76.84357,156.24042,south,east,valid,2071
-76.91725,156.51686,south,east,valid,2072
-76.85055,156.2912,south,east,valid,2073
-76.83955,156.19667,south,east,valid,2074
-76.8527,156.20849,south,east,valid,2075
-76.86028,156.43726,south,east,valid,2076
-76.84062,156.3701,south,east,valid,2077
-76.91572,156.67262,south,east,valid,2078
-76.84577,156.43552,south,east,valid,2079
-76.92345,156.54071,south,east,valid,2080
-76.91052,156.53479,south,east,valid,2081
-76.90675,156.66508,south,east,valid,2082
-76.8502,156.3107,south,east,valid,2083
-76.70592,159.39232,south,east,valid,2084
-76.90198,156.67686,south,east,valid,2085
-76.85329,156.30473,south,east,valid,2086
-76.91857,156.58304,south,east,valid,2087
-76.83682,156.45274,south,east,valid,2088
-76.90129,156.71473,south,east,valid,2089
-76.71561,159.37424,south,east,valid,2090
-76.83338,156.17453,south,east,valid,2091
-76.84749,156.32356,south,east,valid,2092
-76.84468,156.42927,south,east,valid,2093
-76.75241,159.38914,south,east,valid,2094
-76.91188,156.65122,south,east,valid,2095
-76.88684,156.52579,south,east,valid,2096
-76.86039,156.50627,south,east,valid,2097
-76.9892,156.93936,south,east,valid,2098
-76.84996,156.31083,south,east,valid,2099
-76.90519,156.75363,south,east,valid,2100
-76.82138,156.03642,south,east,valid,2101
-76.85114,156.29878,south,east,valid,2102
-76.85107,156.29756,south,east,valid,2103
-77.04626,157.09876,south,east,valid,2104
-76.90304,156.70502,south,east,valid,2105
-76.84277,156.40228,south,east,valid,2106
-76.85471,156.47724,south,east,valid,2107
-76.83509,156.36197,south,east,valid,2108
-76.83523,156.44748,south,east,valid,2109
-76.90705,156.66818,south,east,valid,2110
-76.90833,156.96202,south,east,valid,2111
-76.83541,156.44315,south,east,valid,2112
-76.83635,156.34682,south,east,valid,2113
-76.84689,156.32119,south,east,valid,2114
-76.69837,159.38364,south,east,valid,2115
-76.91533,156.98908,south,east,valid,2116
-76.83877,156.16673,south,east,valid,2117
-76.90149,156.70939,south,east,valid,2118
-76.89556,156.47672,south,east,valid,2119
-76.83519,156.37561,south,east,valid,2120
-76.91421,156.53947,south,east,valid,2121
-76.84284,156.47912,south,east,valid,2122
-76.67951,159.34254,south,east,valid,2123
-76.8302,156.07011,south,east,valid,2124
-76.84811,156.43685,south,east,valid,2125
-76.83646,156.45113,south,east,valid,2126
-76.89897,156.49871,south,east,valid,2127
-76.87787,156.49901,south,east,valid,2128
-76.856,156.32705,south,east,valid,2129
-76.69517,159.36667,south,east,valid,2130
-76.72584,159.40905,south,east,valid,2131
-76.72947,159.41326,south,east,valid,2132
-76.70619,159.3658,south,east,valid,2133
-76.70806,159.30975,south,east,valid,2134
-76.70562,159.39189,south,east,valid,2135
-76.73104,159.41678,south,east,valid,2136
-76.73058,159.41622,south,east,valid,2137
-76.73102,159.41686,south,east,valid,2138
-76.73103,159.41682,south,east,valid,2139
-76.72907,159.41208,south,east,valid,2140
-76.72951,159.41482,south,east,valid,2141
-76.75009,159.34471,south,east,valid,2142
-76.70624,159.3175,south,east,valid,2143
-76.76492,159.43019,south,east,valid,2144
-76.73942,159.38213,south,east,valid,2145
-76.70388,159.35405,south,east,valid,2146
-76.74904,159.2888,south,east,valid,2147
-76.69222,159.29576,south,east,valid,2148
-76.72211,158.69336,south,east,valid,2149
-76.70741,159.32372,south,east,valid,2150
-76.72991,158.75414,south,east,valid,2151
-76.73304,158.75694,south,east,valid,2152
-76.72606,158.77571,south,east,valid,2153
-76.69325,159.34809,south,east,valid,2154
-76.69227,159.32884,south,east,valid,2155
-76.72213,158.71676,south,east,valid,2156
-76.72395,158.74208,south,east,valid,2157
-76.72243,158.7182,south,east,valid,2158
-76.69166,159.31404,south,east,valid,2159
-76.73142,158.72211,south,east,valid,2160
-76.68229,159.33794,south,east,valid,2161
-76.69239,159.33052,south,east,valid,2162
-76.68388,159.26182,south,east,valid,2163
-76.69307,159.29598,south,east,valid,2164
-76.72723,159.40941,south,east,valid,2165
-76.68984,159.35622,south,east,valid,2166
-76.71493,159.36729,south,east,valid,2167
-76.72729,159.37476,south,east,valid,2168
-76.68052,159.32914,south,east,valid,2169
-76.68225,159.31149,south,east,valid,2170
-76.7264,158.76884,south,east,valid,2171
-76.69101,159.32006,south,east,valid,2172
-76.69948,159.30986,south,east,valid,2173
-76.69152,159.31626,south,east,valid,2174
-76.72653,159.37696,south,east,valid,2175
-76.72683,158.71811,south,east,valid,2176
-76.69395,159.29327,south,east,valid,2177
-76.72018,159.4026,south,east,valid,2178
-76.70119,159.31068,south,east,valid,2179
-76.68219,159.31165,south,east,valid,2180
-76.7248,159.35382,south,east,valid,2181
-76.723,158.74015,south,east,valid,2182
-76.69471,159.28726,south,east,valid,2183
-76.72481,158.70501,south,east,valid,2184
-76.68127,159.34557,south,east,valid,2185
-76.72216,158.73966,south,east,valid,2186
-76.68656,159.34901,south,east,valid,2187
-76.70495,159.09493,south,east,valid,2188
-76.71162,159.15043,south,east,valid,2189
-76.70061,159.30934,south,east,valid,2190
-76.68947,159.3436,south,east,valid,2191
-76.7003,159.30852,south,east,valid,2192
-76.68948,159.33485,south,east,valid,2193
-76.69005,159.38471,south,east,valid,2194
-76.70593,159.15664,south,east,valid,2195
-76.72056,159.40262,south,east,valid,2196
-76.71543,159.36496,south,east,valid,2197
-76.69458,159.28725,south,east,valid,2198
-76.72006,159.40151,south,east,valid,2199
-76.69255,159.30145,south,east,valid,2200
-76.68156,159.31,south,east,valid,2201
-76.73086,158.70316,south,east,valid,2202
-76.68252,159.34506,south,east,valid,2203
-76.70534,159.36925,south,east,valid,2204
-76.69154,159.29707,south,east,valid,2205
-76.69016,159.38525,south,east,valid,2206
-76.72146,158.71186,south,east,valid,2207
-76.71667,159.33333,south,east,valid,2208
-76.71086,159.15038,south,east,valid,2209
-76.72315,158.72353,south,east,valid,2210
-76.69205,159.29708,south,east,valid,2211
-76.72249,158.7338,south,east,valid,2212
-76.68789,159.38628,south,east,valid,2213
-76.68231,159.31165,south,east,valid,2214
-76.68052,159.32969,south,east,valid,2215
-76.69106,159.28169,south,east,valid,2216
-76.69341,159.40893,south,east,valid,2217
-76.73561,159.37968,south,east,valid,2218
-76.72511,159.19525,south,east,valid,2219
-76.70085,159.39389,south,east,valid,2220
-76.7232,159.27343,south,east,valid,2221
-76.72984,159.21444,south,east,valid,2222
-76.73758,159.40921,south,east,valid,2223
-76.9512,156.93593,south,east,valid,2224
-76.95444,156.93741,south,east,valid,2225
-76.96706,156.90663,south,east,valid,2226
-76.97131,156.90059,south,east,valid,2227
-76.97765,156.92485,south,east,valid,2228
-76.98079,156.93013,south,east,valid,2229
-77.01668,156.92231,south,east,valid,2230
-77.01544,156.93008,south,east,valid,2231
-77.02314,156.98036,south,east,valid,2232
-76.76098,159.45252,south,east,valid,2233
-76.75,159.33333,south,east,valid,2234
-76.75,159.5,south,east,valid,2235
-76.70306,159.38944,south,east,valid,2236
-76.70306,159.39166,south,east,valid,2237
-76.68917,159.36111,south,east,valid,2238
-76.70306,159.39306,south,east,valid,2239
-76.70139,159.35361,south,east,valid,2240
-76.70167,159.35333,south,east,valid,2241
-76.69778,159.34611,south,east,valid,2242
-76.70472,159.32334,south,east,valid,2243
-76.70194,159.39444,south,east,valid,2244
-76.69306,159.32666,south,east,valid,2245
-76.7025,159.36667,south,east,valid,2246
-76.70361,159.33444,south,east,valid,2247
-76.70528,159.32694,south,east,valid,2248
-76.70278,159.39333,south,east,valid,2249
-76.68972,159.36333,south,east,valid,2250
-76.68194,159.32,south,east,valid,2251
-76.69556,159.35555,south,east,valid,2252
-76.70194,159.39389,south,east,valid,2253
-76.70306,159.39278,south,east,valid,2254
-76.69972,159.09889,south,east,valid,2255
-76.70222,159.36611,south,east,valid,2256
-76.69917,159.35778,south,east,valid,2257
-76.70889,159.31167,south,east,valid,2258
-76.69833,159.34056,south,east,valid,2259
-76.70389,159.18,south,east,valid,2260
-76.70194,159.36833,south,east,valid,2261
-76.70056,159.40111,south,east,valid,2262
-76.69028,159.36417,south,east,valid,2263
-76.68917,159.365,south,east,valid,2264
-76.70306,159.37083,south,east,valid,2265
-76.70278,159.40139,south,east,valid,2266
-76.70167,159.36889,south,east,valid,2267
-76.70194,159.36472,south,east,valid,2268
-76.70472,159.32389,south,east,valid,2269
-76.68944,159.36333,south,east,valid,2270
-76.69806,159.34195,south,east,valid,2271
-76.69528,159.35611,south,east,valid,2272
-76.70195,159.36861,south,east,valid,2273
-76.77389,159.275,south,east,valid,2274
-76.69028,159.2525,south,east,valid,2275
-76.77389,159.27611,south,east,valid,2276
-76.72833,159.29278,south,east,valid,2277
-76.77417,159.27556,south,east,valid,2278
-76.69028,159.25444,south,east,valid,2279
-76.77111,159.28722,south,east,valid,2280
-76.77139,159.28833,south,east,valid,2281
-76.77333,159.28167,south,east,valid,2282
-76.75195,159.32472,south,east,valid,2283
-76.77361,159.27556,south,east,valid,2284
-76.77278,159.28305,south,east,valid,2285
-76.77278,159.28417,south,east,valid,2286
-76.77389,159.27722,south,east,valid,2287
-76.77361,159.28056,south,east,valid,2288
-76.77361,159.27861,south,east,valid,2289
-76.75972,159.31028,south,east,valid,2290
-76.77222,159.28583,south,east,valid,2291
-76.77333,159.28194,south,east,valid,2292
-76.71,159.36917,south,east,valid,2293
-76.69611,159.34333,south,east,valid,2294
-76.68944,159.36889,south,east,valid,2295
-76.69639,159.32944,south,east,valid,2296
-76.77194,159.28528,south,east,valid,2297
-76.74111,159.29667,south,east,valid,2298
-76.68944,159.25611,south,east,valid,2299
-76.68861,159.25667,south,east,valid,2300
-76.68528,159.25833,south,east,valid,2301
-76.69056,159.3725,south,east,valid,2302
-76.68944,159.36917,south,east,valid,2303
-76.76111,159.34417,south,east,valid,2304
-76.69083,159.3725,south,east,valid,2305
-76.70111,159.40305,south,east,valid,2306
-76.66011,159.32783,south,east,valid,2307
-76.70583,159.25083,south,east,valid,2308
-76.81838,158.1734,south,east,valid,2309
-76.83018,158.25893,south,east,valid,2310
-76.69194,159.26805,south,east,valid,2311
-76.68972,159.24917,south,east,valid,2312
-76.69444,159.39111,south,east,valid,2313
-76.69778,159.30389,south,east,valid,2314
-76.68889,159.37889,south,east,valid,2315
-76.72611,159.41028,south,east,valid,2316
-76.70528,159.305,south,east,valid,2317
-76.74756,158.84338,south,east,valid,2318
-76.71139,159.35889,south,east,valid,2319
-76.71367,158.78126,south,east,valid,2320
-76.73294,158.80698,south,east,valid,2321
-76.77361,159.2775,south,east,valid,2322
-76.82601,158.19412,south,east,valid,2323
-76.82743,158.21117,south,east,valid,2324
-76.69333,159.07667,south,east,valid,2325
-76.83077,158.23057,south,east,valid,2326
-76.82851,158.22522,south,east,valid,2327
-76.83005,158.22164,south,east,valid,2328
-76.67844,159.26614,south,east,valid,2329
-76.69389,159.37306,south,east,valid,2330
-76.68139,159.34667,south,east,valid,2331
-76.69,159.26305,south,east,valid,2332
-76.68972,159.2775,south,east,valid,2333
-76.70139,159.38861,south,east,valid,2334
-76.705,159.37944,south,east,valid,2335
-76.69806,159.3875,south,east,valid,2336
-76.72181,158.75819,south,east,valid,2337
-76.7294,158.80028,south,east,valid,2338
-76.69694,159.26778,south,east,valid,2339
-76.71782,158.70964,south,east,valid,2340
-76.68972,159.26583,south,east,valid,2341
-76.69333,159.18333,south,east,valid,2342
-76.68455,159.26114,south,east,valid,2343
-76.7219,158.76158,south,east,valid,2344
-76.72216,158.76318,south,east,valid,2345
-76.71852,158.76464,south,east,valid,2346
-76.71945,158.76506,south,east,valid,2347
-76.71025,158.78377,south,east,valid,2348
-76.71419,158.7785,south,east,valid,2349
-76.71059,158.78497,south,east,valid,2350
-76.72141,158.76213,south,east,valid,2351
-76.71006,158.78252,south,east,valid,2352
-76.71099,158.78637,south,east,valid,2353
-76.71074,158.78633,south,east,valid,2354
-76.71796,158.80719,south,east,valid,2355
-76.68889,159.35889,south,east,valid,2356
-76.68417,159.35667,south,east,valid,2357
-76.68556,159.3575,south,east,valid,2358
-76.68556,159.35778,south,east,valid,2359
-76.71754,158.73242,south,east,valid,2360
-76.71745,158.73343,south,east,valid,2361
-76.70167,159.40083,south,east,valid,2362
-76.65816,159.32088,south,east,valid,2363
-76.65844,159.31977,south,east,valid,2364
-76.69333,159.38305,south,east,valid,2365
-76.68806,159.36084,south,east,valid,2366
-76.69555,159.33083,south,east,valid,2367
-76.68778,159.36056,south,east,valid,2368
-76.68778,159.36028,south,east,valid,2369
-76.67944,159.34278,south,east,valid,2370
-76.68361,159.33889,south,east,valid,2371
-76.69778,159.3975,south,east,valid,2372
-76.70333,159.36861,south,east,valid,2373
-76.70472,159.36333,south,east,valid,2374
-76.69139,159.38778,south,east,valid,2375
-76.69222,159.39055,south,east,valid,2376
-76.69306,159.39222,south,east,valid,2377
-76.69278,159.39222,south,east,valid,2378
-76.69306,159.39194,south,east,valid,2379
-76.69278,159.39167,south,east,valid,2380
-76.71496,158.78541,south,east,valid,2381
-76.71192,158.78327,south,east,valid,2382
-76.66344,159.33089,south,east,valid,2383
-76.7675,159.32222,south,east,valid,2384
-76.7147,158.74467,south,east,valid,2385
-76.73169,158.80715,south,east,valid,2386
-76.75139,159.33361,south,east,valid,2387
-76.69861,159.39583,south,east,valid,2388
-76.8249,158.20806,south,east,valid,2389
-76.71601,158.74679,south,east,valid,2390
-76.68122,159.26086,south,east,valid,2391
-76.71669,158.7306,south,east,valid,2392
-76.77417,159.28306,south,east,valid,2393
-76.70028,159.3425,south,east,valid,2394
-76.68444,159.34,south,east,valid,2395
-76.68444,159.35722,south,east,valid,2396
-76.82468,158.21135,south,east,valid,2397
-76.68121,159.26531,south,east,valid,2398
-76.7114,158.77833,south,east,valid,2399
-76.68889,159.25278,south,east,valid,2400
-76.67455,159.26114,south,east,valid,2401
-76.68889,159.36389,south,east,valid,2402
-76.69917,159.39639,south,east,valid,2403
-76.66344,159.31894,south,east,valid,2404
-76.71728,158.71375,south,east,valid,2405
-76.70389,159.35972,south,east,valid,2406
-76.70306,159.39972,south,east,valid,2407
-76.70139,159.40333,south,east,valid,2408
-76.71303,158.79779,south,east,valid,2409
-76.70194,159.36722,south,east,valid,2410
-76.6875,159.35805,south,east,valid,2411
-76.70667,159.41444,south,east,valid,2412
-76.68805,159.36028,south,east,valid,2413
-76.69,159.34278,south,east,valid,2414
-76.69389,159.39361,south,east,valid,2415
-76.69222,159.295,south,east,valid,2416
-76.69361,159.34333,south,east,valid,2417
-76.69389,159.39194,south,east,valid,2418
-76.70944,159.38583,south,east,valid,2419
-76.69472,159.38944,south,east,valid,2420
-76.68722,159.35695,south,east,valid,2421
-76.69472,159.38972,south,east,valid,2422
-76.68861,159.38,south,east,valid,2423
-76.68917,159.34639,south,east,valid,2424
-76.70945,159.36889,south,east,valid,2425
-76.68444,159.35806,south,east,valid,2426
-76.65816,159.32144,south,east,valid,2427
-76.67972,159.33694,south,east,valid,2428
-76.68611,159.35056,south,east,valid,2429
-76.69167,159.29195,south,east,valid,2430
-76.70917,159.38778,south,east,valid,2431
-76.69472,159.39028,south,east,valid,2432
-76.70528,159.36083,south,east,valid,2433
-76.68861,159.38333,south,east,valid,2434
-76.69111,159.38611,south,east,valid,2435
-76.69639,159.38389,south,east,valid,2436
-76.68583,159.33889,south,east,valid,2437
-76.68889,159.37972,south,east,valid,2438
-76.6825,159.3475,south,east,valid,2439
-76.69194,159.39111,south,east,valid,2440
-76.69139,159.38583,south,east,valid,2441
-76.68806,159.38,south,east,valid,2442
-76.71667,159.35472,south,east,valid,2443
-76.71382,158.77108,south,east,valid,2444
-76.69139,159.29,south,east,valid,2445
-76.70417,159.3975,south,east,valid,2446
-76.66205,159.33645,south,east,valid,2447
-76.68722,159.35333,south,east,valid,2448
-76.81603,158.154,south,east,valid,2449
-76.68278,159.34722,south,east,valid,2450
-76.68139,159.34445,south,east,valid,2451
-76.69945,159.3075,south,east,valid,2452
-76.68861,159.37972,south,east,valid,2453
-76.70056,159.36611,south,east,valid,2454
-76.70111,159.25139,south,east,valid,2455
-76.67649,159.25196,south,east,valid,2456
-76.70778,159.3675,south,east,valid,2457
-76.69917,159.3975,south,east,valid,2458
-76.69139,159.39,south,east,valid,2459
-76.68917,159.38361,south,east,valid,2460
-76.72278,159.37111,south,east,valid,2461
-76.69861,159.39639,south,east,valid,2462
-76.67705,159.26697,south,east,valid,2463
-76.66899,159.30365,south,east,valid,2464
-76.67705,159.26642,south,east,valid,2465
-76.70944,159.37,south,east,valid,2466
-76.69278,159.31833,south,east,valid,2467
-76.65705,159.32311,south,east,valid,2468
-76.72333,159.275,south,east,valid,2469
-76.70333,159.39667,south,east,valid,2470
-76.69056,159.35139,south,east,valid,2471
-76.67094,159.32366,south,east,valid,2472
-76.69194,159.38805,south,east,valid,2473
-76.68833,159.36139,south,east,valid,2474
-76.71662,158.73396,south,east,valid,2475
-76.69361,159.39417,south,east,valid,2476
-76.68306,159.34611,south,east,valid,2477
-76.6825,159.33,south,east,valid,2478
-76.68555,159.33305,south,east,valid,2479
-76.69472,159.38417,south,east,valid,2480
-76.69333,159.3925,south,east,valid,2481
-76.68806,159.36111,south,east,valid,2482
-76.695,159.38611,south,east,valid,2483
-76.68111,159.34611,south,east,valid,2484
-76.71049,158.78481,south,east,valid,2485
-76.68417,159.3575,south,east,valid,2486
-76.71452,158.79664,south,east,valid,2487
-76.68889,159.38305,south,east,valid,2488
-76.68038,159.27753,south,east,valid,2489
-76.68639,159.34889,south,east,valid,2490
-76.68778,159.36,south,east,valid,2491
-76.71556,159.28917,south,east,valid,2492
-76.65705,159.32339,south,east,valid,2493
-76.7,159.36861,south,east,valid,2494
-76.68417,159.35305,south,east,valid,2495
-76.68333,159.2975,south,east,valid,2496
-76.68306,159.3475,south,east,valid,2497
-76.71308,158.78166,south,east,valid,2498
-76.71222,159.34444,south,east,valid,2499
-76.68667,159.34333,south,east,valid,2500
-76.70417,159.36472,south,east,valid,2501
-76.68333,159.34861,south,east,valid,2502
-76.69306,159.3925,south,east,valid,2503
-76.69222,159.34972,south,east,valid,2504
-76.68889,159.36444,south,east,valid,2505
-76.70111,159.40333,south,east,valid,2506
-76.68722,159.35639,south,east,valid,2507
-76.66205,159.34617,south,east,valid,2508
-76.68861,159.36389,south,east,valid,2509
-76.68111,159.34417,south,east,valid,2510
-76.70472,159.34056,south,east,valid,2511
-76.68778,159.35667,south,east,valid,2512
-76.69849,159.39596,south,east,valid,2513
-76.66816,159.29476,south,east,valid,2514
-76.68972,159.25083,south,east,valid,2515
-76.71464,158.79803,south,east,valid,2516
-76.69167,159.29945,south,east,valid,2517
-76.68944,159.38417,south,east,valid,2518
-76.69806,159.25945,south,east,valid,2519
-76.70611,159.41139,south,east,valid,2520
-76.71664,158.73072,south,east,valid,2521
-76.70778,159.37722,south,east,valid,2522
-76.69417,159.39361,south,east,valid,2523
-76.67972,159.33639,south,east,valid,2524
-76.68889,159.36417,south,east,valid,2525
-76.68806,159.36139,south,east,valid,2526
-76.6875,159.35361,south,east,valid,2527
-76.69611,159.38778,south,east,valid,2528
-76.6726,159.2767,south,east,valid,2529
-76.65899,159.34395,south,east,valid,2530
-76.71015,158.78264,south,east,valid,2531
-76.69972,159.39889,south,east,valid,2532
-76.82225,158.183,south,east,valid,2533
-76.69111,159.38695,south,east,valid,2534
-76.77333,159.27861,south,east,valid,2535
-76.69805,159.33778,south,east,valid,2536
-76.70083,159.40306,south,east,valid,2537
-76.7648,159.29344,south,east,valid,2538
-76.71176,158.7867,south,east,valid,2539
-76.6776,159.31116,south,east,valid,2540
-76.65927,159.34367,south,east,valid,2541
-76.70667,159.41417,south,east,valid,2542
-76.70083,159.40222,south,east,valid,2543
-76.71222,159.34583,south,east,valid,2544
-76.695,159.38667,south,east,valid,2545
-76.70361,159.36,south,east,valid,2546
-76.68722,159.26306,south,east,valid,2547
-76.66149,159.33228,south,east,valid,2548
-76.7172,158.73028,south,east,valid,2549
-76.70139,159.40028,south,east,valid,2550
-76.67288,159.27976,south,east,valid,2551
-76.69833,159.39667,south,east,valid,2552
-76.68917,159.36417,south,east,valid,2553
-76.68083,159.34444,south,east,valid,2554
-76.65955,159.31255,south,east,valid,2555
-76.69,159.36,south,east,valid,2556
-76.7147,158.77672,south,east,valid,2557
-76.69389,159.39417,south,east,valid,2558
-76.68861,159.36889,south,east,valid,2559
-76.68583,159.34305,south,east,valid,2560
-76.69167,159.39028,south,east,valid,2561
-76.69083,159.355,south,east,valid,2562
-76.68417,159.34139,south,east,valid,2563
-76.68889,159.34722,south,east,valid,2564
-76.71372,158.77938,south,east,valid,2565
-76.6975,159.39722,south,east,valid,2566
-76.68083,159.34583,south,east,valid,2567
-76.70917,159.35916,south,east,valid,2568
-76.68806,159.35583,south,east,valid,2569
-76.70667,159.30972,south,east,valid,2570
-76.69111,159.29583,south,east,valid,2571
-76.6925,159.39111,south,east,valid,2572
-76.67149,159.28253,south,east,valid,2573
-76.67677,159.26753,south,east,valid,2574
-76.69306,159.29972,south,east,valid,2575
-76.7475,159.37639,south,east,valid,2576
-76.68417,159.35722,south,east,valid,2577
-76.69194,159.39055,south,east,valid,2578
-76.68861,159.38305,south,east,valid,2579
-76.69361,159.39416,south,east,valid,2580
33.1,-96.7,north,west,valid,2581
33.1,-102.95,north,west,valid,2582
39.6,-100.11667,north,west,valid,2583
30.66667,-5.16667,north,west,valid,2584
49.76667,18.25,north,east,valid,2585
40.56667,-110.48333,north,west,valid,2586
43.32222,-96.28889,north,west,valid,2587
24.94778,6.94306,north,east,valid,2588
35.16667,-97.88333,north,west,valid,2589
20.58333,-104.06667,north,west,valid,2590
40.8,-99.2,north,west,valid,2591
49.65,29.63333,north,east,valid,2592
44.25,-88.25,north,west,valid,2593
52.33333,-104.86667,north,west,valid,2594
45.2,-93.43333,north,west,valid,2595
32.73458,-2.95797,north,west,valid,2596
39.33333,-97.56167,north,west,valid,2597
-21.65972,140.90694,south,east,valid,2598
40.90183,-118.54465,north,west,valid,2599
37.08333,-98.05,north,west,valid,2600
32.00584,-106.56028,north,west,valid,2601
33.7825,-102.18111,north,west,valid,2602
66.9,164.2,north,east,valid,2603
31.66667,-4.06667,north,west,valid,2604
33.45,-111.51667,north,west,valid,2605
39.75,-105.2,north,west,valid,2606
17.7,-97.0,north,west,valid,2607
53.3,126.11667,north,east,valid,2608
38.8,-102.2,north,west,valid,2609
29.06,74.44,north,east,valid,2610
55.14167,48.2,north,east,valid,2611
41.41667,-99.1,north,west,valid,2612
34.15,-103.22,north,west,valid,2613
38.68867,-109.58517,north,west,valid,2614
18.21233,10.17767,north,east,valid,2615
37.26667,-97.76667,north,west,valid,2616
30.33333,-109.98333,north,west,valid,2617
31.59391,-111.37023,north,west,valid,2618
44.6,-94.1,north,west,valid,2619
18.673,7.34225,north,east,valid,2620
-23.33333,134.66667,south,east,valid,2621
47.0,88.0,north,east,valid,2622
39.76667,-102.13333,north,west,valid,2623
-26.5,141.08333,south,east,valid,2624
20.6,52.5,north,east,valid,2625
39.3,-103.25,north,west,valid,2626
-29.06667,139.91667,south,east,valid,2627
-25.43333,17.91667,south,east,valid,2628
35.58333,-82.53333,north,west,valid,2629
35.25,-112.5,north,west,valid,2630
32.9,-102.28333,north,west,valid,2631
21.875,49.71944,north,east,valid,2632
29.35944,14.25528,north,east,valid,2633
29.37972,14.26972,north,east,valid,2634
29.35833,14.24833,north,east,valid,2635
29.36583,14.27611,north,east,valid,2636
29.3945,14.29233,north,east,valid,2637
26.0,92.0,north,east,valid,2638
19.26667,5.91667,north,east,valid,2639
22.75,51.16667,north,east,valid,2640
21.25417,55.305,north,east,valid,2641
-72.83333,24.5,south,east,valid,2642
-72.0,26.0,south,east,valid,2643
23.98611,32.62361,north,east,valid,2644
31.8,-92.75,north,west,valid,2645
37.25,-98.13333,north,west,valid,2646
40.51667,-103.26667,north,west,valid,2647
34.38063,-114.16705,north,west,valid,2648
32.63333,-85.5,north,west,valid,2649
38.16667,-79.08333,north,west,valid,2650
48.06667,35.08333,north,east,valid,2651
36.33333,-105.05,north,west,valid,2652
-26.66667,16.25,south,east,valid,2653
-30.85,122.31667,south,east,valid,2654
31.66,-96.97167,north,west,valid,2655
17.75793,53.99032,north,east,valid,2656
-31.61667,118.03333,south,east,valid,2657
36.3,-82.88333,north,west,valid,2658
49.32222,1.36556,north,east,valid,2659
26.2,-107.83333,north,west,valid,2660
34.613317,-113.398967,north,west,valid,2661
44.31667,9.98333,north,east,valid,2662
38.6,58.0,north,east,valid,2663
41.28333,-77.05,north,west,valid,2664
-22.75,120.83333,south,east,valid,2665
-37.57083,143.82533,south,east,valid,2666
31.76667,-99.98333,north,west,valid,2667
-27.7,115.76667,south,east,valid,2668
-7.53133,-46.04117,south,west,valid,2669
19.08833,99.01389,north,east,valid,2670
-23.3,-69.88333,south,west,valid,2671
-21.21667,-43.93333,south,west,valid,2672
45.05778,9.19556,north,east,valid,2673
46.1,12.35,north,east,valid,2674
-28.08333,-69.33333,south,west,valid,2675
-35.3,144.56667,south,east,valid,2676
30.78333,-103.46667,north,west,valid,2677
30.83333,-97.5,north,west,valid,2678
46.7,113.28333,north,east,valid,2679
34.0,-101.5,north,west,valid,2680
-80.25,153.5,south,east,valid,2681
43.13333,-102.1,north,west,valid,2682
55.54867,35.2995,north,east,valid,2683
41.81667,-103.36667,north,west,valid,2684
-33.0,-56.0,south,west,valid,2685
-36.8,143.55,south,east,valid,2686
39.6,-105.3,north,west,valid,2687
44.5,-104.2,north,west,valid,2688
36.8,-100.53333,north,west,valid,2689
38.48417,-113.13639,north,west,valid,2690
30.83333,-3.33333,north,west,valid,2691
-76.03333,160.18333,south,east,valid,2692
38.53333,-100.21667,north,west,valid,2693
36.21667,-103.65,north,west,valid,2694
35.66117,-115.33333,north,west,valid,2695
-72.58333,31.25,south,east,valid,2696
24.9,-105.4,north,west,valid,2697
37.31667,-97.25,north,west,valid,2698
-28.08333,24.08333,south,east,valid,2699
49.5,-113.0,north,west,valid,2700
42.73333,-90.35,north,west,valid,2701
30.36194,5.30083,north,east,valid,2702
25.33333,83.0,north,east,valid,2703
-30.75,117.78333,south,east,valid,2704
-10.11667,-39.2,south,west,valid,2705
-37.15,148.91667,south,east,valid,2706
41.0,-97.53333,north,west,valid,2707
49.76667,14.63333,north,east,valid,2708
30.16667,-5.66667,north,west,valid,2709
33.58333,-99.8,north,west,valid,2710
43.5,-101.25,north,west,valid,2711
53.05,8.1,north,east,valid,2712
46.75,36.81667,north,east,valid,2713
50.43845,-95.52937,north,west,valid,2714
34.23333,-103.38333,north,west,valid,2715
34.24667,-103.395,north,west,valid,2716
39.3,-102.41667,north,west,valid,2717
45.4633,55.23497,north,east,valid,2718
-31.01667,131.31667,south,east,valid,2719
-31.03297,131.28547,south,east,valid,2720
-31.01964,131.30394,south,east,valid,2721
-31.03278,131.28553,south,east,valid,2722
33.71333,-113.275,north,west,valid,2723
-30.55,130.96667,south,east,valid,2724
67.3,160.8,north,east,valid,2725
37.06667,-93.55,north,west,valid,2726
-30.13333,126.36667,south,east,valid,2727
-34.31667,149.38333,south,east,valid,2728
-29.88333,150.56667,south,east,valid,2729
-31.4875,122.12389,south,east,valid,2730
-34.225,146.38167,south,east,valid,2731
19.41667,51.03333,north,east,valid,2732
31.66667,8.41667,north,east,valid,2733
25.57117,12.37117,north,east,valid,2734
31.481,9.84069,north,east,valid,2735
31.93833,10.28403,north,east,valid,2736
31.49972,9.87722,north,east,valid,2737
31.87164,10.19361,north,east,valid,2738
31.89689,10.19572,north,east,valid,2739
31.89831,10.19528,north,east,valid,2740
31.92181,10.1875,north,east,valid,2741
31.92644,10.18961,north,east,valid,2742
51.95,62.2,north,east,valid,2743
38.0,-108.5,north,west,valid,2744
38.30667,-99.71,north,west,valid,2745
49.96667,6.53333,north,east,valid,2746
35.58333,-82.35,north,west,valid,2747
40.86717,-119.18352,north,west,valid,2748
34.20583,-103.22222,north,west,valid,2749
40.5,-101.08333,north,west,valid,2750
52.77,-106.89667,north,west,valid,2751
39.91667,-101.2,north,west,valid,2752
-25.0,-69.5,south,west,valid,2753
33.59167,-103.02667,north,west,valid,2754
45.5,-77.0,north,west,valid,2755
38.66167,-115.51833,north,west,valid,2756
-41.18333,148.03333,south,east,valid,2757
35.8675,-114.19167,north,west,valid,2758
35.26667,-107.96667,north,west,valid,2759
40.2495,-118.93683,north,west,valid,2760
40.24148,-118.94763,north,west,valid,2761
40.26752,-118.94308,north,west,valid,2762
40.27537,-118.9461,north,west,valid,2763
40.28563,-118.94657,north,west,valid,2764
40.28338,-118.94808,north,west,valid,2765
40.28247,-118.94872,north,west,valid,2766
40.27957,-118.94642,north,west,valid,2767
40.2628,-118.95912,north,west,valid,2768
40.26667,-118.93333,north,west,valid,2769
40.2819,-118.94693,north,west,valid,2770
29.87861,-96.87222,north,west,valid,2771
29.86306,-96.92667,north,west,valid,2772
-26.92383,-49.05883,south,west,valid,2773
33.65167,-103.70833,north,west,valid,2774
-17.16667,-43.83333,south,west,valid,2775
57.85,114.2,north,east,valid,2776
29.8,-98.8,north,west,valid,2777
52.5,68.8,north,east,valid,2778
49.05,13.76667,north,east,valid,2779
57.63333,83.36667,north,east,valid,2780
-23.5,133.83333,south,east,valid,2781
13.51667,122.45,north,east,valid,2782
26.26667,-81.75,north,west,valid,2783
37.21667,-117.08333,north,west,valid,2784
-31.15,149.11667,south,east,valid,2785
-30.06667,141.06667,south,east,valid,2786
-29.46667,128.35,south,east,valid,2787
33.26667,-116.38333,north,west,valid,2788
37.5,-79.75,north,west,valid,2789
31.15643,-5.15262,north,west,valid,2790
28.3125,0.23333,north,east,valid,2791
26.6325,-12.81025,north,west,valid,2792
26.74853,-12.70978,north,west,valid,2793
26.81089,-12.71864,north,west,valid,2794
26.707,-12.759,north,west,valid,2795
26.819,-12.724,north,west,valid,2796
31.98333,-3.2,north,west,valid,2797
34.685,-114.323,north,west,valid,2798
33.96667,-114.06667,north,west,valid,2799
44.92222,5.26778,north,east,valid,2800
-33.0,26.4,south,east,valid,2801
-83.5,165.0,south,east,valid,2802
48.68333,-97.16667,north,west,valid,2803
48.78333,-97.35,north,west,valid,2804
-22.61667,135.2,south,east,valid,2805
-31.3,138.38333,south,east,valid,2806
31.05,-99.46667,north,west,valid,2807
52.5,30.33333,north,east,valid,2808
41.15333,-96.955,north,west,valid,2809
40.81,-101.80167,north,west,valid,2810
37.5825,-99.16361,north,west,valid,2811
39.25,-101.33333,north,west,valid,2812
35.71667,-81.86667,north,west,valid,2813
40.66667,-104.31667,north,west,valid,2814
34.35,-101.4,north,west,valid,2815
36.56667,-82.18333,north,west,valid,2816
-30.58333,23.55,south,east,valid,2817
41.43333,-99.7,north,west,valid,2818
-31.83333,141.76667,south,east,valid,2819
33.28333,-102.96667,north,west,valid,2820
33.275,-102.96,north,west,valid,2821
38.69667,-99.70833,north,west,valid,2822
33.21667,-102.18333,north,west,valid,2823
33.135,-102.27833,north,west,valid,2824
38.295,-121.405,north,west,valid,2825
63.11667,14.28333,north,east,valid,2826
52.26667,-105.35,north,west,valid,2827
34.72453,-114.20883,north,west,valid,2828
34.73245,-114.22257,north,west,valid,2829
34.71933,-114.20783,north,west,valid,2830
34.7345,-114.21717,north,west,valid,2831
34.70108,-114.18845,north,west,valid,2832
34.70337,-114.19097,north,west,valid,2833
-32.95556,136.1375,south,east,valid,2834
50.56667,114.9,north,east,valid,2835
29.8,-107.55,north,west,valid,2836
32.24611,-99.99306,north,west,valid,2837
-29.62917,116.48222,south,east,valid,2838
38.84833,-98.72383,north,west,valid,2839
3.98333,41.65,north,east,valid,2840
38.23333,-99.53333,north,west,valid,2841
66.4,137.46667,north,east,valid,2842
32.03333,-99.25,north,west,valid,2843
63.8,149.0,north,east,valid,2844
42.75,-75.18333,north,west,valid,2845
-32.05,126.16667,south,east,valid,2846
39.86667,-106.88333,north,west,valid,2847
35.33333,-99.15,north,west,valid,2848
-31.96667,125.83333,south,east,valid,2849
50.65,-109.9,north,west,valid,2850
-30.0,20.0,south,east,valid,2851
41.23333,-103.9,north,west,valid,2852
38.3,-94.36667,north,west,valid,2853
24.5,-104.8,north,west,valid,2854
-36.4,-59.5,south,west,valid,2855
35.0,-98.33333,north,west,valid,2856
-34.06667,139.75,south,east,valid,2857
-27.05,-70.8,south,west,valid,2858
37.03333,-97.625,north,west,valid,2859
-24.266,-70.03333,south,west,valid,2860
-24.25,-70.51667,south,west,valid,2861
36.08333,-92.15,north,west,valid,2862
28.41667,-98.25,north,west,valid,2863
43.2,-78.8,north,west,valid,2864
-30.31667,126.61667,south,east,valid,2865
-30.08333,126.61667,south,east,valid,2866
-30.11667,126.91667,south,east,valid,2867
-30.31667,126.56667,south,east,valid,2868
-30.28333,126.51667,south,east,valid,2869
-30.29167,126.5875,south,east,valid,2870
-30.1085,126.62483,south,east,valid,2871
-30.11967,126.8835,south,east,valid,2872
-30.1255,126.89,south,east,valid,2873
-30.134,126.8915,south,east,valid,2874
-30.13333,126.8905,south,east,valid,2875
-30.12433,126.88667,south,east,valid,2876
-30.11967,126.8985,south,east,valid,2877
-30.11883,126.88533,south,east,valid,2878
-30.022,126.5525,south,east,valid,2879
-30.0225,126.552,south,east,valid,2880
-30.07967,126.88917,south,east,valid,2881
-30.06383,126.88417,south,east,valid,2882
-30.0855,126.90117,south,east,valid,2883
-30.08733,126.90167,south,east,valid,2884
-30.09867,126.8855,south,east,valid,2885
-30.09867,126.88533,south,east,valid,2886
-30.09167,126.88883,south,east,valid,2887
-30.1845,126.68367,south,east,valid,2888
-30.18417,126.7,south,east,valid,2889
-30.31667,126.6,south,east,valid,2890
-30.11683,126.8755,south,east,valid,2891
-30.12283,126.888,south,east,valid,2892
-30.13933,126.901,south,east,valid,2893
-30.11967,126.86683,south,east,valid,2894
-30.107,126.84217,south,east,valid,2895
-30.119,126.838,south,east,valid,2896
-30.32,126.606,south,east,valid,2897
-30.1085,126.52717,south,east,valid,2898
-30.30883,126.5845,south,east,valid,2899
-30.3685,126.6125,south,east,valid,2900
33.88098,-111.78558,north,west,valid,2901
29.7725,-99.875,north,west,valid,2902
37.36667,-85.36667,north,west,valid,2903
-14.258,-49.15917,south,west,valid,2904
-27.66667,-67.11667,south,west,valid,2905
-27.46667,-60.58333,south,west,valid,2906
34.2,-84.48333,north,west,valid,2907
34.96667,-101.93333,north,west,valid,2908
40.9,-123.1,north,west,valid,2909
35.05,-111.03333,north,west,valid,2910
38.18333,-109.88333,north,west,valid,2911
-33.5,26.0,south,east,valid,2912
76.13333,-64.93333,north,west,valid,2913
-45.28333,-70.48333,south,west,valid,2914
20.12593,10.2056,north,east,valid,2915
29.66667,-111.5,north,west,valid,2916
-24.0,-69.0,south,west,valid,2917
-32.1,125.68333,south,east,valid,2918
32.91745,-114.767183,north,west,valid,2919
27.93333,-107.05,north,west,valid,2920
-29.16667,127.08333,south,east,valid,2921
-29.16667,127.16667,south,east,valid,2922
-29.15,127.16667,south,east,valid,2923
-29.18333,127.16667,south,east,valid,2924
31.91667,-98.03333,north,west,valid,2925
35.16667,-98.64389,north,west,valid,2926
-37.98333,140.98333,south,east,valid,2927
-29.23333,139.93333,south,east,valid,2928
36.26667,-85.98333,north,west,valid,2929
-29.75,141.03333,south,east,valid,2930
32.0,-86.0,north,west,valid,2931
30.4,-107.8,north,west,valid,2932
37.25,-85.0,north,west,valid,2933
35.84778,-97.70333,north,west,valid,2934
-33.1,-61.13333,south,west,valid,2935
-22.46667,-42.21667,south,west,valid,2936
44.495,11.35556,north,east,valid,2937
-41.5,145.41667,south,east,valid,2938
32.14833,-111.11167,north,west,valid,2939
-25.23333,-69.71667,south,west,valid,2940
-25.20467,-69.82858,south,west,valid,2941
51.965,-107.43833,north,west,valid,2942
31.7045,-110.77917,north,west,valid,2943
44.221494,-98.059192,north,west,valid,2944
39.7,-98.98333,north,west,valid,2945
29.82806,-96.90861,north,west,valid,2946
34.01667,-85.26667,north,west,valid,2947
34.2,-100.48333,north,west,valid,2948
-22.21667,-68.90833,south,west,valid,2949
-14.53321,-75.77511,south,west,valid,2950
24.33333,-102.13333,north,west,valid,2951
36.2,-102.45,north,west,valid,2952
48.45,-72.06667,north,west,valid,2953
-26.5,-70.25,south,west,valid,2954
33.24558,-111.89633,north,west,valid,2955
31.33333,121.66667,north,east,valid,2956
35.71667,-102.28333,north,west,valid,2957
23.08333,-101.01667,north,west,valid,2958
69.1,172.6,north,east,valid,2959
53.66667,88.0,north,east,valid,2960
51.53333,94.6,north,east,valid,2961
34.7,-81.2,north,west,valid,2962
36.00217,-116.19633,north,west,valid,2963
36.5,-104.2,north,west,valid,2964
36.0,-104.5,north,west,valid,2965
29.0,-103.25,north,west,valid,2966
28.66667,-106.11667,north,west,valid,2967
59.33333,-136.0,north,west,valid,2968
14.5,-90.5,north,west,valid,2969
51.05833,94.4,north,east,valid,2970
20.25,-12.68333,north,west,valid,2971
33.01222,-114.86667,north,west,valid,2972
-29.91667,129.83333,south,east,valid,2973
35.25,-118.09067,north,west,valid,2974
33.5,-85.66667,north,west,valid,2975
27.0,-105.1,north,west,valid,2976
37.85,-100.35,north,west,valid,2977
39.11667,-84.5,north,west,valid,2978
34.02806,-102.68,north,west,valid,2979
34.905,-100.91333,north,west,valid,2980
34.93611,-100.94167,north,west,valid,2981
43.7,-104.7,north,west,valid,2982
12.5,-137.7,north,west,valid,2983
38.0,-84.16667,north,west,valid,2984
34.34667,-101.49,north,west,valid,2985
34.34833,-101.65833,north,west,valid,2986
32.31667,-97.41667,north,west,valid,2987
36.43333,-98.43333,north,west,valid,2988
34.88333,-84.78333,north,west,valid,2989
39.1,-103.25833,north,west,valid,2990
36.08333,-84.2,north,west,valid,2991
11.7,-137.8,north,west,valid,2992
34.45,-111.36667,north,west,valid,2993
34.3,-103.13472,north,west,valid,2994
34.3,-103.13333,north,west,valid,2995
28.7,-102.73333,north,west,valid,2996
-22.56667,-70.25,south,west,valid,2997
-26.66667,120.16667,south,east,valid,2998
-32.13333,141.03333,south,east,valid,2999
-31.93333,126.21667,south,east,valid,3000
-32.81667,134.8,south,east,valid,3001
37.01667,-95.66667,north,west,valid,3002
39.41667,-101.05,north,west,valid,3003
55.18333,-162.55,north,west,valid,3004
37.26667,-99.33333,north,west,valid,3005
41.35,-99.11667,north,west,valid,3006
35.3,-81.73333,north,west,valid,3007
37.43333,-3.65,north,west,valid,3008
24.01667,-104.66667,north,west,valid,3009
35.35,-98.68333,north,west,valid,3010
38.83333,-104.83333,north,west,valid,3011
46.57056,-117.09861,north,west,valid,3012
31.82967,-107.3945,north,west,valid,3013
-29.6,126.50667,south,east,valid,3014
-29.785,126.58833,south,east,valid,3015
32.01667,-98.7,north,west,valid,3016
31.99167,-98.65167,north,west,valid,3017
-31.2,138.3,south,east,valid,3018
40.266667,-94.683333,north,west,valid,3019
32.0,-101.5,north,west,valid,3020
44.08333,-1.31667,north,west,valid,3021
-30.33333,130.53333,south,east,valid,3022
-30.25,130.66667,south,east,valid,3023
-30.31833,129.06333,south,east,valid,3024
-30.70167,130.45611,south,east,valid,3025
-30.24833,130.54083,south,east,valid,3026
-30.50683,130.404,south,east,valid,3027
-30.61667,130.41667,south,east,valid,3028
-30.16967,130.70533,south,east,valid,3029
-30.23433,130.60067,south,east,valid,3030
-30.91378,130.90386,south,east,valid,3031
-30.94775,130.90858,south,east,valid,3032
36.16667,-85.51667,north,west,valid,3033
-34.96667,148.125,south,east,valid,3034
-34.81667,147.13333,south,east,valid,3035
38.03333,-101.98333,north,west,valid,3036
-35.41667,139.75,south,east,valid,3037
35.0,-111.0,north,west,valid,3038
-29.85,140.7,south,east,valid,3039
36.43333,-87.0,north,west,valid,3040
-30.45,126.1,south,east,valid,3041
39.66667,-102.83333,north,west,valid,3042
39.68333,-102.845,north,west,valid,3043
-27.3,-70.4,south,west,valid,3044
34.30333,-112.16617,north,west,valid,3045
35.405,-98.74889,north,west,valid,3046
-33.06667,-61.0,south,west,valid,3047
-36.0,146.36667,south,east,valid,3048
34.95,-107.16667,north,west,valid,3049
-26.03333,-70.33333,south,west,valid,3050
37.35,-108.68333,north,west,valid,3051
35.78333,-83.25,north,west,valid,3052
-27.95,122.88333,south,east,valid,3053
36.83333,-105.23333,north,west,valid,3054
41.36667,-98.63333,north,west,valid,3055
38.46483,-105.7015,north,west,valid,3056
34.83333,-112.01667,north,west,valid,3057
39.2,-98.78333,north,west,valid,3058
-33.3,136.01667,south,east,valid,3059
-33.85,148.68333,south,east,valid,3060
35.05017,-116.76683,north,west,valid,3061
35.04753,-116.73092,north,west,valid,3062
35.08808,-116.75398,north,west,valid,3063
35.0715,-116.77205,north,west,valid,3064
35.05605,-116.7763,north,west,valid,3065
35.09373,-116.76343,north,west,valid,3066
35.07667,-116.74667,north,west,valid,3067
35.05242,-116.7667,north,west,valid,3068
35.05878,-116.773,north,west,valid,3069
35.05817,-116.7743,north,west,valid,3070
35.03815,-116.7531,north,west,valid,3071
35.07402,-116.76117,north,west,valid,3072
35.05073,-116.76698,north,west,valid,3073
35.04625,-116.73547,north,west,valid,3074
35.05865,-116.76872,north,west,valid,3075
35.05847,-116.769,north,west,valid,3076
35.0501,-116.74443,north,west,valid,3077
35.05893,-116.76872,north,west,valid,3078
35.05947,-116.7685,north,west,valid,3079
35.06917,-116.7502,north,west,valid,3080
35.06785,-116.7494,north,west,valid,3081
35.07028,-116.74847,north,west,valid,3082
35.0925,-116.76083,north,west,valid,3083
35.05283,-116.76645,north,west,valid,3084
35.05283,-116.76538,north,west,valid,3085
35.06725,-116.74853,north,west,valid,3086
35.05602,-116.72368,north,west,valid,3087
35.05607,-116.72365,north,west,valid,3088
35.07362,-116.76372,north,west,valid,3089
35.06847,-116.76905,north,west,valid,3090
35.06152,-116.76295,north,west,valid,3091
35.07802,-116.76777,north,west,valid,3092
35.07,-116.77,north,west,valid,3093
35.05835,-116.77403,north,west,valid,3094
35.06888,-116.76197,north,west,valid,3095
35.05475,-116.75432,north,west,valid,3096
35.05452,-116.73005,north,west,valid,3097
35.08838,-116.75283,north,west,valid,3098
35.05717,-116.7205,north,west,valid,3099
35.04008,-116.75553,north,west,valid,3100
35.03842,-116.75818,north,west,valid,3101
35.08958,-116.75007,north,west,valid,3102
35.05628,-116.73377,north,west,valid,3103
35.08758,-116.74603,north,west,valid,3104
35.05902,-116.76892,north,west,valid,3105
35.05122,-116.76742,north,west,valid,3106
35.07118,-116.77162,north,west,valid,3107
35.0742,-116.7637,north,west,valid,3108
35.0751,-116.75038,north,west,valid,3109
31.91667,-111.5,north,west,valid,3110
36.99367,-114.99367,north,west,valid,3111
-30.4,127.43333,south,east,valid,3112
35.83333,-84.91667,north,west,valid,3113
37.23333,-80.73333,north,west,valid,3114
-38.1,145.3,south,east,valid,3115
31.75,-97.75,north,west,valid,3116
-5.25,-40.5,south,west,valid,3117
-30.36667,120.73333,south,east,valid,3118
38.90306,-112.82111,north,west,valid,3119
-32.01667,139.78333,south,east,valid,3120
33.66667,-101.26667,north,west,valid,3121
44.47733,-103.972,north,west,valid,3122
26.5,-100.0,north,west,valid,3123
-30.75,-64.78333,south,west,valid,3124
22.0,-80.0,north,west,valid,3125
35.29575,-117.4668,north,west,valid,3126
35.2755,-117.47833,north,west,valid,3127
35.29183,-117.47067,north,west,valid,3128
35.30233,-117.46017,north,west,valid,3129
35.31232,-117.45315,north,west,valid,3130
35.31227,-117.453,north,west,valid,3131
35.3114,-117.45342,north,west,valid,3132
35.28333,-117.48333,north,west,valid,3133
35.31833,-117.46667,north,west,valid,3134
35.3112,-117.45465,north,west,valid,3135
35.2758,-117.47877,north,west,valid,3136
35.31217,-117.453,north,west,valid,3137
35.31218,-117.45303,north,west,valid,3138
35.28528,-117.48305,north,west,valid,3139
35.28638,-117.48305,north,west,valid,3140
35.30455,-117.45817,north,west,valid,3141
35.3,-117.4605,north,west,valid,3142
35.3248,-117.47983,north,west,valid,3143
35.296,-117.472,north,west,valid,3144
29.01667,-97.28333,north,west,valid,3145
40.23333,-100.83333,north,west,valid,3146
37.61667,-98.91667,north,west,valid,3147
30.0,-109.66667,north,west,valid,3148
27.18717,16.189,north,east,valid,3149
35.96667,-96.76667,north,west,valid,3150
50.8,19.11667,north,east,valid,3151
-38.91667,-69.2,south,west,valid,3152
34.08333,-115.78333,north,west,valid,3153
-27.71667,117.25,south,east,valid,3154
-25.33333,116.18333,south,east,valid,3155
36.04333,-102.40833,north,west,valid,3156
34.8,-84.98333,north,west,valid,3157
34.216667,-115.05,north,west,valid,3158
51.13889,-1.53611,north,west,valid,3159
29.58333,-3.75,north,west,valid,3160
27.11767,16.0745,north,east,valid,3161
27.1255,16.05817,north,east,valid,3162
27.12633,16.03067,north,east,valid,3163
27.155,15.95833,north,east,valid,3164
27.1565,15.9525,north,east,valid,3165
27.16983,15.9255,north,east,valid,3166
27.16233,16.09533,north,east,valid,3167
27.15833,16.11467,north,east,valid,3168
27.15267,16.1565,north,east,valid,3169
27.15217,16.17317,north,east,valid,3170
27.16467,16.16917,north,east,valid,3171
27.132,16.29767,north,east,valid,3172
27.1295,16.3435,north,east,valid,3173
27.10917,16.46617,north,east,valid,3174
27.107,16.39333,north,east,valid,3175
27.098,16.32233,north,east,valid,3176
27.09267,16.31317,north,east,valid,3177
27.092,16.3,north,east,valid,3178
27.08083,16.201,north,east,valid,3179
27.07717,16.19317,north,east,valid,3180
27.07717,16.193,north,east,valid,3181
27.0775,16.16917,north,east,valid,3182
27.09767,16.0255,north,east,valid,3183
27.10483,16.01133,north,east,valid,3184
27.11417,16.0015,north,east,valid,3185
27.12783,15.97117,north,east,valid,3186
27.225,15.0295,north,east,valid,3187
27.20167,16.093,north,east,valid,3188
27.1915,16.1345,north,east,valid,3189
27.08467,16.03683,north,east,valid,3190
27.0805,16.12567,north,east,valid,3191
27.08267,16.13783,north,east,valid,3192
27.08683,16.17483,north,east,valid,3193
27.10383,16.30867,north,east,valid,3194
27.10767,16.32383,north,east,valid,3195
27.10967,16.3515,north,east,valid,3196
27.11067,16.35667,north,east,valid,3197
27.1115,16.4365,north,east,valid,3198
27.13583,16.36017,north,east,valid,3199
27.13367,16.358,north,east,valid,3200
27.13383,16.331,north,east,valid,3201
27.13933,16.27267,north,east,valid,3202
27.14617,16.16367,north,east,valid,3203
27.15267,16.10617,north,east,valid,3204
27.27517,16.09383,north,east,valid,3205
27.25817,16.1355,north,east,valid,3206
27.30583,16.13567,north,east,valid,3207
27.3055,16.20917,north,east,valid,3208
27.30383,16.24483,north,east,valid,3209
27.30317,16.25467,north,east,valid,3210
27.30517,16.26417,north,east,valid,3211
27.30483,16.30017,north,east,valid,3212
27.26717,16.42033,north,east,valid,3213
27.26783,16.41317,north,east,valid,3214
27.26883,16.23633,north,east,valid,3215
27.279,16.21733,north,east,valid,3216
27.29867,16.16683,north,east,valid,3217
27.32017,16.0775,north,east,valid,3218
27.45767,16.28017,north,east,valid,3219
27.45483,16.31333,north,east,valid,3220
27.4055,16.32833,north,east,valid,3221
27.40633,16.31967,north,east,valid,3222
27.41633,16.19433,north,east,valid,3223
27.4205,16.16667,north,east,valid,3224
27.1455,15.95067,north,east,valid,3225
27.0705,16.0945,north,east,valid,3226
27.04767,16.4515,north,east,valid,3227
27.05233,16.42633,north,east,valid,3228
27.056,16.399,north,east,valid,3229
27.1055,16.04583,north,east,valid,3230
27.12883,16.035,north,east,valid,3231
27.16033,16.03533,north,east,valid,3232
27.19967,16.03567,north,east,valid,3233
27.1045,16.00983,north,east,valid,3234
27.10733,16.02233,north,east,valid,3235
27.10483,16.06317,north,east,valid,3236
27.11817,16.02717,north,east,valid,3237
27.10083,16.02333,north,east,valid,3238
27.11017,16.01817,north,east,valid,3239
27.167,15.93933,north,east,valid,3240
27.15967,15.96283,north,east,valid,3241
27.04067,16.40433,north,east,valid,3242
27.04617,16.37217,north,east,valid,3243
27.08433,16.119,north,east,valid,3244
27.1355,16.03017,north,east,valid,3245
27.1425,16.0295,north,east,valid,3246
27.143,16.028,north,east,valid,3247
27.1585,16.03133,north,east,valid,3248
27.22017,16.03317,north,east,valid,3249
27.23317,16.02933,north,east,valid,3250
27.2705,16.04067,north,east,valid,3251
27.0655,16.0875,north,east,valid,3252
27.10683,16.51617,north,east,valid,3253
27.1025,16.23817,north,east,valid,3254
27.11433,16.145,north,east,valid,3255
27.1135,16.143,north,east,valid,3256
27.12017,16.11117,north,east,valid,3257
27.12117,16.10883,north,east,valid,3258
27.0135,16.36583,north,east,valid,3259
27.37683,16.30233,north,east,valid,3260
27.35133,16.25367,north,east,valid,3261
27.27833,16.27717,north,east,valid,3262
27.2585,16.09233,north,east,valid,3263
27.19017,16.30833,north,east,valid,3264
27.203,15.90067,north,east,valid,3265
27.1585,16.45617,north,east,valid,3266
27.917,16.48767,north,east,valid,3267
27.94783,16.50983,north,east,valid,3268
27.1295,16.06867,north,east,valid,3269
27.04133,16.38767,north,east,valid,3270
27.04306,16.41167,north,east,valid,3271
27.15222,16.48306,north,east,valid,3272
27.15222,16.51722,north,east,valid,3273
27.57139,16.175,north,east,valid,3274
27.42639,16.27417,north,east,valid,3275
27.25253,16.08372,north,east,valid,3276
27.4387,15.94838,north,east,valid,3277
27.63167,16.08694,north,east,valid,3278
27.57139,16.08333,north,east,valid,3279
27.1205,16.0235,north,east,valid,3280
27.92472,16.9575,north,east,valid,3281
27.01083,16.18167,north,east,valid,3282
27.08333,16.25,north,east,valid,3283
27.02583,16.38783,north,east,valid,3284
27.188,16.40233,north,east,valid,3285
26.90633,16.6865,north,east,valid,3286
26.907,16.6815,north,east,valid,3287
27.231,16.249,north,east,valid,3288
27.07567,16.06633,north,east,valid,3289
27.919,16.684,north,east,valid,3290
27.17017,16.0355,north,east,valid,3291
27.22167,16.25,north,east,valid,3292
27.14683,16.05017,north,east,valid,3293
27.035,16.38133,north,east,valid,3294
27.46767,16.17017,north,east,valid,3295
27.66733,15.9505,north,east,valid,3296
27.23233,16.196,north,east,valid,3297
27.03367,16.38333,north,east,valid,3298
27.33333,16.21667,north,east,valid,3299
27.33333,16.25,north,east,valid,3300
27.33017,16.23117,north,east,valid,3301
27.13533,16.052,north,east,valid,3302
27.28133,16.40833,north,east,valid,3303
27.08333,16.055,north,east,valid,3304
27.182,16.30017,north,east,valid,3305
27.43333,16.0,north,east,valid,3306
27.45056,16.19167,north,east,valid,3307
27.49583,16.25833,north,east,valid,3308
27.03583,16.38528,north,east,valid,3309
27.20167,16.31117,north,east,valid,3310
27.26633,16.35783,north,east,valid,3311
27.13383,16.06533,north,east,valid,3312
28.21417,15.55083,north,east,valid,3313
27.16917,16.13533,north,east,valid,3314
27.32833,16.21867,north,east,valid,3315
27.24167,16.23267,north,east,valid,3316
27.42767,16.1655,north,east,valid,3317
27.38,16.469,north,east,valid,3318
27.28,16.14783,north,east,valid,3319
27.375,16.184,north,east,valid,3320
28.28767,15.49467,north,east,valid,3321
27.13233,16.068,north,east,valid,3322
26.9195,16.657,north,east,valid,3323
27.23017,16.48833,north,east,valid,3324
27.27417,16.40833,north,east,valid,3325
27.1345,16.08933,north,east,valid,3326
27.18317,16.33083,north,east,valid,3327
27.16383,16.52033,north,east,valid,3328
27.15,16.40633,north,east,valid,3329
27.14967,16.21,north,east,valid,3330
27.1675,16.14067,north,east,valid,3331
27.1835,16.11517,north,east,valid,3332
27.184,16.11183,north,east,valid,3333
27.19567,16.10033,north,east,valid,3334
27.19583,16.01317,north,east,valid,3335
27.25483,16.00667,north,east,valid,3336
27.133,16.0395,north,east,valid,3337
27.11167,16.02983,north,east,valid,3338
27.10467,16.01167,north,east,valid,3339
27.1075,16.03583,north,east,valid,3340
27.11067,16.07017,north,east,valid,3341
27.1185,16.10333,north,east,valid,3342
27.1205,16.11217,north,east,valid,3343
27.13033,16.1565,north,east,valid,3344
27.13317,16.16333,north,east,valid,3345
27.15233,16.26717,north,east,valid,3346
27.155,16.27883,north,east,valid,3347
27.12933,16.37283,north,east,valid,3348
27.1355,16.3205,north,east,valid,3349
27.159,16.22,north,east,valid,3350
27.16717,16.1505,north,east,valid,3351
27.16983,16.14317,north,east,valid,3352
27.10133,16.0215,north,east,valid,3353
27.10383,16.0325,north,east,valid,3354
27.147,16.1585,north,east,valid,3355
27.1575,16.208,north,east,valid,3356
27.19117,16.27767,north,east,valid,3357
27.24733,16.39733,north,east,valid,3358
26.98333,16.506,north,east,valid,3359
26.98133,16.50433,north,east,valid,3360
27.03367,16.4055,north,east,valid,3361
27.04517,16.38167,north,east,valid,3362
27.04567,16.3795,north,east,valid,3363
27.0465,16.37267,north,east,valid,3364
27.14033,16.20467,north,east,valid,3365
27.185,16.1335,north,east,valid,3366
27.186,16.13083,north,east,valid,3367
27.18667,16.12283,north,east,valid,3368
27.1915,16.115,north,east,valid,3369
27.15617,16.029,north,east,valid,3370
27.111,16.02167,north,east,valid,3371
27.11067,16.02583,north,east,valid,3372
27.108,16.071,north,east,valid,3373
27.12017,16.20833,north,east,valid,3374
27.13817,16.27233,north,east,valid,3375
27.03017,16.53683,north,east,valid,3376
27.03083,16.5215,north,east,valid,3377
27.02683,16.5085,north,east,valid,3378
27.0505,16.40517,north,east,valid,3379
27.05117,16.39233,north,east,valid,3380
27.16533,16.14483,north,east,valid,3381
27.18367,16.11583,north,east,valid,3382
27.24983,16.0205,north,east,valid,3383
27.63567,16.87778,north,east,valid,3384
27.69983,15.72694,north,east,valid,3385
27.09617,16.02567,north,east,valid,3386
27.102,16.02017,north,east,valid,3387
27.11167,16.01333,north,east,valid,3388
27.1165,16.083,north,east,valid,3389
27.11783,16.08533,north,east,valid,3390
27.12483,16.12083,north,east,valid,3391
27.127,16.12933,north,east,valid,3392
27.141,16.16783,north,east,valid,3393
27.152,16.197,north,east,valid,3394
27.2645,16.40867,north,east,valid,3395
27.07583,16.45333,north,east,valid,3396
27.07333,16.43083,north,east,valid,3397
27.07717,16.39817,north,east,valid,3398
27.07733,16.217,north,east,valid,3399
27.1485,16.0945,north,east,valid,3400
27.10267,16.02833,north,east,valid,3401
27.10667,16.0085,north,east,valid,3402
27.1705,15.94517,north,east,valid,3403
27.18283,15.94233,north,east,valid,3404
27.16467,15.943,north,east,valid,3405
27.1615,15.95083,north,east,valid,3406
27.12817,16.004,north,east,valid,3407
27.11833,16.01017,north,east,valid,3408
27.09967,16.03467,north,east,valid,3409
27.0815,16.148,north,east,valid,3410
27.09133,16.289,north,east,valid,3411
27.03783,16.4685,north,east,valid,3412
27.04717,16.44133,north,east,valid,3413
27.058,16.40217,north,east,valid,3414
27.0715,16.091,north,east,valid,3415
27.09583,16.03683,north,east,valid,3416
27.117,16.01533,north,east,valid,3417
27.1245,15.99167,north,east,valid,3418
27.15117,15.9665,north,east,valid,3419
27.643,15.90167,north,east,valid,3420
27.62517,15.98217,north,east,valid,3421
27.624,16.05117,north,east,valid,3422
27.62467,16.0545,north,east,valid,3423
27.62417,16.05983,north,east,valid,3424
27.62433,16.06233,north,east,valid,3425
27.54733,16.3655,north,east,valid,3426
27.6315,16.03333,north,east,valid,3427
27.12033,16.063,north,east,valid,3428
27.12133,16.0685,north,east,valid,3429
27.1275,16.104,north,east,valid,3430
27.126,16.1065,north,east,valid,3431
27.13083,16.13233,north,east,valid,3432
27.1415,16.16483,north,east,valid,3433
27.25733,16.38217,north,east,valid,3434
27.37883,16.45383,north,east,valid,3435
27.44317,16.32933,north,east,valid,3436
27.45333,16.31267,north,east,valid,3437
27.495,16.259,north,east,valid,3438
27.56417,16.15217,north,east,valid,3439
27.5775,16.13633,north,east,valid,3440
27.086,16.03683,north,east,valid,3441
27.09017,16.032,north,east,valid,3442
27.13717,15.8445,north,east,valid,3443
27.1405,15.97483,north,east,valid,3444
27.15283,15.96267,north,east,valid,3445
27.1685,15.95833,north,east,valid,3446
27.16583,16.08617,north,east,valid,3447
27.16533,16.21317,north,east,valid,3448
27.17717,16.26683,north,east,valid,3449
27.18567,16.31833,north,east,valid,3450
27.194,16.36133,north,east,valid,3451
27.09933,16.37983,north,east,valid,3452
27.15217,16.05683,north,east,valid,3453
27.18267,16.0905,north,east,valid,3454
27.19483,16.06917,north,east,valid,3455
27.1975,16.062,north,east,valid,3456
27.2025,16.05267,north,east,valid,3457
27.216,16.03233,north,east,valid,3458
27.18617,16.11117,north,east,valid,3459
27.188,16.12883,north,east,valid,3460
27.1885,16.13083,north,east,valid,3461
27.2035,16.2,north,east,valid,3462
27.20667,16.2045,north,east,valid,3463
27.21017,16.22083,north,east,valid,3464
27.21833,16.25417,north,east,valid,3465
27.11583,16.37683,north,east,valid,3466
27.1145,16.35517,north,east,valid,3467
27.11483,16.34333,north,east,valid,3468
27.11267,16.31583,north,east,valid,3469
27.11217,16.29633,north,east,valid,3470
27.06117,16.17817,north,east,valid,3471
27.06967,16.1675,north,east,valid,3472
27.10733,16.12633,north,east,valid,3473
27.14533,16.08367,north,east,valid,3474
27.14767,16.08083,north,east,valid,3475
27.165,16.02083,north,east,valid,3476
27.18367,16.30033,north,east,valid,3477
27.1885,16.31483,north,east,valid,3478
27.20267,16.42083,north,east,valid,3479
27.10383,16.38867,north,east,valid,3480
27.10633,16.374,north,east,valid,3481
27.11133,16.27967,north,east,valid,3482
27.12317,16.223,north,east,valid,3483
27.12833,16.20967,north,east,valid,3484
27.18383,16.12883,north,east,valid,3485
27.25117,16.07333,north,east,valid,3486
27.36233,16.08967,north,east,valid,3487
27.3775,16.19317,north,east,valid,3488
27.3615,16.2145,north,east,valid,3489
27.37817,16.31217,north,east,valid,3490
27.40867,16.3185,north,east,valid,3491
27.4595,16.07667,north,east,valid,3492
27.45967,16.07267,north,east,valid,3493
27.4715,16.296,north,east,valid,3494
27.53817,16.44233,north,east,valid,3495
27.25383,16.30233,north,east,valid,3496
27.26183,16.26133,north,east,valid,3497
27.2855,16.176,north,east,valid,3498
27.32667,16.09567,north,east,valid,3499
27.0875,16.051,north,east,valid,3500
27.08817,16.0575,north,east,valid,3501
27.08733,16.058,north,east,valid,3502
27.09967,16.11783,north,east,valid,3503
27.1025,16.134,north,east,valid,3504
27.202,16.36733,north,east,valid,3505
27.23,16.31217,north,east,valid,3506
27.29133,16.21333,north,east,valid,3507
27.325,16.165,north,east,valid,3508
26.78917,16.70467,north,east,valid,3509
26.77167,16.11133,north,east,valid,3510
26.94467,16.17933,north,east,valid,3511
26.9715,16.45133,north,east,valid,3512
26.97,16.4625,north,east,valid,3513
27.135,16.2335,north,east,valid,3514
27.1685,16.1845,north,east,valid,3515
27.28617,16.07467,north,east,valid,3516
27.70467,16.18917,north,east,valid,3517
27.52367,16.15117,north,east,valid,3518
27.38467,16.12867,north,east,valid,3519
27.51283,16.16267,north,east,valid,3520
27.292,16.112,north,east,valid,3521
27.1595,16.05283,north,east,valid,3522
27.08867,16.14317,north,east,valid,3523
26.80733,15.9015,north,east,valid,3524
27.12117,16.331,north,east,valid,3525
27.12217,16.312,north,east,valid,3526
27.2435,16.081,north,east,valid,3527
27.01333,16.1875,north,east,valid,3528
27.14317,15.873,north,east,valid,3529
27.028,16.35867,north,east,valid,3530
27.03383,16.326,north,east,valid,3531
27.09867,16.14133,north,east,valid,3532
27.09917,16.14033,north,east,valid,3533
28.3,15.7175,north,east,valid,3534
28.1815,15.64783,north,east,valid,3535
28.206,15.6355,north,east,valid,3536
27.839,15.877,north,east,valid,3537
27.84067,15.88567,north,east,valid,3538
27.84267,15.8995,north,east,valid,3539
27.129,16.2655,north,east,valid,3540
27.10417,16.1175,north,east,valid,3541
27.1095,16.0745,north,east,valid,3542
27.10467,16.00867,north,east,valid,3543
27.13017,16.23183,north,east,valid,3544
27.15517,16.2825,north,east,valid,3545
27.2035,16.3115,north,east,valid,3546
27.19367,16.20767,north,east,valid,3547
27.182,16.15017,north,east,valid,3548
27.179,16.11267,north,east,valid,3549
27.1725,16.08133,north,east,valid,3550
27.15133,16.045,north,east,valid,3551
27.08283,16.129,north,east,valid,3552
27.10483,16.1195,north,east,valid,3553
27.15467,16.079,north,east,valid,3554
27.185,16.0995,north,east,valid,3555
27.2165,16.15,north,east,valid,3556
27.2915,16.21333,north,east,valid,3557
27.20283,16.05767,north,east,valid,3558
27.20217,16.05833,north,east,valid,3559
27.22667,16.113,north,east,valid,3560
27.22483,16.24383,north,east,valid,3561
27.17867,16.259,north,east,valid,3562
27.23867,16.12967,north,east,valid,3563
27.5965,15.8705,north,east,valid,3564
27.61717,15.96633,north,east,valid,3565
27.67917,15.86533,north,east,valid,3566
27.8195,15.8945,north,east,valid,3567
27.86617,15.89733,north,east,valid,3568
28.9055,15.82767,north,east,valid,3569
27.92367,15.83217,north,east,valid,3570
27.9275,15.83117,north,east,valid,3571
27.86217,15.87967,north,east,valid,3572
27.85883,15.8815,north,east,valid,3573
27.84983,15.88583,north,east,valid,3574
27.83933,15.89183,north,east,valid,3575
27.841,15.86817,north,east,valid,3576
27.8515,15.8715,north,east,valid,3577
27.85967,15.88017,north,east,valid,3578
27.86167,15.88317,north,east,valid,3579
27.94867,15.90133,north,east,valid,3580
27.832,15.83767,north,east,valid,3581
27.83533,15.8435,north,east,valid,3582
27.876,15.91733,north,east,valid,3583
27.91483,15.96183,north,east,valid,3584
27.87333,15.9135,north,east,valid,3585
27.88683,15.8715,north,east,valid,3586
27.88717,15.86333,north,east,valid,3587
27.8945,15.85933,north,east,valid,3588
27.91617,15.83783,north,east,valid,3589
27.87417,15.88717,north,east,valid,3590
27.44217,16.08217,north,east,valid,3591
27.4345,16.12267,north,east,valid,3592
27.42183,16.17817,north,east,valid,3593
27.41117,16.2,north,east,valid,3594
27.41217,16.20183,north,east,valid,3595
27.4445,16.27433,north,east,valid,3596
27.44317,16.1855,north,east,valid,3597
27.33733,16.20133,north,east,valid,3598
27.1425,16.0595,north,east,valid,3599
27.46133,16.1955,north,east,valid,3600
27.46483,16.18733,north,east,valid,3601
27.35683,16.167,north,east,valid,3602
27.42383,16.34,north,east,valid,3603
27.4355,16.26633,north,east,valid,3604
27.409,16.20417,north,east,valid,3605
27.76483,16.08633,north,east,valid,3606
27.8185,15.92733,north,east,valid,3607
27.81833,15.91533,north,east,valid,3608
27.8365,15.8245,north,east,valid,3609
27.86667,15.94283,north,east,valid,3610
27.3695,16.19883,north,east,valid,3611
27.84217,15.89667,north,east,valid,3612
27.814,15.9115,north,east,valid,3613
27.76383,15.91083,north,east,valid,3614
27.83767,15.91333,north,east,valid,3615
27.93133,15.8675,north,east,valid,3616
28.14033,15.82383,north,east,valid,3617
27.40917,16.268,north,east,valid,3618
27.42083,16.29333,north,east,valid,3619
27.82383,15.8785,north,east,valid,3620
27.3725,16.24017,north,east,valid,3621
27.37517,16.18417,north,east,valid,3622
27.347,16.08833,north,east,valid,3623
27.48733,16.32517,north,east,valid,3624
27.51617,16.28333,north,east,valid,3625
27.3785,16.1855,north,east,valid,3626
27.4665,15.914,north,east,valid,3627
27.50233,15.9125,north,east,valid,3628
27.59917,16.00233,north,east,valid,3629
27.59467,15.9365,north,east,valid,3630
27.86433,15.87333,north,east,valid,3631
27.8745,15.87217,north,east,valid,3632
27.86383,15.87017,north,east,valid,3633
27.74017,15.93683,north,east,valid,3634
27.479,16.03917,north,east,valid,3635
27.45467,16.08733,north,east,valid,3636
27.37933,16.45817,north,east,valid,3637
27.35817,16.43233,north,east,valid,3638
27.29367,16.41433,north,east,valid,3639
27.28133,16.41733,north,east,valid,3640
27.27933,16.41167,north,east,valid,3641
27.31283,16.232,north,east,valid,3642
27.4475,15.985,north,east,valid,3643
27.32367,16.27683,north,east,valid,3644
27.24083,16.408,north,east,valid,3645
27.22183,16.2455,north,east,valid,3646
26.85483,15.97533,north,east,valid,3647
26.69617,16.3275,north,east,valid,3648
27.90017,15.90117,north,east,valid,3649
27.829,15.928,north,east,valid,3650
27.48333,16.263,north,east,valid,3651
27.48183,16.28733,north,east,valid,3652
27.48083,16.31833,north,east,valid,3653
27.452,16.021,north,east,valid,3654
27.38833,16.15733,north,east,valid,3655
27.39783,16.16317,north,east,valid,3656
27.48017,16.27133,north,east,valid,3657
27.46067,16.17083,north,east,valid,3658
27.4335,16.0845,north,east,valid,3659
27.42683,16.05367,north,east,valid,3660
27.5825,15.98333,north,east,valid,3661
27.64617,15.91483,north,east,valid,3662
27.804,15.935,north,east,valid,3663
27.7875,15.855,north,east,valid,3664
27.80517,15.92667,north,east,valid,3665
27.79783,15.94167,north,east,valid,3666
27.80733,15.93767,north,east,valid,3667
27.81,15.933,north,east,valid,3668
27.81433,15.9145,north,east,valid,3669
27.80383,15.921,north,east,valid,3670
28.019,15.86333,north,east,valid,3671
28.01517,15.86367,north,east,valid,3672
27.01167,15.86483,north,east,valid,3673
28.01967,15.89017,north,east,valid,3674
28.01483,15.86267,north,east,valid,3675
28.01,15.845,north,east,valid,3676
28.00883,15.84283,north,east,valid,3677
28.0215,15.8425,north,east,valid,3678
27.8315,15.87433,north,east,valid,3679
27.78533,15.95233,north,east,valid,3680
27.78717,15.95117,north,east,valid,3681
27.79133,15.96517,north,east,valid,3682
27.77983,16.06267,north,east,valid,3683
27.7865,16.09717,north,east,valid,3684
27.61067,16.21867,north,east,valid,3685
27.35267,16.20067,north,east,valid,3686
27.74767,16.003,north,east,valid,3687
27.75467,15.98183,north,east,valid,3688
27.35583,16.20317,north,east,valid,3689
27.3685,16.1735,north,east,valid,3690
27.36883,16.2855,north,east,valid,3691
27.36867,16.26383,north,east,valid,3692
27.46533,16.01517,north,east,valid,3693
27.2,16.1,north,east,valid,3694
27.01767,16.38833,north,east,valid,3695
27.18383,16.11433,north,east,valid,3696
27.38333,16.41667,north,east,valid,3697
27.26667,16.11667,north,east,valid,3698
27.13333,16.08333,north,east,valid,3699
27.1885,16.35017,north,east,valid,3700
27.26683,16.06683,north,east,valid,3701
27.15133,16.12683,north,east,valid,3702
26.99167,15.7745,north,east,valid,3703
27.16883,16.13817,north,east,valid,3704
27.20183,16.3835,north,east,valid,3705
26.96017,16.34033,north,east,valid,3706
27.20333,16.0715,north,east,valid,3707
27.45433,16.2315,north,east,valid,3708
27.33417,16.28733,north,east,valid,3709
27.33083,16.28317,north,east,valid,3710
27.30033,16.17767,north,east,valid,3711
27.28883,16.11533,north,east,valid,3712
27.2525,16.06967,north,east,valid,3713
27.25283,16.07167,north,east,valid,3714
27.27183,16.0535,north,east,valid,3715
27.26683,16.072,north,east,valid,3716
27.28067,16.06183,north,east,valid,3717
27.18333,16.08333,north,east,valid,3718
27.0555,16.136,north,east,valid,3719
27.0715,16.11583,north,east,valid,3720
27.08983,16.08667,north,east,valid,3721
27.11183,16.08433,north,east,valid,3722
27.11117,16.08433,north,east,valid,3723
27.14167,16.0865,north,east,valid,3724
27.31033,16.2325,north,east,valid,3725
27.311,16.234,north,east,valid,3726
27.3,16.2,north,east,valid,3727
27.1365,16.0835,north,east,valid,3728
27.15183,16.23367,north,east,valid,3729
27.18783,16.1385,north,east,valid,3730
27.0685,16.107,north,east,valid,3731
27.01817,16.0885,north,east,valid,3732
27.01733,16.0885,north,east,valid,3733
27.01867,16.32033,north,east,valid,3734
27.18867,16.3185,north,east,valid,3735
27.18867,16.33383,north,east,valid,3736
27.20017,16.3685,north,east,valid,3737
27.20567,16.371,north,east,valid,3738
27.2025,16.36917,north,east,valid,3739
27.20017,16.35017,north,east,valid,3740
27.2015,16.35517,north,east,valid,3741
27.18767,16.335,north,east,valid,3742
27.1855,16.31683,north,east,valid,3743
27.1835,16.30267,north,east,valid,3744
27.1835,16.30167,north,east,valid,3745
27.186,16.287,north,east,valid,3746
27.18683,16.288,north,east,valid,3747
26.96333,16.45933,north,east,valid,3748
27.20333,16.08183,north,east,valid,3749
27.20267,16.11717,north,east,valid,3750
27.02317,16.41317,north,east,valid,3751
27.08367,16.13367,north,east,valid,3752
27.2695,16.13783,north,east,valid,3753
27.42383,16.2045,north,east,valid,3754
27.27683,16.12567,north,east,valid,3755
27.25267,16.0705,north,east,valid,3756
27.28033,16.067,north,east,valid,3757
27.27183,16.05667,north,east,valid,3758
27.27183,16.07683,north,east,valid,3759
27.211,16.35183,north,east,valid,3760
27.54767,15.847,north,east,valid,3761
27.1915,16.29367,north,east,valid,3762
27.19083,16.29283,north,east,valid,3763
27.20117,16.3175,north,east,valid,3764
27.09367,16.4205,north,east,valid,3765
27.30017,16.14117,north,east,valid,3766
26.89517,16.5515,north,east,valid,3767
27.20517,16.13933,north,east,valid,3768
27.23583,16.06033,north,east,valid,3769
27.27833,16.10833,north,east,valid,3770
27.29117,16.1275,north,east,valid,3771
27.547,15.85933,north,east,valid,3772
27.42717,16.33383,north,east,valid,3773
27.3445,16.3025,north,east,valid,3774
27.39883,16.1595,north,east,valid,3775
27.43217,16.25233,north,east,valid,3776
27.217,16.38917,north,east,valid,3777
27.2315,16.32617,north,east,valid,3778
27.25267,16.26983,north,east,valid,3779
27.27133,16.4135,north,east,valid,3780
27.05267,16.43133,north,east,valid,3781
27.07583,16.32683,north,east,valid,3782
27.09933,16.15533,north,east,valid,3783
27.117,16.121,north,east,valid,3784
27.12383,16.11233,north,east,valid,3785
27.1515,16.08267,north,east,valid,3786
27.1555,16.07767,north,east,valid,3787
27.0865,16.17317,north,east,valid,3788
27.1515,16.083,north,east,valid,3789
27.1015,16.13783,north,east,valid,3790
27.13117,16.11317,north,east,valid,3791
27.42533,16.08783,north,east,valid,3792
27.65533,15.99233,north,east,valid,3793
27.63367,16.0285,north,east,valid,3794
27.63917,15.881,north,east,valid,3795
27.5895,16.11667,north,east,valid,3796
27.63917,15.90133,north,east,valid,3797
27.21367,16.2815,north,east,valid,3798
26.83583,16.6265,north,east,valid,3799
26.92817,16.476,north,east,valid,3800
26.916,16.67317,north,east,valid,3801
26.91633,16.67483,north,east,valid,3802
27.06967,16.07083,north,east,valid,3803
26.99317,16.13933,north,east,valid,3804
26.87967,16.67317,north,east,valid,3805
26.979,16.31083,north,east,valid,3806
27.028,16.28283,north,east,valid,3807
26.879,16.69783,north,east,valid,3808
27.31283,15.9935,north,east,valid,3809
26.97033,16.36083,north,east,valid,3810
26.8855,16.58017,north,east,valid,3811
26.85,16.73333,north,east,valid,3812
27.28383,16.17133,north,east,valid,3813
27.26917,16.364,north,east,valid,3814
27.039,16.26117,north,east,valid,3815
27.12733,16.02233,north,east,valid,3816
27.396,16.11483,north,east,valid,3817
27.16267,16.296,north,east,valid,3818
27.02917,16.22933,north,east,valid,3819
27.47883,16.30367,north,east,valid,3820
27.48417,16.30533,north,east,valid,3821
27.50467,16.32167,north,east,valid,3822
27.352,16.2475,north,east,valid,3823
27.23633,16.35383,north,east,valid,3824
27.3705,16.18833,north,east,valid,3825
27.35517,16.2035,north,east,valid,3826
27.35167,16.23567,north,east,valid,3827
27.30417,16.32217,north,east,valid,3828
27.2735,16.33833,north,east,valid,3829
27.23533,16.338,north,east,valid,3830
27.0555,16.05067,north,east,valid,3831
27.15233,16.33733,north,east,valid,3832
26.90767,16.70167,north,east,valid,3833
26.919,16.6775,north,east,valid,3834
27.37083,15.99133,north,east,valid,3835
26.90483,16.679,north,east,valid,3836
26.881,16.54917,north,east,valid,3837
26.88217,16.65167,north,east,valid,3838
26.95,16.15,north,east,valid,3839
26.94017,16.419,north,east,valid,3840
26.96417,16.46917,north,east,valid,3841
26.88533,16.579,north,east,valid,3842
26.98,16.405,north,east,valid,3843
27.15733,16.41983,north,east,valid,3844
26.98167,16.45833,north,east,valid,3845
26.90833,16.66933,north,east,valid,3846
27.16667,16.13333,north,east,valid,3847
27.16306,16.00444,north,east,valid,3848
27.26056,16.0075,north,east,valid,3849
27.25861,16.01139,north,east,valid,3850
27.11683,16.10033,north,east,valid,3851
26.98333,16.38333,north,east,valid,3852
27.01667,16.36667,north,east,valid,3853
26.8,16.06667,north,east,valid,3854
27.11667,16.18333,north,east,valid,3855
26.96667,16.41667,north,east,valid,3856
27.28333,16.1,north,east,valid,3857
26.93333,16.46667,north,east,valid,3858
27.6,16.2,north,east,valid,3859
27.03333,16.38333,north,east,valid,3860
27.05,16.38333,north,east,valid,3861
27.11667,16.43333,north,east,valid,3862
27.23333,16.11667,north,east,valid,3863
27.05,16.35,north,east,valid,3864
27.05,16.05,north,east,valid,3865
27.06667,16.06667,north,east,valid,3866
27.33333,16.16667,north,east,valid,3867
27.35,16.16667,north,east,valid,3868
27.46667,16.3,north,east,valid,3869
27.0,16.4,north,east,valid,3870
26.96667,16.36667,north,east,valid,3871
27.0,16.13333,north,east,valid,3872
26.75,16.43333,north,east,valid,3873
26.95,16.46667,north,east,valid,3874
27.05,16.4,north,east,valid,3875
27.03333,16.18333,north,east,valid,3876
26.58333,16.8,north,east,valid,3877
27.08333,16.38333,north,east,valid,3878
27.45,16.25,north,east,valid,3879
27.01667,16.41667,north,east,valid,3880
27.15,16.21667,north,east,valid,3881
27.08333,16.36667,north,east,valid,3882
26.95,16.45,north,east,valid,3883
27.08333,16.08333,north,east,valid,3884
27.11667,16.05,north,east,valid,3885
27.4,16.2,north,east,valid,3886
26.96667,16.43333,north,east,valid,3887
26.98333,16.41667,north,east,valid,3888
26.98333,16.4,north,east,valid,3889
26.96667,16.38333,north,east,valid,3890
26.96667,16.4,north,east,valid,3891
27.0,16.38333,north,east,valid,3892
27.1,16.36667,north,east,valid,3893
27.16667,16.43333,north,east,valid,3894
26.93333,16.41667,north,east,valid,3895
27.05,16.15,north,east,valid,3896
27.03333,16.13333,north,east,valid,3897
27.06667,16.15,north,east,valid,3898
27.15,16.2,north,east,valid,3899
27.13333,16.1,north,east,valid,3900
27.25,16.11667,north,east,valid,3901
27.3,16.1,north,east,valid,3902
27.0,16.41667,north,east,valid,3903
27.1,16.35,north,east,valid,3904
27.11667,16.31667,north,east,valid,3905
27.31667,16.26667,north,east,valid,3906
27.31667,16.28333,north,east,valid,3907
27.25,16.35,north,east,valid,3908
27.13183,16.05,north,east,valid,3909
27.16667,16.16667,north,east,valid,3910
27.13817,16.03717,north,east,valid,3911
27.1895,16.0645,north,east,valid,3912
27.10883,16.05983,north,east,valid,3913
27.19667,16.0885,north,east,valid,3914
27.15433,16.03317,north,east,valid,3915
27.08167,16.28333,north,east,valid,3916
27.13333,16.05,north,east,valid,3917
27.12067,16.084,north,east,valid,3918
27.12833,16.05083,north,east,valid,3919
27.305,16.20167,north,east,valid,3920
27.15217,16.10317,north,east,valid,3921
27.13433,16.11017,north,east,valid,3922
27.27867,16.2165,north,east,valid,3923
27.30167,15.7645,north,east,valid,3924
28.24883,15.51833,north,east,valid,3925
27.87033,15.87167,north,east,valid,3926
27.86367,15.86667,north,east,valid,3927
27.85117,15.87567,north,east,valid,3928
27.84983,15.884,north,east,valid,3929
27.85,15.884,north,east,valid,3930
27.8425,15.88433,north,east,valid,3931
27.8325,15.88533,north,east,valid,3932
27.76767,15.94067,north,east,valid,3933
27.71433,15.86867,north,east,valid,3934
26.958,16.335,north,east,valid,3935
26.97083,16.38567,north,east,valid,3936
26.97383,16.37517,north,east,valid,3937
27.0155,16.534,north,east,valid,3938
26.90617,16.67183,north,east,valid,3939
26.94167,16.566,north,east,valid,3940
26.9705,16.53717,north,east,valid,3941
27.121,16.51633,north,east,valid,3942
26.9835,16.46833,north,east,valid,3943
26.91533,16.5375,north,east,valid,3944
26.89583,16.57233,north,east,valid,3945
26.91917,16.52217,north,east,valid,3946
26.93217,16.49433,north,east,valid,3947
26.96183,16.45017,north,east,valid,3948
26.94833,16.478,north,east,valid,3949
26.9675,16.44967,north,east,valid,3950
26.98367,16.44533,north,east,valid,3951
26.98467,16.44483,north,east,valid,3952
26.991,16.44433,north,east,valid,3953
26.99233,16.4375,north,east,valid,3954
26.98717,16.43717,north,east,valid,3955
27.01617,16.468,north,east,valid,3956
26.9705,16.469,north,east,valid,3957
26.47667,16.46083,north,east,valid,3958
26.98333,16.44,north,east,valid,3959
26.99883,16.44283,north,east,valid,3960
27.01883,16.434,north,east,valid,3961
27.0415,16.40083,north,east,valid,3962
26.97017,16.46967,north,east,valid,3963
26.99017,16.4475,north,east,valid,3964
26.99933,16.431,north,east,valid,3965
27.27767,16.23717,north,east,valid,3966
26.91383,16.465,north,east,valid,3967
27.46367,16.1465,north,east,valid,3968
26.99333,16.4505,north,east,valid,3969
26.98717,16.43733,north,east,valid,3970
27.3695,16.24017,north,east,valid,3971
27.00033,16.44617,north,east,valid,3972
26.9945,16.452,north,east,valid,3973
27.03283,16.48967,north,east,valid,3974
27.00883,16.46,north,east,valid,3975
27.04683,16.40883,north,east,valid,3976
27.0055,16.47283,north,east,valid,3977
27.0145,16.38867,north,east,valid,3978
26.98717,16.437,north,east,valid,3979
27.54083,16.15783,north,east,valid,3980
26.966,16.50283,north,east,valid,3981
27.057,16.445,north,east,valid,3982
26.98683,16.44017,north,east,valid,3983
26.99817,16.43967,north,east,valid,3984
26.97483,16.39017,north,east,valid,3985
26.99417,16.45183,north,east,valid,3986
26.95867,16.4555,north,east,valid,3987
26.994,16.45217,north,east,valid,3988
26.99,16.39783,north,east,valid,3989
26.98333,16.46167,north,east,valid,3990
26.9945,16.45367,north,east,valid,3991
27.41317,16.2795,north,east,valid,3992
26.97583,16.467,north,east,valid,3993
26.99533,16.44683,north,east,valid,3994
27.77117,15.93233,north,east,valid,3995
26.97633,16.4675,north,east,valid,3996
26.98183,16.43117,north,east,valid,3997
26.99517,16.45217,north,east,valid,3998
26.98683,16.43717,north,east,valid,3999
27.05683,16.3975,north,east,valid,4000
26.987,16.437,north,east,valid,4001
26.972,16.468,north,east,valid,4002
27.479,16.13933,north,east,valid,4003
27.04833,16.38433,north,east,valid,4004
26.96533,16.46867,north,east,valid,4005
27.447,16.14817,north,east,valid,4006
26.9865,16.4375,north,east,valid,4007
26.97033,16.45717,north,east,valid,4008
26.98867,16.43717,north,east,valid,4009
27.2735,16.24017,north,east,valid,4010
26.9915,16.45617,north,east,valid,4011
26.98483,16.44083,north,east,valid,4012
27.02667,16.26417,north,east,valid,4013
26.8965,16.57833,north,east,valid,4014
27.035,16.1615,north,east,valid,4015
27.396,16.1905,north,east,valid,4016
27.08083,16.05633,north,east,valid,4017
27.06967,16.0965,north,east,valid,4018
27.0655,16.07983,north,east,valid,4019
27.083,16.0535,north,east,valid,4020
26.88333,16.68817,north,east,valid,4021
27.34033,16.28567,north,east,valid,4022
27.20217,15.893,north,east,valid,4023
27.19833,15.90117,north,east,valid,4024
27.197,15.9045,north,east,valid,4025
27.17317,15.93733,north,east,valid,4026
26.88967,16.5715,north,east,valid,4027
27.057,16.09583,north,east,valid,4028
27.0415,16.3725,north,east,valid,4029
27.20233,15.89583,north,east,valid,4030
26.98067,16.34633,north,east,valid,4031
26.87267,16.70367,north,east,valid,4032
26.8715,16.63417,north,east,valid,4033
27.152,16.316,north,east,valid,4034
26.9195,16.674,north,east,valid,4035
26.95,16.35,north,east,valid,4036
27.25,16.13333,north,east,valid,4037
27.36667,16.18333,north,east,valid,4038
28.0,16.0,north,east,valid,4039
27.09317,16.04933,north,east,valid,4040
26.911,16.45683,north,east,valid,4041
27.01267,16.27783,north,east,valid,4042
27.21917,16.22633,north,east,valid,4043
27.36483,16.17367,north,east,valid,4044
27.04183,16.405,north,east,valid,4045
26.9195,16.68,north,east,valid,4046
27.5,16.5,north,east,valid,4047
27.08333,16.11667,north,east,valid,4048
27.13333,16.46667,north,east,valid,4049
27.43333,16.2,north,east,valid,4050
27.23333,16.1,north,east,valid,4051
27.1,16.1,north,east,valid,4052
26.1,16.06667,north,east,valid,4053
26.1,16.08333,north,east,valid,4054
27.15,16.1,north,east,valid,4055
27.18333,16.11667,north,east,valid,4056
27.18333,16.13333,north,east,valid,4057
27.25,16.18333,north,east,valid,4058
27.11667,16.1,north,east,valid,4059
27.11667,16.06667,north,east,valid,4060
27.13333,16.11667,north,east,valid,4061
27.75,16.88333,north,east,valid,4062
27.66667,16.35,north,east,valid,4063
27.0345,16.14283,north,east,valid,4064
27.83267,15.9105,north,east,valid,4065
27.08333,16.05,north,east,valid,4066
27.88083,16.9135,north,east,valid,4067
27.9265,16.90417,north,east,valid,4068
27.12267,16.50617,north,east,valid,4069
27.13683,16.1455,north,east,valid,4070
27.10833,16.05833,north,east,valid,4071
27.09283,16.12717,north,east,valid,4072
27.05383,16.4475,north,east,valid,4073
27.06517,16.13983,north,east,valid,4074
27.35,16.18333,north,east,valid,4075
27.2,16.08333,north,east,valid,4076
27.21667,16.13333,north,east,valid,4077
27.21667,16.15,north,east,valid,4078
27.13333,16.2,north,east,valid,4079
26.95,16.38333,north,east,valid,4080
27.0,16.35,north,east,valid,4081
27.03333,16.35,north,east,valid,4082
27.18333,16.26667,north,east,valid,4083
26.98333,16.58333,north,east,valid,4084
26.9,16.6,north,east,valid,4085
27.03333,16.43333,north,east,valid,4086
27.11667,16.46667,north,east,valid,4087
27.4,16.23333,north,east,valid,4088
27.08333,16.06667,north,east,valid,4089
27.08333,16.01667,north,east,valid,4090
27.13333,16.01667,north,east,valid,4091
27.21667,16.11667,north,east,valid,4092
27.23333,16.15,north,east,valid,4093
27.38333,16.05,north,east,valid,4094
27.5,16.2,north,east,valid,4095
27.56667,16.2,north,east,valid,4096
27.21733,16.09267,north,east,valid,4097
27.19667,16.19717,north,east,valid,4098
27.18867,16.37583,north,east,valid,4099
27.18733,16.37817,north,east,valid,4100
27.44683,16.31933,north,east,valid,4101
27.68717,15.97717,north,east,valid,4102
27.8985,15.86367,north,east,valid,4103
27.899,15.8645,north,east,valid,4104
27.90167,15.8635,north,east,valid,4105
27.33117,16.2035,north,east,valid,4106
27.125,16.34533,north,east,valid,4107
27.11767,16.0265,north,east,valid,4108
27.13183,16.20767,north,east,valid,4109
27.13267,15.9925,north,east,valid,4110
26.8955,16.58317,north,east,valid,4111
26.95667,16.3475,north,east,valid,4112
26.96583,16.348,north,east,valid,4113
26.87567,16.68033,north,east,valid,4114
26.8825,16.662,north,east,valid,4115
27.198,16.4085,north,east,valid,4116
27.11083,16.04417,north,east,valid,4117
26.9415,16.42117,north,east,valid,4118
26.89633,16.5795,north,east,valid,4119
26.88917,16.55067,north,east,valid,4120
26.89267,16.57667,north,east,valid,4121
26.98017,16.34967,north,east,valid,4122
26.89967,16.57817,north,east,valid,4123
26.89367,16.62617,north,east,valid,4124
27.098,16.12167,north,east,valid,4125
27.4505,16.22383,north,east,valid,4126
27.0295,16.37217,north,east,valid,4127
27.32717,16.21667,north,east,valid,4128
27.05417,16.3875,north,east,valid,4129
27.28067,16.40567,north,east,valid,4130
27.45017,16.18667,north,east,valid,4131
26.83733,16.61367,north,east,valid,4132
27.20983,16.4265,north,east,valid,4133
27.2115,16.432,north,east,valid,4134
26.7375,16.8995,north,east,valid,4135
26.8105,16.80483,north,east,valid,4136
26.97333,16.54167,north,east,valid,4137
27.01933,16.51333,north,east,valid,4138
27.06417,16.39367,north,east,valid,4139
27.07,16.39317,north,east,valid,4140
27.1125,16.33167,north,east,valid,4141
27.113,16.33617,north,east,valid,4142
27.33067,16.2805,north,east,valid,4143
27.36417,16.28033,north,east,valid,4144
27.45367,16.323,north,east,valid,4145
27.48717,16.44533,north,east,valid,4146
27.1725,16.38617,north,east,valid,4147
26.91667,16.66667,north,east,valid,4148
27.17433,15.9205,north,east,valid,4149
27.02583,16.36583,north,east,valid,4150
29.6425,11.73222,north,east,valid,4151
29.865,11.69167,north,east,valid,4152
29.59806,11.94028,north,east,valid,4153
29.57889,11.74944,north,east,valid,4154
29.50639,11.49861,north,east,valid,4155
29.46556,11.43333,north,east,valid,4156
29.59722,11.74167,north,east,valid,4157
29.59806,11.74167,north,east,valid,4158
29.56306,12.03083,north,east,valid,4159
29.61056,12.10778,north,east,valid,4160
29.64778,11.74694,north,east,valid,4161
29.61778,11.77361,north,east,valid,4162
29.63139,11.76194,north,east,valid,4163
29.51139,11.99111,north,east,valid,4164
29.43833,11.87833,north,east,valid,4165
29.48111,12.14056,north,east,valid,4166
29.41917,12.125,north,east,valid,4167
29.26806,11.70528,north,east,valid,4168
29.66472,11.77639,north,east,valid,4169
29.41278,11.95333,north,east,valid,4170
29.62667,11.69389,north,east,valid,4171
29.37806,11.88667,north,east,valid,4172
29.50944,11.80611,north,east,valid,4173
29.58333,11.78333,north,east,valid,4174
29.62889,11.78778,north,east,valid,4175
29.60028,12.23889,north,east,valid,4176
29.32806,11.78222,north,east,valid,4177
29.30222,11.91639,north,east,valid,4178
29.30444,11.90722,north,east,valid,4179
29.36306,11.99667,north,east,valid,4180
29.53333,12.26667,north,east,valid,4181
29.63333,11.73333,north,east,valid,4182
29.61667,11.75,north,east,valid,4183
29.64528,11.66472,north,east,valid,4184
29.62778,11.7025,north,east,valid,4185
51.41667,51.96667,north,east,valid,4186
-75.68139,155.45306,south,east,valid,4187
-75.31667,162.0,south,east,valid,4188
30.75,-104.25,north,west,valid,4189
29.1,-97.6,north,west,valid,4190
29.00833,-97.70556,north,west,valid,4191
34.86,-102.12,north,west,valid,4192
39.75,-84.16667,north,west,valid,4193
-29.38333,23.1,south,east,valid,4194
39.59167,-94.92194,north,west,valid,4195
39.85,-102.95,north,west,valid,4196
-30.88333,128.96667,south,east,valid,4197
-30.88333,128.975,south,east,valid,4198
-30.88333,128.66667,south,east,valid,4199
-30.47,128.745,south,east,valid,4200
-30.53333,128.56667,south,east,valid,4201
-30.58333,128.66667,south,east,valid,4202
-30.16667,128.66667,south,east,valid,4203
-30.66667,129.01667,south,east,valid,4204
-30.73333,128.91667,south,east,valid,4205
-30.573,128.56367,south,east,valid,4206
-30.43333,-64.2,south,west,valid,4207
-30.18333,23.26667,south,east,valid,4208
36.5,-79.75,north,west,valid,4209
-33.5,-70.5,south,west,valid,4210
29.36667,-100.96667,north,west,valid,4211
35.28333,-93.5,north,west,valid,4212
-37.0,149.03333,south,east,valid,4213
36.91667,3.91667,north,east,valid,4214
34.08333,-103.525,north,west,valid,4215
34.09,-103.61167,north,west,valid,4216
34.05,-103.63333,north,west,valid,4217
34.05,-103.55,north,west,valid,4218
32.22548,-107.90459,north,west,valid,4219
39.06667,58.86667,north,east,valid,4220
-30.59694,130.08694,south,east,valid,4221
-30.6,130.06667,south,east,valid,4222
-30.60867,130.08017,south,east,valid,4223
-30.60217,129.96667,south,east,valid,4224
39.65,-99.68333,north,west,valid,4225
39.56583,-99.64722,north,west,valid,4226
33.0,-97.0,north,west,valid,4227
33.07139,-102.80028,north,west,valid,4228
33.51667,-95.3,north,west,valid,4229
50.71667,10.11667,north,east,valid,4230
-80.06667,156.38333,south,east,valid,4231
32.319,-111.077,north,west,valid,4232
35.65917,-115.37283,north,west,valid,4233
33.81667,-97.0,north,west,valid,4234
18.165,54.08333,north,east,valid,4235
18.16667,54.085,north,east,valid,4236
18.20167,54.13667,north,east,valid,4237
18.42833,54.05333,north,east,valid,4238
18.16667,54.16667,north,east,valid,4239
18.13167,54.10833,north,east,valid,4240
18.335,54.18167,north,east,valid,4241
18.34167,54.18833,north,east,valid,4242
18.28167,54.11,north,east,valid,4243
18.33833,54.19833,north,east,valid,4244
18.345,54.19833,north,east,valid,4245
18.35833,54.23333,north,east,valid,4246
18.36667,54.23667,north,east,valid,4247
18.24333,54.14167,north,east,valid,4248
18.64333,54.43,north,east,valid,4249
18.99333,54.415,north,east,valid,4250
18.16,54.13833,north,east,valid,4251
18.30167,54.15333,north,east,valid,4252
18.315,54.14833,north,east,valid,4253
19.03333,54.51667,north,east,valid,4254
18.15333,54.17833,north,east,valid,4255
19.02833,54.49167,north,east,valid,4256
19.075,54.5,north,east,valid,4257
19.06167,54.55333,north,east,valid,4258
18.40333,54.15167,north,east,valid,4259
18.22667,54.11167,north,east,valid,4260
19.26333,54.72067,north,east,valid,4261
18.07583,54.06717,north,east,valid,4262
19.1005,54.8235,north,east,valid,4263
19.115,54.8235,north,east,valid,4264
19.11917,54.81,north,east,valid,4265
19.122,54.79467,north,east,valid,4266
19.16933,54.70317,north,east,valid,4267
19.23717,54.49,north,east,valid,4268
19.16333,54.63667,north,east,valid,4269
19.1275,54.8145,north,east,valid,4270
19.11733,54.79683,north,east,valid,4271
19.11167,54.8195,north,east,valid,4272
19.115,54.82367,north,east,valid,4273
19.11833,54.82783,north,east,valid,4274
19.10067,54.82,north,east,valid,4275
19.102,54.81867,north,east,valid,4276
19.10533,54.81283,north,east,valid,4277
19.11933,54.795,north,east,valid,4278
19.129,54.78617,north,east,valid,4279
19.1575,54.81967,north,east,valid,4280
19.22183,54.69267,north,east,valid,4281
19.1495,54.7555,north,east,valid,4282
19.176,54.84533,north,east,valid,4283
19.176,54.87683,north,east,valid,4284
19.167,54.86633,north,east,valid,4285
19.15633,54.82417,north,east,valid,4286
19.21083,54.7195,north,east,valid,4287
19.14217,54.78683,north,east,valid,4288
19.14767,54.77633,north,east,valid,4289
19.14783,54.77517,north,east,valid,4290
19.16217,54.7665,north,east,valid,4291
19.17067,54.75967,north,east,valid,4292
19.20183,54.7385,north,east,valid,4293
19.1275,54.83567,north,east,valid,4294
19.17817,54.875,north,east,valid,4295
19.17833,54.874,north,east,valid,4296
19.17867,54.87417,north,east,valid,4297
19.13517,54.8565,north,east,valid,4298
19.11717,54.826,north,east,valid,4299
19.18467,54.6725,north,east,valid,4300
19.18217,54.6445,north,east,valid,4301
19.19467,54.58133,north,east,valid,4302
19.15867,54.731,north,east,valid,4303
19.16633,54.74333,north,east,valid,4304
19.15367,54.85367,north,east,valid,4305
19.15733,54.8665,north,east,valid,4306
19.14867,54.84733,north,east,valid,4307
19.16717,54.781,north,east,valid,4308
19.10633,54.81883,north,east,valid,4309
19.21767,54.56733,north,east,valid,4310
19.16017,54.8035,north,east,valid,4311
19.16717,54.78867,north,east,valid,4312
19.18367,54.75317,north,east,valid,4313
19.2375,54.72,north,east,valid,4314
19.322,54.78267,north,east,valid,4315
19.20517,54.55767,north,east,valid,4316
19.2465,54.66783,north,east,valid,4317
19.26583,54.69767,north,east,valid,4318
19.21233,54.8475,north,east,valid,4319
19.23233,54.81117,north,east,valid,4320
19.29467,54.71117,north,east,valid,4321
19.304,54.6955,north,east,valid,4322
19.22367,54.811,north,east,valid,4323
18.26117,54.32483,north,east,valid,4324
18.32967,54.4805,north,east,valid,4325
18.6395,54.54,north,east,valid,4326
18.6425,54.542,north,east,valid,4327
18.665,54.56667,north,east,valid,4328
18.67917,54.58783,north,east,valid,4329
18.66517,54.5635,north,east,valid,4330
18.73683,54.51133,north,east,valid,4331
18.755,54.50833,north,east,valid,4332
18.857,54.48533,north,east,valid,4333
18.90967,54.4765,north,east,valid,4334
18.48778,54.18085,north,east,valid,4335
18.55577,54.00077,north,east,valid,4336
18.55905,54.09825,north,east,valid,4337
18.92655,54.2624,north,east,valid,4338
19.0448,54.50738,north,east,valid,4339
19.06285,54.49708,north,east,valid,4340
18.54293,54.00107,north,east,valid,4341
18.5453,54.02017,north,east,valid,4342
18.54872,54.02702,north,east,valid,4343
18.5539,54.01315,north,east,valid,4344
18.9225,54.4745,north,east,valid,4345
18.55417,54.00253,north,east,valid,4346
18.55478,54.04272,north,east,valid,4347
18.55492,54.0293,north,east,valid,4348
18.5552,54.01572,north,east,valid,4349
18.55673,54.00083,north,east,valid,4350
18.55907,54.08162,north,east,valid,4351
18.55942,54.04513,north,east,valid,4352
19.17203,54.79462,north,east,valid,4353
18.71522,54.37633,north,east,valid,4354
18.72603,54.37865,north,east,valid,4355
18.92967,54.47117,north,east,valid,4356
18.73693,54.47907,north,east,valid,4357
18.73293,54.58742,north,east,valid,4358
19.24968,54.65495,north,east,valid,4359
19.28813,54.52832,north,east,valid,4360
19.30618,54.49478,north,east,valid,4361
19.30875,54.50178,north,east,valid,4362
18.65952,54.2463,north,east,valid,4363
18.66003,54.24553,north,east,valid,4364
18.65695,54.23873,north,east,valid,4365
18.39818,54.07842,north,east,valid,4366
18.97917,54.4645,north,east,valid,4367
19.33263,54.77822,north,east,valid,4368
19.33503,54.79092,north,east,valid,4369
18.4285,54.17082,north,east,valid,4370
18.73963,54.26533,north,east,valid,4371
19.31025,54.75487,north,east,valid,4372
18.69942,54.2651,north,east,valid,4373
19.33615,54.7916,north,east,valid,4374
19.30088,54.63938,north,east,valid,4375
19.30455,54.63157,north,east,valid,4376
18.33045,54.5268,north,east,valid,4377
19.29467,54.71317,north,east,valid,4378
18.7864,54.62955,north,east,valid,4379
18.86395,54.64277,north,east,valid,4380
18.93868,54.74035,north,east,valid,4381
18.91903,54.71077,north,east,valid,4382
18.86492,54.64965,north,east,valid,4383
18.81953,54.6138,north,east,valid,4384
18.85485,54.64018,north,east,valid,4385
18.79307,54.62728,north,east,valid,4386
18.71705,54.702,north,east,valid,4387
18.92632,54.7017,north,east,valid,4388
19.33517,54.79183,north,east,valid,4389
18.89137,54.62413,north,east,valid,4390
18.90902,54.61618,north,east,valid,4391
18.92287,54.62867,north,east,valid,4392
18.93638,54.72413,north,east,valid,4393
18.93075,54.672,north,east,valid,4394
18.97162,54.69287,north,east,valid,4395
18.74713,54.75247,north,east,valid,4396
18.81522,54.63337,north,east,valid,4397
18.85703,54.64465,north,east,valid,4398
18.85235,54.6488,north,east,valid,4399
19.173,54.75783,north,east,valid,4400
19.00248,54.53837,north,east,valid,4401
18.85472,54.64745,north,east,valid,4402
18.83792,54.67033,north,east,valid,4403
18.85372,54.75245,north,east,valid,4404
18.86328,54.67993,north,east,valid,4405
18.87373,54.58605,north,east,valid,4406
18.85002,54.62212,north,east,valid,4407
18.90415,54.70378,north,east,valid,4408
18.96287,54.75133,north,east,valid,4409
18.95067,54.752,north,east,valid,4410
19.26183,54.74083,north,east,valid,4411
19.00867,54.76962,north,east,valid,4412
18.85395,54.64743,north,east,valid,4413
18.85807,54.6433,north,east,valid,4414
19.33302,54.78217,north,east,valid,4415
18.73953,54.19547,north,east,valid,4416
18.75495,54.19122,north,east,valid,4417
18.73805,54.19367,north,east,valid,4418
18.73048,54.18233,north,east,valid,4419
18.74547,54.1939,north,east,valid,4420
18.74372,54.20047,north,east,valid,4421
18.874,54.26817,north,east,valid,4422
18.74065,54.1997,north,east,valid,4423
18.74498,54.198,north,east,valid,4424
18.74215,54.1942,north,east,valid,4425
18.73882,54.19487,north,east,valid,4426
18.7221,54.46077,north,east,valid,4427
19.3281,54.77718,north,east,valid,4428
19.33057,54.79238,north,east,valid,4429
19.33265,54.79373,north,east,valid,4430
18.15363,54.10562,north,east,valid,4431
18.7385,54.47817,north,east,valid,4432
18.43683,54.45483,north,east,valid,4433
19.091944,54.805556,north,east,valid,4434
18.1575,54.09333,north,east,valid,4435
18.14217,54.09683,north,east,valid,4436
18.178,54.10467,north,east,valid,4437
19.200667,54.908417,north,east,valid,4438
19.194833,54.918417,north,east,valid,4439
18.1915,54.1125,north,east,valid,4440
19.223306,54.935778,north,east,valid,4441
19.229083,54.923111,north,east,valid,4442
19.274778,54.672972,north,east,valid,4443
19.191694,54.639389,north,east,valid,4444
18.37933,54.2275,north,east,valid,4445
19.191222,54.671556,north,east,valid,4446
19.190417,54.957194,north,east,valid,4447
18.60833,54.55167,north,east,valid,4448
18.741611,54.26175,north,east,valid,4449
18.751639,54.352361,north,east,valid,4450
18.7435,54.5795,north,east,valid,4451
19.226417,54.96725,north,east,valid,4452
18.70117,54.19683,north,east,valid,4453
19.218111,54.917417,north,east,valid,4454
18.86975,54.840111,north,east,valid,4455
18.7385,54.26783,north,east,valid,4456
18.91444,54.345,north,east,valid,4457
18.745694,54.267167,north,east,valid,4458
18.87633,54.476,north,east,valid,4459
19.13667,54.56333,north,east,valid,4460
19.34,54.74667,north,east,valid,4461
18.85817,54.59933,north,east,valid,4462
19.01677,54.36637,north,east,valid,4463
19.0315,54.3735,north,east,valid,4464
18.96077,54.37707,north,east,valid,4465
18.92433,54.364,north,east,valid,4466
18.97817,54.61667,north,east,valid,4467
18.98267,54.62183,north,east,valid,4468
18.9855,54.62467,north,east,valid,4469
18.23083,54.09,north,east,valid,4470
18.20417,54.05667,north,east,valid,4471
18.76075,54.47285,north,east,valid,4472
19.32675,54.77512,north,east,valid,4473
18.688528,54.326528,north,east,valid,4474
19.0145,54.60433,north,east,valid,4475
18.895667,54.343556,north,east,valid,4476
19.05933,54.546,north,east,valid,4477
18.875861,54.472611,north,east,valid,4478
18.98667,54.6005,north,east,valid,4479
18.534528,54.167889,north,east,valid,4480
18.56925,54.195389,north,east,valid,4481
19.14367,54.83783,north,east,valid,4482
18.733472,54.515083,north,east,valid,4483
18.731389,54.509167,north,east,valid,4484
19.29133,54.8345,north,east,valid,4485
18.682806,54.285778,north,east,valid,4486
18.82852,54.63957,north,east,valid,4487
19.18067,54.41883,north,east,valid,4488
19.32681,54.76439,north,east,valid,4489
18.25117,54.19822,north,east,valid,4490
19.285,54.71067,north,east,valid,4491
18.27717,54.25547,north,east,valid,4492
18.21947,54.30514,north,east,valid,4493
18.552,54.00217,north,east,valid,4494
18.55392,54.01958,north,east,valid,4495
18.532,54.03436,north,east,valid,4496
19.3025,54.555,north,east,valid,4497
18.42632,54.42865,north,east,valid,4498
18.27833,54.285,north,east,valid,4499
18.63333,54.42167,north,east,valid,4500
19.29583,54.73183,north,east,valid,4501
18.57,54.42333,north,east,valid,4502
18.31667,54.14667,north,east,valid,4503
18.85167,54.66167,north,east,valid,4504
18.84667,54.665,north,east,valid,4505
19.39833,54.53,north,east,valid,4506
19.125,54.71833,north,east,valid,4507
18.16667,54.08333,north,east,valid,4508
19.14,54.77,north,east,valid,4509
19.11667,54.785,north,east,valid,4510
19.13667,54.785,north,east,valid,4511
19.1795,54.88733,north,east,valid,4512
19.13833,54.65833,north,east,valid,4513
18.91947,54.36237,north,east,valid,4514
18.6672,54.3662,north,east,valid,4515
18.79508,54.15128,north,east,valid,4516
18.34495,54.25875,north,east,valid,4517
19.32865,54.53763,north,east,valid,4518
18.72992,54.37463,north,east,valid,4519
19.29105,54.5635,north,east,valid,4520
19.136,54.82267,north,east,valid,4521
19.39333,54.595,north,east,valid,4522
19.315,54.53,north,east,valid,4523
19.105,54.84333,north,east,valid,4524
18.81833,54.455,north,east,valid,4525
19.29667,54.56833,north,east,valid,4526
19.15167,54.775,north,east,valid,4527
19.045,54.39333,north,east,valid,4528
18.42,54.10333,north,east,valid,4529
19.15,54.58067,north,east,valid,4530
19.072,54.65267,north,east,valid,4531
19.049,54.583,north,east,valid,4532
18.33233,54.2615,north,east,valid,4533
18.70117,54.29083,north,east,valid,4534
19.30133,54.82367,north,east,valid,4535
18.31133,54.36933,north,east,valid,4536
18.33767,54.45217,north,east,valid,4537
18.33583,54.512,north,east,valid,4538
19.195,54.59593,north,east,valid,4539
19.19135,54.65545,north,east,valid,4540
19.0823,54.77837,north,east,valid,4541
19.14362,54.8831,north,east,valid,4542
19.20305,54.78495,north,east,valid,4543
19.07152,54.77338,north,east,valid,4544
19.15545,54.71392,north,east,valid,4545
19.06712,54.77877,north,east,valid,4546
19.1422,54.88057,north,east,valid,4547
19.14145,54.8788,north,east,valid,4548
18.3575,54.3535,north,east,valid,4549
19.15895,54.70497,north,east,valid,4550
19.07285,54.77768,north,east,valid,4551
19.11375,54.82245,north,east,valid,4552
19.14068,54.67448,north,east,valid,4553
19.19477,54.65712,north,east,valid,4554
19.18973,54.6518,north,east,valid,4555
19.1112,54.61523,north,east,valid,4556
19.10735,54.61293,north,east,valid,4557
19.13882,54.87985,north,east,valid,4558
19.1382,54.67448,north,east,valid,4559
18.38233,54.23617,north,east,valid,4560
19.15535,54.71392,north,east,valid,4561
19.15725,54.71652,north,east,valid,4562
19.19607,54.88028,north,east,valid,4563
19.19707,54.6703,north,east,valid,4564
19.19335,54.66395,north,east,valid,4565
19.20077,54.78503,north,east,valid,4566
19.173,54.70407,north,east,valid,4567
19.11285,54.81877,north,east,valid,4568
18.89067,54.33933,north,east,valid,4569
18.53778,54.18778,north,east,valid,4570
18.412,54.16783,north,east,valid,4571
18.56944,54.24,north,east,valid,4572
18.58833,54.21806,north,east,valid,4573
19.28583,54.7375,north,east,valid,4574
18.43333,54.1,north,east,valid,4575
18.35675,54.02592,north,east,valid,4576
18.24862,54.00363,north,east,valid,4577
18.42333,54.42333,north,east,valid,4578
18.92667,54.56667,north,east,valid,4579
19.16667,54.67333,north,east,valid,4580
18.58333,54.455,north,east,valid,4581
18.41533,54.18233,north,east,valid,4582
18.33833,54.205,north,east,valid,4583
18.436,54.48383,north,east,valid,4584
19.29167,54.57333,north,east,valid,4585
18.41667,54.425,north,east,valid,4586
19.43697,54.70665,north,east,valid,4587
19.4514,54.6524,north,east,valid,4588
18.61667,54.18333,north,east,valid,4589
19.35,54.8,north,east,valid,4590
19.23,54.88,north,east,valid,4591
18.404,54.2415,north,east,valid,4592
19.26397,54.72362,north,east,valid,4593
19.21303,54.62077,north,east,valid,4594
19.01602,54.36783,north,east,valid,4595
18.99865,54.39382,north,east,valid,4596
18.97655,54.40382,north,east,valid,4597
18.98797,54.41825,north,east,valid,4598
18.99842,54.41623,north,east,valid,4599
18.99225,54.41775,north,east,valid,4600
19.01882,54.37352,north,east,valid,4601
18.34367,54.41567,north,east,valid,4602
19.0182,54.3723,north,east,valid,4603
19.01935,54.36903,north,east,valid,4604
18.34955,54.25013,north,east,valid,4605
18.45278,54.16155,north,east,valid,4606
18.5689,54.16808,north,east,valid,4607
18.56905,54.17113,north,east,valid,4608
18.57128,54.17105,north,east,valid,4609
18.56615,54.15795,north,east,valid,4610
18.56177,54.17217,north,east,valid,4611
18.43583,54.2355,north,east,valid,4612
18.56672,54.16967,north,east,valid,4613
18.56668,54.16038,north,east,valid,4614
18.57433,54.14937,north,east,valid,4615
18.60507,54.16885,north,east,valid,4616
18.61057,54.17155,north,east,valid,4617
18.6031,54.17775,north,east,valid,4618
18.98865,54.40313,north,east,valid,4619
18.2025,54.05167,north,east,valid,4620
18.32167,54.481,north,east,valid,4621
19.16612,54.67243,north,east,valid,4622
19.16563,54.66998,north,east,valid,4623
19.16617,54.6703,north,east,valid,4624
19.16797,54.6722,north,east,valid,4625
19.16693,54.67182,north,east,valid,4626
19.16525,54.67247,north,east,valid,4627
19.16813,54.67157,north,east,valid,4628
19.16593,54.67237,north,east,valid,4629
19.16833,54.67155,north,east,valid,4630
19.16168,54.67452,north,east,valid,4631
18.3165,54.31933,north,east,valid,4632
18.79783,54.40437,north,east,valid,4633
18.74325,54.3769,north,east,valid,4634
18.77583,54.45433,north,east,valid,4635
18.67378,54.45017,north,east,valid,4636
18.68517,54.44203,north,east,valid,4637
18.66703,54.43487,north,east,valid,4638
18.68712,54.42,north,east,valid,4639
18.73168,54.39702,north,east,valid,4640
19.25712,54.8987,north,east,valid,4641
19.25742,54.85812,north,east,valid,4642
19.24633,54.70667,north,east,valid,4643
19.18258,54.5945,north,east,valid,4644
18.80522,54.35308,north,east,valid,4645
18.8005,54.35133,north,east,valid,4646
18.72345,54.3155,north,east,valid,4647
18.2238,54.2463,north,east,valid,4648
18.15897,54.26892,north,east,valid,4649
18.1603,54.17717,north,east,valid,4650
18.68038,54.14722,north,east,valid,4651
18.6213,54.43642,north,east,valid,4652
18.62372,54.28792,north,east,valid,4653
19.10117,54.828,north,east,valid,4654
18.6345,54.27192,north,east,valid,4655
18.63988,54.248,north,east,valid,4656
19.33766,54.53293,north,east,valid,4657
18.33861,54.38944,north,east,valid,4658
18.52533,54.61717,north,east,valid,4659
18.40867,54.59533,north,east,valid,4660
18.92633,54.41283,north,east,valid,4661
18.732,54.3845,north,east,valid,4662
18.46117,54.36633,north,east,valid,4663
19.11083,54.81017,north,east,valid,4664
18.6845,54.53967,north,east,valid,4665
18.40167,54.54717,north,east,valid,4666
18.67133,54.68167,north,east,valid,4667
18.35167,54.24056,north,east,valid,4668
18.51133,54.60783,north,east,valid,4669
18.77633,54.39633,north,east,valid,4670
19.56755,54.95415,north,east,valid,4671
19.3895,54.467,north,east,valid,4672
18.46883,54.17483,north,east,valid,4673
18.205,54.29783,north,east,valid,4674
19.11067,54.81633,north,east,valid,4675
18.21917,54.31533,north,east,valid,4676
19.0095,54.50217,north,east,valid,4677
18.35117,54.532,north,east,valid,4678
18.18467,54.58917,north,east,valid,4679
18.515,54.1055,north,east,valid,4680
19.2195,54.92133,north,east,valid,4681
18.52867,54.642,north,east,valid,4682
18.87717,54.3675,north,east,valid,4683
18.26667,54.425,north,east,valid,4684
19.1175,54.82683,north,east,valid,4685
18.63867,54.72383,north,east,valid,4686
18.6275,54.7425,north,east,valid,4687
18.17417,54.28133,north,east,valid,4688
18.222,54.31783,north,east,valid,4689
18.36367,54.56533,north,east,valid,4690
18.5745,54.59033,north,east,valid,4691
18.5345,54.64,north,east,valid,4692
18.585,54.28,north,east,valid,4693
18.647,54.1755,north,east,valid,4694
18.43033,54.23717,north,east,valid,4695
19.1275,54.77533,north,east,valid,4696
18.59083,54.543,north,east,valid,4697
18.63333,54.3475,north,east,valid,4698
18.7645,54.32217,north,east,valid,4699
18.85033,54.3845,north,east,valid,4700
18.66667,54.15083,north,east,valid,4701
18.64717,54.52833,north,east,valid,4702
18.72883,54.57717,north,east,valid,4703
18.4605,54.658,north,east,valid,4704
18.39317,54.66433,north,east,valid,4705
19.1465,54.64783,north,east,valid,4706
18.926,54.39888,north,east,valid,4707
18.45428,54.43658,north,east,valid,4708
18.69617,54.37,north,east,valid,4709
18.2735,54.21367,north,east,valid,4710
18.24233,54.1065,north,east,valid,4711
18.96217,54.18967,north,east,valid,4712
18.88333,54.68383,north,east,valid,4713
18.64867,54.43083,north,east,valid,4714
19.08833,54.79267,north,east,valid,4715
18.68783,54.41217,north,east,valid,4716
18.45333,54.16667,north,east,valid,4717
18.53333,54.13333,north,east,valid,4718
18.51667,54.23333,north,east,valid,4719
19.2872,54.63597,north,east,valid,4720
19.55387,54.03053,north,east,valid,4721
19.29528,54.89278,north,east,valid,4722
19.37306,54.7625,north,east,valid,4723
18.56783,54.42683,north,east,valid,4724
18.48683,54.35033,north,east,valid,4725
19.3695,54.53817,north,east,valid,4726
18.49767,54.33017,north,east,valid,4727
18.42083,54.428,north,east,valid,4728
18.78383,54.42017,north,east,valid,4729
19.17017,54.56867,north,east,valid,4730
19.05767,54.54567,north,east,valid,4731
18.99317,54.27933,north,east,valid,4732
18.67267,54.42917,north,east,valid,4733
19.26444,54.81861,north,east,valid,4734
18.95167,54.28117,north,east,valid,4735
18.76433,54.387,north,east,valid,4736
18.918,54.35383,north,east,valid,4737
18.93583,54.3195,north,east,valid,4738
18.9895,54.43417,north,east,valid,4739
19.323,54.53717,north,east,valid,4740
18.32117,54.1995,north,east,valid,4741
18.96133,54.3685,north,east,valid,4742
18.55933,54.49467,north,east,valid,4743
18.88133,54.39867,north,east,valid,4744
19.25889,54.83833,north,east,valid,4745
19.185,54.631,north,east,valid,4746
19.27139,54.84722,north,east,valid,4747
19.13333,54.65267,north,east,valid,4748
18.58333,54.13333,north,east,valid,4749
18.69542,54.47425,north,east,valid,4750
18.72858,54.53281,north,east,valid,4751
19.35514,54.86961,north,east,valid,4752
18.67458,54.43995,north,east,valid,4753
19.12944,54.36861,north,east,valid,4754
18.4517,54.20653,north,east,valid,4755
18.16358,54.27542,north,east,valid,4756
18.66975,54.21358,north,east,valid,4757
18.3115,54.12833,north,east,valid,4758
19.01075,54.53743,north,east,valid,4759
18.46,54.058,north,east,valid,4760
19.14611,54.40111,north,east,valid,4761
18.69667,54.37167,north,east,valid,4762
18.712,54.40033,north,east,valid,4763
18.57083,54.449,north,east,valid,4764
19.1425,54.76917,north,east,valid,4765
18.82583,54.4295,north,east,valid,4766
18.94267,54.319,north,east,valid,4767
18.4015,54.32383,north,east,valid,4768
18.9665,54.28167,north,east,valid,4769
18.40617,54.31367,north,east,valid,4770
18.977,54.37467,north,east,valid,4771
19.0275,54.68083,north,east,valid,4772
18.92283,54.57283,north,east,valid,4773
18.47203,54.1284,north,east,valid,4774
18.92618,54.7253,north,east,valid,4775
19.28967,54.55092,north,east,valid,4776
18.95108,54.51506,north,east,valid,4777
18.91567,54.49519,north,east,valid,4778
18.93672,54.476,north,east,valid,4779
19.13703,54.82478,north,east,valid,4780
19.17098,54.69008,north,east,valid,4781
19.04562,54.58178,north,east,valid,4782
19.055,54.57889,north,east,valid,4783
19.05822,54.57192,north,east,valid,4784
18.99227,54.47117,north,east,valid,4785
18.72397,54.5406,north,east,valid,4786
18.5979,54.45062,north,east,valid,4787
18.67877,54.2876,north,east,valid,4788
18.39778,54.49128,north,east,valid,4789
18.3347,54.4026,north,east,valid,4790
18.36015,54.39437,north,east,valid,4791
18.35967,54.40705,north,east,valid,4792
18.36002,54.40972,north,east,valid,4793
19.0475,54.59194,north,east,valid,4794
18.88617,54.46905,north,east,valid,4795
18.9914,54.68027,north,east,valid,4796
19.1052,54.80602,north,east,valid,4797
19.13905,54.87353,north,east,valid,4798
19.179,54.93267,north,east,valid,4799
19.17277,54.92233,north,east,valid,4800
19.18085,54.9247,north,east,valid,4801
18.322,54.148,north,east,valid,4802
18.425,54.158,north,east,valid,4803
19.05889,54.615,north,east,valid,4804
18.53958,54.57358,north,east,valid,4805
18.86958,54.22956,north,east,valid,4806
18.73244,54.37936,north,east,valid,4807
18.71122,54.160306,north,east,valid,4808
18.317,54.202,north,east,valid,4809
18.259,54.02947,north,east,valid,4810
19.43382,54.69043,north,east,valid,4811
19.36518,54.51565,north,east,valid,4812
19.36222,54.51893,north,east,valid,4813
19.37243,54.52335,north,east,valid,4814
19.04056,54.58167,north,east,valid,4815
19.26465,54.49753,north,east,valid,4816
19.2701,54.49733,north,east,valid,4817
19.6457,54.24753,north,east,valid,4818
19.65395,54.2377,north,east,valid,4819
19.61972,54.14843,north,east,valid,4820
19.61977,54.14807,north,east,valid,4821
19.55838,54.12582,north,east,valid,4822
18.0901,54.08788,north,east,valid,4823
18.18535,54.269,north,east,valid,4824
18.188,54.2698,north,east,valid,4825
19.05139,54.56194,north,east,valid,4826
18.20358,54.29502,north,east,valid,4827
18.21135,54.2995,north,east,valid,4828
18.38863,54.5411,north,east,valid,4829
18.46253,54.65335,north,east,valid,4830
19.10978,54.81697,north,east,valid,4831
19.09578,54.80188,north,east,valid,4832
19.14333,54.65583,north,east,valid,4833
19.06252,54.55953,north,east,valid,4834
18.92783,54.60623,north,east,valid,4835
18.94895,54.68008,north,east,valid,4836
19.05389,54.56722,north,east,valid,4837
18.86622,54.67967,north,east,valid,4838
18.52065,54.47985,north,east,valid,4839
18.72892,54.37255,north,east,valid,4840
19.11453,54.81357,north,east,valid,4841
18.91455,54.47293,north,east,valid,4842
19.03582,54.50745,north,east,valid,4843
19.01508,54.57903,north,east,valid,4844
18.87403,54.4807,north,east,valid,4845
18.99178,54.59548,north,east,valid,4846
18.61798,54.27775,north,east,valid,4847
18.65073,54.69992,north,east,valid,4848
18.29658,54.14983,north,east,valid,4849
18.65147,54.69853,north,east,valid,4850
18.98073,54.6486,north,east,valid,4851
19.05502,54.54472,north,east,valid,4852
18.91025,54.63185,north,east,valid,4853
19.08188,54.71472,north,east,valid,4854
19.13873,54.66188,north,east,valid,4855
18.97752,54.62923,north,east,valid,4856
19.06278,54.55944,north,east,valid,4857
19.12132,54.82375,north,east,valid,4858
18.95435,54.6369,north,east,valid,4859
18.98955,54.68367,north,east,valid,4860
19.30085,54.83333,north,east,valid,4861
19.18687,54.8817,north,east,valid,4862
19.1823,54.88755,north,east,valid,4863
19.13952,54.66558,north,east,valid,4864
18.9842,54.64507,north,east,valid,4865
19.00318,54.611,north,east,valid,4866
19.06278,54.56,north,east,valid,4867
18.49222,54.1814,north,east,valid,4868
18.57053,54.164,north,east,valid,4869
19.11582,54.59603,north,east,valid,4870
19.15823,54.88668,north,east,valid,4871
19.32694,54.90694,north,east,valid,4872
19.17694,54.89417,north,east,valid,4873
19.06389,54.56389,north,east,valid,4874
19.16417,54.88167,north,east,valid,4875
19.10778,54.82167,north,east,valid,4876
19.10889,54.82722,north,east,valid,4877
19.06083,54.87944,north,east,valid,4878
19.14972,54.58583,north,east,valid,4879
19.07833,54.50556,north,east,valid,4880
19.05667,54.5125,north,east,valid,4881
19.05556,54.50917,north,east,valid,4882
19.07611,54.57556,north,east,valid,4883
19.16083,54.75667,north,east,valid,4884
19.0625,54.55222,north,east,valid,4885
19.18639,54.61472,north,east,valid,4886
19.2025,54.5875,north,east,valid,4887
19.23722,54.74583,north,east,valid,4888
19.24528,54.46278,north,east,valid,4889
19.393,54.55417,north,east,valid,4890
19.06917,54.53472,north,east,valid,4891
19.06667,54.5325,north,east,valid,4892
19.09222,54.50389,north,east,valid,4893
18.92056,54.61639,north,east,valid,4894
18.92722,54.57972,north,east,valid,4895
18.92972,54.57139,north,east,valid,4896
18.93833,54.50133,north,east,valid,4897
18.84722,54.47306,north,east,valid,4898
18.85639,54.47528,north,east,valid,4899
18.87222,54.47861,north,east,valid,4900
18.88306,54.46583,north,east,valid,4901
18.85972,54.47056,north,east,valid,4902
18.21167,54.14833,north,east,valid,4903
18.34167,54.195,north,east,valid,4904
18.38833,54.295,north,east,valid,4905
18.405,54.245,north,east,valid,4906
18.26167,54.24333,north,east,valid,4907
18.68667,54.41833,north,east,valid,4908
18.83667,54.27,north,east,valid,4909
18.26333,54.24667,north,east,valid,4910
18.18333,54.145,north,east,valid,4911
18.38833,54.26667,north,east,valid,4912
18.71333,54.10833,north,east,valid,4913
18.39333,54.16667,north,east,valid,4914
19.30333,54.59833,north,east,valid,4915
19.41667,54.75667,north,east,valid,4916
18.18333,54.12333,north,east,valid,4917
19.41833,54.76333,north,east,valid,4918
19.39333,54.78,north,east,valid,4919
18.23833,54.135,north,east,valid,4920
18.26333,54.06833,north,east,valid,4921
18.80167,54.29,north,east,valid,4922
18.49333,54.25167,north,east,valid,4923
18.75833,54.42667,north,east,valid,4924
18.25667,54.18167,north,east,valid,4925
18.86,54.83167,north,east,valid,4926
18.525,54.11667,north,east,valid,4927
19.04333,54.555,north,east,valid,4928
18.535,54.32167,north,east,valid,4929
18.59833,54.32167,north,east,valid,4930
18.74667,54.565,north,east,valid,4931
18.685,54.40667,north,east,valid,4932
18.14,54.16167,north,east,valid,4933
18.485,54.315,north,east,valid,4934
18.25167,54.19833,north,east,valid,4935
18.69333,54.37,north,east,valid,4936
18.26667,54.09667,north,east,valid,4937
19.15833,54.57333,north,east,valid,4938
18.36,54.18833,north,east,valid,4939
19.11167,54.82833,north,east,valid,4940
18.99,54.6,north,east,valid,4941
19.15,54.58333,north,east,valid,4942
19.05667,54.575,north,east,valid,4943
18.99833,54.585,north,east,valid,4944
18.79167,54.57667,north,east,valid,4945
18.435,54.105,north,east,valid,4946
18.45,54.10333,north,east,valid,4947
19.07,54.45667,north,east,valid,4948
19.005,54.55,north,east,valid,4949
19.02833,54.54833,north,east,valid,4950
19.17667,54.625,north,east,valid,4951
18.4235,54.48,north,east,valid,4952
19.148,54.77783,north,east,valid,4953
18.65183,54.77383,north,east,valid,4954
18.62717,54.75083,north,east,valid,4955
18.62317,54.7285,north,east,valid,4956
18.6305,54.73283,north,east,valid,4957
18.663,54.71183,north,east,valid,4958
18.66933,54.728,north,east,valid,4959
18.98567,54.60083,north,east,valid,4960
18.98583,54.60067,north,east,valid,4961
18.98667,54.60217,north,east,valid,4962
19.1225,54.67333,north,east,valid,4963
19.3015,54.735,north,east,valid,4964
18.5985,54.03383,north,east,valid,4965
18.62467,54.09667,north,east,valid,4966
18.70317,54.28667,north,east,valid,4967
18.745,54.38517,north,east,valid,4968
18.74583,54.38433,north,east,valid,4969
18.74667,54.38333,north,east,valid,4970
18.70933,54.303,north,east,valid,4971
18.78683,54.25167,north,east,valid,4972
18.7865,54.2505,north,east,valid,4973
19.15383,54.71933,north,east,valid,4974
18.27733,54.25533,north,east,valid,4975
18.34583,54.40067,north,east,valid,4976
18.347,54.4155,north,east,valid,4977
18.60283,54.45517,north,east,valid,4978
18.75783,54.4365,north,east,valid,4979
18.32667,54.21833,north,east,valid,4980
18.90167,54.56167,north,east,valid,4981
19.03833,54.515,north,east,valid,4982
18.32833,54.15167,north,east,valid,4983
18.265,54.045,north,east,valid,4984
18.43833,54.11833,north,east,valid,4985
18.375,54.14833,north,east,valid,4986
18.06333,54.05,north,east,valid,4987
18.65,54.135,north,east,valid,4988
18.34833,54.33667,north,east,valid,4989
18.66833,54.66667,north,east,valid,4990
18.265,54.33833,north,east,valid,4991
19.32667,54.78333,north,east,valid,4992
18.575,54.29833,north,east,valid,4993
19.03333,54.62833,north,east,valid,4994
18.44,54.01833,north,east,valid,4995
18.46333,54.03,north,east,valid,4996
18.43333,54.17,north,east,valid,4997
18.12667,54.115,north,east,valid,4998
18.40333,54.14667,north,east,valid,4999
18.49333,54.13333,north,east,valid,5000
18.33333,54.19333,north,east,valid,5001
19.315,54.84333,north,east,valid,5002
18.24833,54.10333,north,east,valid,5003
19.36833,54.68,north,east,valid,5004
19.10667,54.85833,north,east,valid,5005
18.61333,54.5,north,east,valid,5006
19.20833,54.64,north,east,valid,5007
19.32833,54.7,north,east,valid,5008
18.47167,54.15333,north,east,valid,5009
18.17667,54.26333,north,east,valid,5010
18.54667,54.31,north,east,valid,5011
18.40333,54.14333,north,east,valid,5012
18.40167,54.14833,north,east,valid,5013
19.32667,54.785,north,east,valid,5014
19.33,54.78333,north,east,valid,5015
18.40333,54.15,north,east,valid,5016
19.32833,54.785,north,east,valid,5017
19.32833,54.78167,north,east,valid,5018
19.32667,54.78833,north,east,valid,5019
18.98833,54.605,north,east,valid,5020
18.45167,54.03167,north,east,valid,5021
19.31833,54.73,north,east,valid,5022
19.35333,54.825,north,east,valid,5023
19.155,54.78667,north,east,valid,5024
18.58833,54.01833,north,east,valid,5025
18.18,54.175,north,east,valid,5026
18.57,54.28667,north,east,valid,5027
19.03833,54.61167,north,east,valid,5028
18.34833,54.28667,north,east,valid,5029
18.33667,54.22167,north,east,valid,5030
18.21833,54.10667,north,east,valid,5031
18.90333,54.57833,north,east,valid,5032
18.48167,54.135,north,east,valid,5033
19.03333,54.515,north,east,valid,5034
18.38833,54.13333,north,east,valid,5035
18.98,54.405,north,east,valid,5036
18.91833,54.57833,north,east,valid,5037
19.38167,54.59333,north,east,valid,5038
18.14167,54.08667,north,east,valid,5039
18.26833,54.12167,north,east,valid,5040
18.375,54.13833,north,east,valid,5041
19.05667,54.69833,north,east,valid,5042
18.97333,54.68833,north,east,valid,5043
18.755,54.58,north,east,valid,5044
18.72667,54.675,north,east,valid,5045
18.76167,54.70333,north,east,valid,5046
18.64,54.56,north,east,valid,5047
18.88833,54.75667,north,east,valid,5048
19.32833,54.705,north,east,valid,5049
18.32833,54.035,north,east,valid,5050
18.345,54.19667,north,east,valid,5051
18.44333,54.21667,north,east,valid,5052
19.11667,54.80833,north,east,valid,5053
18.915,54.6,north,east,valid,5054
18.57333,54.45667,north,east,valid,5055
18.48333,54.325,north,east,valid,5056
18.455,54.28,north,east,valid,5057
18.82167,54.22667,north,east,valid,5058
19.23902,54.82563,north,east,valid,5059
18.67437,54.5418,north,east,valid,5060
18.6676,54.60492,north,east,valid,5061
18.65917,54.7296,north,east,valid,5062
18.63775,54.73005,north,east,valid,5063
18.63768,54.73132,north,east,valid,5064
18.63538,54.73105,north,east,valid,5065
18.61157,54.7342,north,east,valid,5066
18.43085,54.45638,north,east,valid,5067
19.04002,54.78383,north,east,valid,5068
19.03272,54.85748,north,east,valid,5069
19.03452,54.84602,north,east,valid,5070
19.09132,54.79465,north,east,valid,5071
19.09138,54.79483,north,east,valid,5072
18.99968,54.91148,north,east,valid,5073
19.05773,54.82513,north,east,valid,5074
19.07348,54.80533,north,east,valid,5075
19.07905,54.79395,north,east,valid,5076
19.07828,54.78712,north,east,valid,5077
18.54798,54.67692,north,east,valid,5078
18.65233,54.73462,north,east,valid,5079
18.65212,54.74558,north,east,valid,5080
18.70182,54.79228,north,east,valid,5081
19.03822,54.79423,north,east,valid,5082
19.09187,54.79595,north,east,valid,5083
19.12063,54.82343,north,east,valid,5084
18.15833,54.11333,north,east,valid,5085
19.0084,54.76913,north,east,valid,5086
19.10745,54.80967,north,east,valid,5087
19.10633,54.81735,north,east,valid,5088
19.10633,54.81733,north,east,valid,5089
19.1073,54.81752,north,east,valid,5090
19.10677,54.82085,north,east,valid,5091
19.11203,54.8059,north,east,valid,5092
19.10322,54.79433,north,east,valid,5093
19.10593,54.81028,north,east,valid,5094
19.10895,54.81452,north,east,valid,5095
19.10847,54.79945,north,east,valid,5096
19.13353,54.80995,north,east,valid,5097
19.10742,54.8195,north,east,valid,5098
19.13333,54.81827,north,east,valid,5099
19.13922,54.83312,north,east,valid,5100
19.03612,54.88805,north,east,valid,5101
19.03642,54.88535,north,east,valid,5102
19.03585,54.88523,north,east,valid,5103
19.0388,54.88197,north,east,valid,5104
19.0949,54.80253,north,east,valid,5105
18.2209,54.70118,north,east,valid,5106
19.28818,54.5391,north,east,valid,5107
19.30018,54.5332,north,east,valid,5108
19.30017,54.53572,north,east,valid,5109
19.29363,54.53803,north,east,valid,5110
19.30042,54.53087,north,east,valid,5111
19.3023,54.53087,north,east,valid,5112
19.28503,54.53413,north,east,valid,5113
18.6874,54.12648,north,east,valid,5114
18.70388,54.20318,north,east,valid,5115
18.74142,54.1933,north,east,valid,5116
18.8213,54.34747,north,east,valid,5117
18.77153,54.24288,north,east,valid,5118
18.76427,54.23325,north,east,valid,5119
18.76392,54.23132,north,east,valid,5120
18.81485,54.4282,north,east,valid,5121
18.76272,54.27838,north,east,valid,5122
18.77178,54.22735,north,east,valid,5123
18.61625,54.73523,north,east,valid,5124
18.6169,54.73017,north,east,valid,5125
18.618,54.72692,north,east,valid,5126
18.62705,54.70933,north,east,valid,5127
18.70828,54.57485,north,east,valid,5128
18.7899,54.48852,north,east,valid,5129
18.80872,54.50495,north,east,valid,5130
18.90343,54.639,north,east,valid,5131
18.78095,54.7802,north,east,valid,5132
18.6203,54.64283,north,east,valid,5133
18.63618,54.52935,north,east,valid,5134
18.74653,54.41242,north,east,valid,5135
18.8871,54.52505,north,east,valid,5136
18.91728,54.71143,north,east,valid,5137
18.8068,54.43933,north,east,valid,5138
18.79545,54.5819,north,east,valid,5139
18.75168,54.36353,north,east,valid,5140
18.7513,54.36342,north,east,valid,5141
18.86248,54.43,north,east,valid,5142
18.90838,54.4797,north,east,valid,5143
18.90733,54.49255,north,east,valid,5144
18.93805,54.68658,north,east,valid,5145
18.89942,54.53957,north,east,valid,5146
18.90573,54.50885,north,east,valid,5147
18.9135,54.4838,north,east,valid,5148
18.9108,54.47493,north,east,valid,5149
18.80677,54.38725,north,east,valid,5150
18.75495,54.41445,north,east,valid,5151
18.93593,54.63105,north,east,valid,5152
19.01827,54.39877,north,east,valid,5153
18.24835,54.0016,north,east,valid,5154
18.24862,54.00242,north,east,valid,5155
18.24857,54.00337,north,east,valid,5156
18.24942,54.00727,north,east,valid,5157
18.2447,53.9978,north,east,valid,5158
18.24667,54.00188,north,east,valid,5159
18.2468,54.00242,north,east,valid,5160
18.2496,53.99437,north,east,valid,5161
18.24722,54.00628,north,east,valid,5162
18.2469,53.9962,north,east,valid,5163
18.25377,54.00077,north,east,valid,5164
18.2565,53.99208,north,east,valid,5165
19.2409,54.93694,north,east,valid,5166
19.05083,54.70167,north,east,valid,5167
19.25557,54.83583,north,east,valid,5168
19.15056,54.73556,north,east,valid,5169
19.17597,54.76417,north,east,valid,5170
19.16778,54.76806,north,east,valid,5171
19.1025,54.80111,north,east,valid,5172
19.11023,54.88528,north,east,valid,5173
19.18556,54.88417,north,east,valid,5174
19.16861,54.61667,north,east,valid,5175
19.20111,54.65194,north,east,valid,5176
19.13828,54.89889,north,east,valid,5177
19.16585,54.75222,north,east,valid,5178
19.15083,54.68333,north,east,valid,5179
19.10167,54.81806,north,east,valid,5180
19.11045,54.87389,north,east,valid,5181
19.10083,54.78361,north,east,valid,5182
19.11102,54.92111,north,east,valid,5183
19.15194,54.76667,north,east,valid,5184
19.10618,55.04583,north,east,valid,5185
19.41667,54.58333,north,east,valid,5186
18.71667,54.45,north,east,valid,5187
18.58667,54.39667,north,east,valid,5188
18.71167,54.65333,north,east,valid,5189
19.14667,54.58,north,east,valid,5190
19.15833,54.575,north,east,valid,5191
18.155,54.11167,north,east,valid,5192
18.96667,54.64167,north,east,valid,5193
18.72333,54.865,north,east,valid,5194
18.38667,54.20333,north,east,valid,5195
18.35,54.195,north,east,valid,5196
18.38833,54.29167,north,east,valid,5197
18.58167,54.405,north,east,valid,5198
18.735,54.36833,north,east,valid,5199
18.29833,54.19333,north,east,valid,5200
18.30833,54.17333,north,east,valid,5201
18.32833,54.19333,north,east,valid,5202
18.91167,54.475,north,east,valid,5203
18.14,54.07,north,east,valid,5204
18.91333,54.36167,north,east,valid,5205
18.95667,54.385,north,east,valid,5206
18.81,54.26167,north,east,valid,5207
18.335,54.2,north,east,valid,5208
18.8,54.24833,north,east,valid,5209
19.00667,54.39333,north,east,valid,5210
18.875,54.46667,north,east,valid,5211
18.925,54.45833,north,east,valid,5212
18.70667,54.38,north,east,valid,5213
18.89667,54.53833,north,east,valid,5214
18.85833,54.71333,north,east,valid,5215
19.17333,54.87,north,east,valid,5216
18.24,54.16833,north,east,valid,5217
19.39667,54.72833,north,east,valid,5218
19.09833,54.5,north,east,valid,5219
18.23833,54.13667,north,east,valid,5220
19.33833,54.67667,north,east,valid,5221
18.27667,54.135,north,east,valid,5222
18.36667,54.15167,north,east,valid,5223
18.37333,54.13,north,east,valid,5224
18.37,54.23333,north,east,valid,5225
18.43333,54.10833,north,east,valid,5226
18.42,54.24667,north,east,valid,5227
18.17833,54.18167,north,east,valid,5228
19.19667,54.70333,north,east,valid,5229
19.33333,54.795,north,east,valid,5230
18.31667,54.14833,north,east,valid,5231
18.89833,54.705,north,east,valid,5232
19.33833,54.605,north,east,valid,5233
18.18833,54.16667,north,east,valid,5234
18.56,54.105,north,east,valid,5235
18.33433,54.18067,north,east,valid,5236
18.80833,54.47217,north,east,valid,5237
19.27461,54.45939,north,east,valid,5238
19.31528,54.51786,north,east,valid,5239
19.35225,54.63828,north,east,valid,5240
19.30594,54.54494,north,east,valid,5241
19.37919,54.16786,north,east,valid,5242
19.34917,54.56833,north,east,valid,5243
18.70953,54.36465,north,east,valid,5244
18.84135,54.5634,north,east,valid,5245
18.71728,54.35902,north,east,valid,5246
18.7166,54.36753,north,east,valid,5247
18.72268,54.3756,north,east,valid,5248
18.72237,54.3784,north,east,valid,5249
18.71653,54.36915,north,east,valid,5250
18.71897,54.36953,north,east,valid,5251
18.72663,54.37452,north,east,valid,5252
18.73028,54.37948,north,east,valid,5253
18.71848,54.22,north,east,valid,5254
18.72607,54.38083,north,east,valid,5255
18.7271,54.37072,north,east,valid,5256
18.72745,54.38548,north,east,valid,5257
18.71975,54.37838,north,east,valid,5258
18.71863,54.37952,north,east,valid,5259
18.81857,54.37443,north,east,valid,5260
18.71272,54.37388,north,east,valid,5261
18.7128,54.37842,north,east,valid,5262
18.7132,54.37458,north,east,valid,5263
18.7095,54.54132,north,east,valid,5264
18.70115,54.36907,north,east,valid,5265
18.71905,54.36962,north,east,valid,5266
18.70292,54.36708,north,east,valid,5267
18.70173,54.36642,north,east,valid,5268
18.7281,54.38103,north,east,valid,5269
18.671,54.42017,north,east,valid,5270
18.67985,54.41197,north,east,valid,5271
18.6811,54.39833,north,east,valid,5272
18.76628,54.66063,north,east,valid,5273
18.71983,54.19695,north,east,valid,5274
18.71505,54.19682,north,east,valid,5275
18.72347,54.19185,north,east,valid,5276
18.72495,54.1872,north,east,valid,5277
18.7246,54.19162,north,east,valid,5278
18.69955,54.19663,north,east,valid,5279
18.70103,54.18573,north,east,valid,5280
18.70563,54.18152,north,east,valid,5281
18.69217,54.2014,north,east,valid,5282
18.69238,54.19085,north,east,valid,5283
18.7386,54.21205,north,east,valid,5284
18.7247,54.39503,north,east,valid,5285
18.74012,54.37328,north,east,valid,5286
18.7395,54.37357,north,east,valid,5287
18.74225,54.37987,north,east,valid,5288
18.44,54.47935,north,east,valid,5289
18.69087,54.7048,north,east,valid,5290
18.6912,54.6836,north,east,valid,5291
18.68805,54.67873,north,east,valid,5292
18.70712,54.18305,north,east,valid,5293
18.72913,54.18748,north,east,valid,5294
18.7888,54.41863,north,east,valid,5295
18.71768,54.19992,north,east,valid,5296
18.72545,54.18723,north,east,valid,5297
18.7288,54.19053,north,east,valid,5298
18.73567,54.19213,north,east,valid,5299
18.7373,54.19537,north,east,valid,5300
18.74047,54.19965,north,east,valid,5301
19.13892,54.88143,north,east,valid,5302
19.14465,54.88252,north,east,valid,5303
19.15362,54.71268,north,east,valid,5304
19.25775,54.78192,north,east,valid,5305
19.17863,54.89285,north,east,valid,5306
19.24068,54.89285,north,east,valid,5307
19.161,54.70645,north,east,valid,5308
19.20182,54.78373,north,east,valid,5309
19.14145,54.6593,north,east,valid,5310
19.16667,54.65688,north,east,valid,5311
19.32458,54.8239,north,east,valid,5312
19.22787,54.85368,north,east,valid,5313
19.18553,54.65797,north,east,valid,5314
19.12012,54.814,north,east,valid,5315
19.11283,54.82363,north,east,valid,5316
19.11608,54.82283,north,east,valid,5317
19.11212,54.82022,north,east,valid,5318
19.106,54.81438,north,east,valid,5319
19.10948,54.8162,north,east,valid,5320
19.1079,54.81267,north,east,valid,5321
19.10982,54.81738,north,east,valid,5322
19.11412,54.81642,north,east,valid,5323
19.10727,54.60727,north,east,valid,5324
19.11107,54.61557,north,east,valid,5325
19.0682,54.77513,north,east,valid,5326
19.1982,54.88227,north,east,valid,5327
19.1958,54.8619,north,east,valid,5328
19.20277,54.65562,north,east,valid,5329
19.20277,54.60048,north,east,valid,5330
19.13788,54.66702,north,east,valid,5331
19.17865,54.69808,north,east,valid,5332
18.19282,53.80802,north,east,valid,5333
18.65065,53.92492,north,east,valid,5334
18.6608,53.90457,north,east,valid,5335
18.96205,54.14542,north,east,valid,5336
18.9942,54.18137,north,east,valid,5337
19.18155,54.68738,north,east,valid,5338
19.18947,54.64198,north,east,valid,5339
19.19365,54.63747,north,east,valid,5340
19.19365,54.7766,north,east,valid,5341
19.20372,54.77657,north,east,valid,5342
19.10548,54.83808,north,east,valid,5343
19.10795,54.81,north,east,valid,5344
19.1071,54.81638,north,east,valid,5345
19.11953,54.83563,north,east,valid,5346
19.09107,54.79628,north,east,valid,5347
19.09915,54.80073,north,east,valid,5348
19.1073,54.78677,north,east,valid,5349
19.12072,54.77867,north,east,valid,5350
19.12657,54.80297,north,east,valid,5351
19.09042,54.08753,north,east,valid,5352
19.09815,54.80662,north,east,valid,5353
19.098,54.80357,north,east,valid,5354
19.1046,54.80945,north,east,valid,5355
19.10777,54.81222,north,east,valid,5356
19.12023,54.79698,north,east,valid,5357
19.11628,54.8095,north,east,valid,5358
19.1005,54.77292,north,east,valid,5359
19.09908,54.8067,north,east,valid,5360
19.10097,54.80688,north,east,valid,5361
19.08537,54.75128,north,east,valid,5362
19.20318,54.60555,north,east,valid,5363
19.2063,54.6083,north,east,valid,5364
19.21305,54.61098,north,east,valid,5365
19.2133,54.62908,north,east,valid,5366
19.22157,54.62478,north,east,valid,5367
19.22398,54.63223,north,east,valid,5368
19.2663,54.6714,north,east,valid,5369
19.27163,54.66957,north,east,valid,5370
19.2933,54.6873,north,east,valid,5371
19.30317,54.6985,north,east,valid,5372
19.31245,54.71187,north,east,valid,5373
19.30697,54.71355,north,east,valid,5374
19.31268,54.7189,north,east,valid,5375
19.34538,54.73505,north,east,valid,5376
19.3445,54.72835,north,east,valid,5377
19.3415,54.72497,north,east,valid,5378
19.35335,54.7402,north,east,valid,5379
19.37513,54.74853,north,east,valid,5380
19.4118,54.76188,north,east,valid,5381
19.40672,54.75822,north,east,valid,5382
19.41362,54.76867,north,east,valid,5383
19.4212,54.7952,north,east,valid,5384
19.42977,54.80397,north,east,valid,5385
19.28167,54.83,north,east,valid,5386
19.23667,54.75833,north,east,valid,5387
19.38333,54.595,north,east,valid,5388
19.187,54.77733,north,east,valid,5389
19.10333,54.82833,north,east,valid,5390
19.30833,54.55167,north,east,valid,5391
19.14833,54.80333,north,east,valid,5392
19.165,54.77667,north,east,valid,5393
19.17333,54.875,north,east,valid,5394
18.89167,54.58667,north,east,valid,5395
18.81667,54.26167,north,east,valid,5396
19.05333,54.53333,north,east,valid,5397
18.425,54.16,north,east,valid,5398
18.345,54.175,north,east,valid,5399
18.385,54.135,north,east,valid,5400
18.46,54.00667,north,east,valid,5401
18.49833,54.04333,north,east,valid,5402
18.69833,54.61333,north,east,valid,5403
18.715,54.35833,north,east,valid,5404
18.25167,54.425,north,east,valid,5405
18.9,54.4,north,east,valid,5406
19.16667,54.58333,north,east,valid,5407
19.31333,54.85167,north,east,valid,5408
19.255,54.8,north,east,valid,5409
18.945,54.895,north,east,valid,5410
18.79167,54.15333,north,east,valid,5411
18.68667,54.53333,north,east,valid,5412
18.68333,54.21833,north,east,valid,5413
19.14667,54.58667,north,east,valid,5414
19.15,54.57667,north,east,valid,5415
19.34167,54.73333,north,east,valid,5416
19.34333,54.73333,north,east,valid,5417
19.325,54.79167,north,east,valid,5418
19.405,54.57833,north,east,valid,5419
18.58833,54.23,north,east,valid,5420
19.06833,54.78,north,east,valid,5421
19.19333,54.70167,north,east,valid,5422
19.26,54.805,north,east,valid,5423
18.88637,54.65452,north,east,valid,5424
18.27562,54.32182,north,east,valid,5425
18.79565,54.73953,north,east,valid,5426
18.77152,54.71638,north,east,valid,5427
18.8773,54.78035,north,east,valid,5428
18.83783,54.67117,north,east,valid,5429
18.89213,54.71285,north,east,valid,5430
18.72743,54.76705,north,east,valid,5431
18.26585,54.32107,north,east,valid,5432
18.85367,54.64705,north,east,valid,5433
18.31667,54.23578,north,east,valid,5434
18.42112,54.58853,north,east,valid,5435
18.85383,54.647,north,east,valid,5436
18.9645,54.75722,north,east,valid,5437
18.73127,54.82003,north,east,valid,5438
18.94455,54.67403,north,east,valid,5439
19.06058,54.52113,north,east,valid,5440
18.75133,54.71908,north,east,valid,5441
18.86492,54.64972,north,east,valid,5442
18.83062,54.76645,north,east,valid,5443
18.94362,54.67067,north,east,valid,5444
18.2776,54.32358,north,east,valid,5445
18.8323,54.76583,north,east,valid,5446
18.81928,54.61427,north,east,valid,5447
18.96265,54.75108,north,east,valid,5448
18.245,54.40912,north,east,valid,5449
18.85012,54.62327,north,east,valid,5450
19.0855,54.76243,north,east,valid,5451
18.8473,54.53538,north,east,valid,5452
18.69225,54.59118,north,east,valid,5453
18.90333,54.70452,north,east,valid,5454
18.86208,54.67937,north,east,valid,5455
18.84122,54.7564,north,east,valid,5456
18.72542,54.73048,north,east,valid,5457
18.94137,54.69545,north,east,valid,5458
19.72137,54.67897,north,east,valid,5459
18.57135,54.71478,north,east,valid,5460
18.41212,54.62893,north,east,valid,5461
18.62047,54.71545,north,east,valid,5462
18.95472,54.80468,north,east,valid,5463
19.08235,54.45228,north,east,valid,5464
19.06693,54.51932,north,east,valid,5465
19.02922,54.54473,north,east,valid,5466
19.02948,54.54437,north,east,valid,5467
19.03792,54.53703,north,east,valid,5468
19.06632,54.52197,north,east,valid,5469
19.06943,54.52135,north,east,valid,5470
19.06843,54.53502,north,east,valid,5471
19.04183,54.55647,north,east,valid,5472
19.05162,54.46338,north,east,valid,5473
19.0487,54.5291,north,east,valid,5474
19.05907,54.53693,north,east,valid,5475
19.0604,54.53672,north,east,valid,5476
19.0605,54.53677,north,east,valid,5477
19.0704,54.53838,north,east,valid,5478
19.06252,54.55048,north,east,valid,5479
19.05568,54.55108,north,east,valid,5480
19.05233,54.54195,north,east,valid,5481
19.0586,54.53503,north,east,valid,5482
19.06155,54.53462,north,east,valid,5483
18.91925,54.26692,north,east,valid,5484
18.56528,54.0807,north,east,valid,5485
18.50428,54.0859,north,east,valid,5486
18.17998,54.20367,north,east,valid,5487
18.5645,54.09627,north,east,valid,5488
18.56095,54.09983,north,east,valid,5489
18.5581,54.1039,north,east,valid,5490
18.5624,54.10895,north,east,valid,5491
18.5497,54.12023,north,east,valid,5492
18.9622,54.59012,north,east,valid,5493
18.97923,54.62818,north,east,valid,5494
19.01982,54.51398,north,east,valid,5495
19.02542,54.50633,north,east,valid,5496
19.04028,54.49387,north,east,valid,5497
19.04587,54.49452,north,east,valid,5498
19.0456,54.494,north,east,valid,5499
19.04892,54.49267,north,east,valid,5500
19.05025,54.49242,north,east,valid,5501
19.06013,54.53182,north,east,valid,5502
19.06027,54.54348,north,east,valid,5503
19.06045,54.54367,north,east,valid,5504
19.05877,54.54738,north,east,valid,5505
19.05978,54.56268,north,east,valid,5506
19.06003,54.5788,north,east,valid,5507
19.04493,54.47637,north,east,valid,5508
19.04797,54.48912,north,east,valid,5509
19.0504,54.4906,north,east,valid,5510
19.05335,54.49323,north,east,valid,5511
19.06228,54.49735,north,east,valid,5512
18.64482,54.00393,north,east,valid,5513
18.34867,54.214,north,east,valid,5514
18.30583,54.14967,north,east,valid,5515
19.32833,54.76333,north,east,valid,5516
18.52833,54.00333,north,east,valid,5517
19.34167,54.56,north,east,valid,5518
18.63,54.05,north,east,valid,5519
19.18833,54.79833,north,east,valid,5520
19.17667,54.67833,north,east,valid,5521
18.39167,54.16,north,east,valid,5522
18.40833,54.13,north,east,valid,5523
18.34333,54.09333,north,east,valid,5524
18.46167,54.01,north,east,valid,5525
18.20167,54.28,north,east,valid,5526
18.18167,54.09667,north,east,valid,5527
18.61833,54.155,north,east,valid,5528
18.45833,54.57167,north,east,valid,5529
18.24333,54.135,north,east,valid,5530
18.98,54.54167,north,east,valid,5531
18.88,54.61667,north,east,valid,5532
18.31167,54.145,north,east,valid,5533
18.395,54.27,north,east,valid,5534
18.395,54.13667,north,east,valid,5535
18.22167,54.1,north,east,valid,5536
19.17833,54.825,north,east,valid,5537
19.3,54.66833,north,east,valid,5538
19.03167,54.51167,north,east,valid,5539
19.16,54.58667,north,east,valid,5540
19.38333,54.59333,north,east,valid,5541
18.16333,54.16,north,east,valid,5542
19.33167,54.78333,north,east,valid,5543
19.33015,54.77972,north,east,valid,5544
19.33173,54.7789,north,east,valid,5545
19.33167,54.77667,north,east,valid,5546
18.97833,54.40833,north,east,valid,5547
18.695,54.25,north,east,valid,5548
18.91333,54.41667,north,east,valid,5549
19.205,54.52667,north,east,valid,5550
19.09667,54.79167,north,east,valid,5551
19.30667,54.55167,north,east,valid,5552
19.26,54.48833,north,east,valid,5553
18.66667,54.16,north,east,valid,5554
18.91833,54.40833,north,east,valid,5555
18.625,54.43,north,east,valid,5556
19.405,54.57,north,east,valid,5557
19.335,54.66333,north,east,valid,5558
19.16333,54.66833,north,east,valid,5559
19.39667,54.56333,north,east,valid,5560
19.07333,54.74833,north,east,valid,5561
19.11333,54.75,north,east,valid,5562
18.51667,54.22833,north,east,valid,5563
19.39,54.55833,north,east,valid,5564
19.105,54.81833,north,east,valid,5565
19.16667,54.87167,north,east,valid,5566
19.28833,54.695,north,east,valid,5567
18.925,54.59833,north,east,valid,5568
19.105,54.81167,north,east,valid,5569
18.89333,54.73167,north,east,valid,5570
19.18167,54.57833,north,east,valid,5571
19.405,54.575,north,east,valid,5572
18.20833,54.12,north,east,valid,5573
18.58167,54.19667,north,east,valid,5574
19.16667,54.40333,north,east,valid,5575
19.05167,54.765,north,east,valid,5576
19.24333,54.53667,north,east,valid,5577
19.095,54.73167,north,east,valid,5578
19.165,54.40333,north,east,valid,5579
18.35333,54.235,north,east,valid,5580
19.39833,54.595,north,east,valid,5581
19.125,54.67833,north,east,valid,5582
19.325,54.78167,north,east,valid,5583
18.63167,54.23167,north,east,valid,5584
19.065,54.76167,north,east,valid,5585
19.135,54.565,north,east,valid,5586
18.535,54.13333,north,east,valid,5587
19.055,54.75333,north,east,valid,5588
19.21667,54.65667,north,east,valid,5589
19.09167,54.38667,north,east,valid,5590
19.085,54.77,north,east,valid,5591
19.38667,54.57667,north,east,valid,5592
19.39667,54.55833,north,east,valid,5593
19.39833,54.56333,north,east,valid,5594
19.15547,54.5555,north,east,valid,5595
19.126,54.85633,north,east,valid,5596
19.15314,54.96017,north,east,valid,5597
19.19217,54.9855,north,east,valid,5598
19.29667,54.9336,north,east,valid,5599
19.30022,54.85844,north,east,valid,5600
19.36947,54.83828,north,east,valid,5601
19.38517,54.83367,north,east,valid,5602
19.26831,54.84694,north,east,valid,5603
19.23439,54.91681,north,east,valid,5604
19.21939,54.91858,north,east,valid,5605
19.22119,54.95961,north,east,valid,5606
19.22878,54.93953,north,east,valid,5607
19.75667,54.93667,north,east,valid,5608
19.17117,54.906,north,east,valid,5609
19.19733,54.91717,north,east,valid,5610
19.22478,54.92317,north,east,valid,5611
19.23139,54.92333,north,east,valid,5612
19.25317,54.83617,north,east,valid,5613
19.258,54.83567,north,east,valid,5614
19.31783,54.7295,north,east,valid,5615
19.22483,54.89417,north,east,valid,5616
19.1402,54.68142,north,east,valid,5617
19.16365,54.66127,north,east,valid,5618
18.26817,54.15067,north,east,valid,5619
33.66348,-114.29207,north,west,valid,5620
40.08173,-115.93673,north,west,valid,5621
42.33333,89.33333,north,east,valid,5622
-36.5,142.03333,south,east,valid,5623
43.04639,22.86389,north,east,valid,5624
34.58333,-102.16667,north,west,valid,5625
34.48333,-102.32833,north,west,valid,5626
-30.43333,126.1,south,east,valid,5627
39.5,-98.53333,north,west,valid,5628
45.7,43.7,north,east,valid,5629
41.23333,-103.48333,north,west,valid,5630
25.22367,0.8456,north,east,valid,5631
25.15592,0.82213,north,east,valid,5632
25.08683,0.8324,north,east,valid,5633
27.86667,0.45,north,east,valid,5634
-19.65,-69.95,south,west,valid,5635
-85.33333,166.5,south,east,valid,5636
-33.61667,115.91667,south,east,valid,5637
-25.93333,119.3,south,east,valid,5638
26.95833,16.03333,north,east,valid,5639
33.92667,-103.955,north,west,valid,5640
33.92333,-103.35,north,west,valid,5641
-37.66667,-61.65,south,west,valid,5642
53.33333,70.06667,north,east,valid,5643
-30.28333,152.66667,south,east,valid,5644
32.295,-109.67,north,west,valid,5645
33.97917,-101.2,north,west,valid,5646
38.41667,-106.58333,north,west,valid,5647
48.66667,-97.11667,north,west,valid,5648
39.61667,-100.46306,north,west,valid,5649
54.74667,41.42167,north,east,valid,5650
39.5,-112.9,north,west,valid,5651
37.72683,-114.7865,north,west,valid,5652
23.9,108.1,north,east,valid,5653
40.38333,-110.86667,north,west,valid,5654
35.85,-82.7,north,west,valid,5655
-27.5,122.36667,south,east,valid,5656
35.9,-101.9,north,west,valid,5657
35.925,-101.895,north,west,valid,5658
33.81667,-100.51667,north,west,valid,5659
32.63333,-96.86667,north,west,valid,5660
36.85,-82.45,north,west,valid,5661
-42.55,171.35,south,east,valid,5662
34.48333,-113.91667,north,west,valid,5663
38.85,-96.58333,north,west,valid,5664
38.47,-102.82667,north,west,valid,5665
38.61667,-84.96667,north,west,valid,5666
-29.58639,122.18167,south,east,valid,5667
39.76667,-99.91667,north,west,valid,5668
34.28333,-101.83333,north,west,valid,5669
53.66667,-113.41667,north,west,valid,5670
37.03333,-85.63333,north,west,valid,5671
52.5,77.0,north,east,valid,5672
66.8,178.2,north,east,valid,5673
29.685,4.03194,north,east,valid,5674
29.69889,4.05889,north,east,valid,5675
29.75944,4.20861,north,east,valid,5676
29.76306,4.23528,north,east,valid,5677
29.53722,4.22639,north,east,valid,5678
29.73972,4.22139,north,east,valid,5679
29.71,4.19028,north,east,valid,5680
30.06222,4.55722,north,east,valid,5681
30.13028,4.48306,north,east,valid,5682
29.81835,4.38228,north,east,valid,5683
30.01965,4.55562,north,east,valid,5684
29.1266,4.71773,north,east,valid,5685
29.975,4.66667,north,east,valid,5686
29.16667,3.73333,north,east,valid,5687
28.9,4.51667,north,east,valid,5688
29.36667,4.75,north,east,valid,5689
29.53333,4.31667,north,east,valid,5690
28.6,26.4,north,east,valid,5691
29.91667,-5.41667,north,west,valid,5692
29.33333,-101.83333,north,west,valid,5693
33.5,-105.5,north,west,valid,5694
26.86667,-105.23333,north,west,valid,5695
-29.43333,-66.83333,south,west,valid,5696
23.43333,-1.41667,north,west,valid,5697
23.45,-1.86667,north,west,valid,5698
23.5,-1.85,north,west,valid,5699
23.55,-1.81667,north,west,valid,5700
23.66667,-1.58333,north,west,valid,5701
23.66667,-1.81667,north,west,valid,5702
29.28333,30.85,north,east,valid,5703
30.01667,2.98333,north,east,valid,5704
30.1,-6.85,north,west,valid,5705
23.28333,-10.81667,north,west,valid,5706
-24.85,-70.53333,south,west,valid,5707
33.68333,-112.26667,north,west,valid,5708
34.65433,-117.59638,north,west,valid,5709
34.64667,-117.58108,north,west,valid,5710
34.63432,-117.56217,north,west,valid,5711
34.65783,-117.59892,north,west,valid,5712
31.78333,-106.23333,north,west,valid,5713
-38.68333,-61.1,south,west,valid,5714
26.93333,-105.4,north,west,valid,5715
26.28333,34.25,north,east,valid,5716
37.0,-105.0,north,west,valid,5717
-44.53333,-70.36667,south,west,valid,5718
-30.63333,-64.88333,south,west,valid,5719
-33.11667,-60.96667,south,west,valid,5720
39.83333,-103.21667,north,west,valid,5721
-31.66997,141.24233,south,east,valid,5722
-31.66417,141.23375,south,east,valid,5723
-76.2925,157.24028,south,east,valid,5724
-76.30167,157.26528,south,east,valid,5725
-76.29139,157.20833,south,east,valid,5726
-76.29861,157.33083,south,east,valid,5727
-76.18333,157.16667,south,east,valid,5728
-76.29139,157.20917,south,east,valid,5729
-76.29139,157.20861,south,east,valid,5730
-76.29417,157.3225,south,east,valid,5731
-76.31944,157.28139,south,east,valid,5732
-76.31667,157.26944,south,east,valid,5733
-76.30111,157.18333,south,east,valid,5734
-76.295,157.28833,south,east,valid,5735
-76.29944,157.21694,south,east,valid,5736
-76.32861,157.23,south,east,valid,5737
-76.29306,157.18,south,east,valid,5738
-76.32833,157.22917,south,east,valid,5739
-76.28361,157.185,south,east,valid,5740
-76.26889,157.1725,south,east,valid,5741
-76.2725,157.19722,south,east,valid,5742
-76.32611,157.17806,south,east,valid,5743
-76.28111,157.23222,south,east,valid,5744
-76.26861,157.16111,south,east,valid,5745
-76.2875,157.23861,south,east,valid,5746
-76.28278,157.23195,south,east,valid,5747
-76.28611,157.24472,south,east,valid,5748
-76.30361,157.23389,south,east,valid,5749
-76.31944,157.19139,south,east,valid,5750
-76.32028,157.26194,south,east,valid,5751
-76.28195,157.24028,south,east,valid,5752
-76.27528,157.18417,south,east,valid,5753
-76.28389,157.20056,south,east,valid,5754
-76.325,157.17834,south,east,valid,5755
-76.30111,157.26917,south,east,valid,5756
-76.29333,157.27389,south,east,valid,5757
-76.31222,157.39528,south,east,valid,5758
-76.29222,157.26417,south,east,valid,5759
-76.28278,157.22917,south,east,valid,5760
-76.3,157.27306,south,east,valid,5761
-76.28528,157.23889,south,east,valid,5762
-76.28361,157.23639,south,east,valid,5763
-76.30083,157.25139,south,east,valid,5764
-76.29556,157.23833,south,east,valid,5765
-76.28861,157.23194,south,east,valid,5766
-76.28333,157.24083,south,east,valid,5767
-76.28528,157.24028,south,east,valid,5768
-76.32806,157.20194,south,east,valid,5769
-76.2975,157.23389,south,east,valid,5770
-76.27333,157.19917,south,east,valid,5771
-76.27583,157.19555,south,east,valid,5772
-76.31944,157.25444,south,east,valid,5773
-76.27111,157.15972,south,east,valid,5774
-76.29722,157.23333,south,east,valid,5775
-76.28778,157.20444,south,east,valid,5776
-76.28139,157.27389,south,east,valid,5777
-76.28444,157.25111,south,east,valid,5778
-76.31944,157.25667,south,east,valid,5779
-76.30056,157.2925,south,east,valid,5780
-76.3225,157.18472,south,east,valid,5781
-76.30361,157.17611,south,east,valid,5782
-76.28611,157.23972,south,east,valid,5783
-76.31889,157.265,south,east,valid,5784
-76.28722,157.19333,south,east,valid,5785
-76.29611,157.23695,south,east,valid,5786
-76.28611,157.17917,south,east,valid,5787
-76.29722,157.33278,south,east,valid,5788
-76.29472,157.23055,south,east,valid,5789
-76.29083,157.3125,south,east,valid,5790
-76.32167,157.18361,south,east,valid,5791
-76.32861,157.22306,south,east,valid,5792
-76.28833,157.19195,south,east,valid,5793
-76.30528,157.30889,south,east,valid,5794
-76.33722,157.11417,south,east,valid,5795
-76.28778,157.24722,south,east,valid,5796
-76.2875,157.26917,south,east,valid,5797
-76.30333,157.17695,south,east,valid,5798
-76.30833,157.31083,south,east,valid,5799
-76.31806,157.19611,south,east,valid,5800
-76.32611,157.16472,south,east,valid,5801
-76.31167,157.18445,south,east,valid,5802
-76.30361,157.19667,south,east,valid,5803
-76.29528,157.23806,south,east,valid,5804
-76.30694,157.19083,south,east,valid,5805
-76.28722,157.23278,south,east,valid,5806
-76.28333,157.22028,south,east,valid,5807
-76.28889,157.24028,south,east,valid,5808
-76.31972,157.25806,south,east,valid,5809
-76.2825,157.24055,south,east,valid,5810
-76.27889,157.225,south,east,valid,5811
-76.32806,157.20167,south,east,valid,5812
-76.28667,157.24417,south,east,valid,5813
-76.30139,157.27861,south,east,valid,5814
-76.28667,157.24806,south,east,valid,5815
-76.29722,157.23611,south,east,valid,5816
-76.28389,157.25083,south,east,valid,5817
-76.30194,157.26778,south,east,valid,5818
-76.32889,157.22972,south,east,valid,5819
-76.29833,157.21667,south,east,valid,5820
-76.28361,157.23222,south,east,valid,5821
-76.27194,157.19833,south,east,valid,5822
-76.32056,157.26139,south,east,valid,5823
-76.31056,157.19889,south,east,valid,5824
-76.29611,157.23917,south,east,valid,5825
-76.28778,157.19361,south,east,valid,5826
-76.29,157.30583,south,east,valid,5827
-76.30472,157.19222,south,east,valid,5828
-76.30778,157.16611,south,east,valid,5829
-76.30917,157.29861,south,east,valid,5830
-76.30361,157.26917,south,east,valid,5831
-76.28056,157.24028,south,east,valid,5832
-76.29,157.2775,south,east,valid,5833
-76.28833,157.22834,south,east,valid,5834
-76.29722,157.30528,south,east,valid,5835
-76.29445,157.21861,south,east,valid,5836
-76.28722,157.22528,south,east,valid,5837
-76.30583,157.30972,south,east,valid,5838
-76.27611,157.21083,south,east,valid,5839
-76.30361,157.27445,south,east,valid,5840
-76.31444,157.21972,south,east,valid,5841
-76.28806,157.23611,south,east,valid,5842
-76.27472,157.19694,south,east,valid,5843
-76.29861,157.27861,south,east,valid,5844
-76.31028,157.1975,south,east,valid,5845
-76.32972,157.255,south,east,valid,5846
-76.32778,157.23056,south,east,valid,5847
-76.2975,157.23,south,east,valid,5848
-76.32722,157.17889,south,east,valid,5849
-76.29833,157.18667,south,east,valid,5850
-76.29639,157.23778,south,east,valid,5851
-76.32861,157.20028,south,east,valid,5852
-76.29333,157.23806,south,east,valid,5853
-76.3,157.18361,south,east,valid,5854
-76.285,157.28889,south,east,valid,5855
-76.32472,157.1875,south,east,valid,5856
-76.28278,157.21167,south,east,valid,5857
-76.29667,157.27917,south,east,valid,5858
-76.31778,157.2575,south,east,valid,5859
-76.28444,157.27195,south,east,valid,5860
-76.28028,157.23583,south,east,valid,5861
-76.30194,157.28389,south,east,valid,5862
-76.30194,157.27278,south,east,valid,5863
-76.32333,157.18278,south,east,valid,5864
-76.32889,157.19722,south,east,valid,5865
-76.32833,157.21528,south,east,valid,5866
-76.32806,157.21195,south,east,valid,5867
-76.27361,157.20694,south,east,valid,5868
-76.29667,157.32361,south,east,valid,5869
-76.29972,157.20333,south,east,valid,5870
-76.32861,157.23194,south,east,valid,5871
-76.32778,157.23028,south,east,valid,5872
-76.29,157.32333,south,east,valid,5873
-76.28083,157.23055,south,east,valid,5874
-76.2875,157.20389,south,east,valid,5875
-76.29806,157.275,south,east,valid,5876
-76.29805,157.17778,south,east,valid,5877
-76.27628,156.49863,south,east,valid,5878
-76.30972,157.31333,south,east,valid,5879
-76.29583,157.23917,south,east,valid,5880
-76.30667,157.18195,south,east,valid,5881
-76.32639,157.18833,south,east,valid,5882
-76.28583,157.27861,south,east,valid,5883
-76.29639,157.23472,south,east,valid,5884
-76.27305,157.2,south,east,valid,5885
-76.30028,157.27083,south,east,valid,5886
-76.32806,157.19944,south,east,valid,5887
-76.31778,157.26055,south,east,valid,5888
-76.28222,157.21722,south,east,valid,5889
-76.32722,157.19472,south,east,valid,5890
-76.32833,157.23028,south,east,valid,5891
-76.30417,157.17306,south,east,valid,5892
-76.31444,157.26611,south,east,valid,5893
-76.32306,157.18333,south,east,valid,5894
-76.28778,157.2075,south,east,valid,5895
-76.26667,157.15778,south,east,valid,5896
-76.30389,157.27306,south,east,valid,5897
-76.27889,157.21695,south,east,valid,5898
-76.28306,157.19639,south,east,valid,5899
-76.27472,157.18472,south,east,valid,5900
-76.31722,157.26,south,east,valid,5901
-76.29944,157.2925,south,east,valid,5902
-76.29028,157.18806,south,east,valid,5903
-76.28806,157.24944,south,east,valid,5904
-76.2875,157.21167,south,east,valid,5905
-76.27361,157.19389,south,east,valid,5906
-76.29278,157.18028,south,east,valid,5907
-76.2975,157.24083,south,east,valid,5908
-76.32861,157.20444,south,east,valid,5909
-76.26861,157.18528,south,east,valid,5910
-76.27167,157.2025,south,east,valid,5911
-76.29139,157.15333,south,east,valid,5912
-76.32528,157.18639,south,east,valid,5913
-76.32417,157.18722,south,east,valid,5914
-76.29944,157.24055,south,east,valid,5915
-76.32917,157.19583,south,east,valid,5916
-76.29667,157.26805,south,east,valid,5917
-76.32444,157.17917,south,east,valid,5918
-76.29444,157.23194,south,east,valid,5919
-76.32861,157.22417,south,east,valid,5920
-76.29639,157.22861,south,east,valid,5921
-76.305,157.19611,south,east,valid,5922
-76.28667,157.24722,south,east,valid,5923
-76.31806,157.26056,south,east,valid,5924
-76.32917,157.20167,south,east,valid,5925
-76.30694,157.18389,south,east,valid,5926
-76.32778,157.23222,south,east,valid,5927
-76.30195,157.27277,south,east,valid,5928
-76.32,157.2575,south,east,valid,5929
-76.2875,157.22111,south,east,valid,5930
-76.27639,157.17611,south,east,valid,5931
-76.30917,157.19083,south,east,valid,5932
-76.31444,157.18528,south,east,valid,5933
-76.30945,157.15611,south,east,valid,5934
-76.28222,157.24695,south,east,valid,5935
-76.28167,157.25028,south,east,valid,5936
-76.30278,157.16306,south,east,valid,5937
-76.32838,157.22983,south,east,valid,5938
-76.32863,157.22714,south,east,valid,5939
-76.32862,157.22718,south,east,valid,5940
-76.05029,156.07013,south,east,valid,5941
-76.04325,156.08694,south,east,valid,5942
-76.28503,156.49716,south,east,valid,5943
-76.27468,156.491,south,east,valid,5944
-76.27981,156.45678,south,east,valid,5945
-76.28142,156.45306,south,east,valid,5946
-76.28513,157.23912,south,east,valid,5947
-76.28514,157.2449,south,east,valid,5948
-76.2727,156.46332,south,east,valid,5949
-76.26669,156.48615,south,east,valid,5950
-76.05805,156.3874,south,east,valid,5951
-76.28562,157.24155,south,east,valid,5952
-76.28341,156.43938,south,east,valid,5953
-76.26807,156.51352,south,east,valid,5954
-76.2829,156.45602,south,east,valid,5955
-76.29109,156.45119,south,east,valid,5956
-76.27543,156.50174,south,east,valid,5957
-76.27318,156.47307,south,east,valid,5958
-76.28527,156.4552,south,east,valid,5959
-76.2826,157.23989,south,east,valid,5960
-76.2854,157.24495,south,east,valid,5961
-76.27512,156.36181,south,east,valid,5962
-76.27247,157.15495,south,east,valid,5963
-76.04491,156.06704,south,east,valid,5964
-76.28432,157.2153,south,east,valid,5965
-75.98619,155.69836,south,east,valid,5966
-76.04544,156.09938,south,east,valid,5967
-76.27148,157.20281,south,east,valid,5968
-76.05056,156.44307,south,east,valid,5969
-76.04887,156.35829,south,east,valid,5970
-76.2723,156.51413,south,east,valid,5971
-76.26621,156.48428,south,east,valid,5972
-76.27776,157.14855,south,east,valid,5973
-76.26578,156.48253,south,east,valid,5974
-76.28273,157.18088,south,east,valid,5975
-76.26614,157.05846,south,east,valid,5976
-76.27428,156.51289,south,east,valid,5977
-76.26879,156.52139,south,east,valid,5978
-76.04045,156.11675,south,east,valid,5979
-76.28528,157.17764,south,east,valid,5980
-76.26584,156.49606,south,east,valid,5981
-76.26862,156.52022,south,east,valid,5982
-76.05861,156.38781,south,east,valid,5983
-76.03853,156.1062,south,east,valid,5984
-76.2676,156.46343,south,east,valid,5985
-76.27598,156.50251,south,east,valid,5986
-76.2738,156.51366,south,east,valid,5987
-76.2723,156.47558,south,east,valid,5988
-76.27234,156.48545,south,east,valid,5989
-76.28274,157.1915,south,east,valid,5990
-76.28328,156.48318,south,east,valid,5991
-76.27292,156.50649,south,east,valid,5992
-76.28156,157.17756,south,east,valid,5993
-76.27028,156.459,south,east,valid,5994
-76.26859,156.50778,south,east,valid,5995
-76.26757,156.47883,south,east,valid,5996
-76.27052,156.46121,south,east,valid,5997
-76.28321,157.17235,south,east,valid,5998
-76.27001,156.47318,south,east,valid,5999
-76.2827,157.18769,south,east,valid,6000
-76.26811,156.47653,south,east,valid,6001
-76.27068,156.46558,south,east,valid,6002
-76.27009,156.46006,south,east,valid,6003
-76.27101,156.51318,south,east,valid,6004
-76.27304,156.5146,south,east,valid,6005
-76.27047,156.45847,south,east,valid,6006
-76.28185,156.48682,south,east,valid,6007
-76.27973,156.45401,south,east,valid,6008
-76.28085,156.49234,south,east,valid,6009
-76.28291,157.17292,south,east,valid,6010
-76.27602,156.50089,south,east,valid,6011
-76.28244,156.459,south,east,valid,6012
-76.27279,156.50674,south,east,valid,6013
-76.2795,156.45529,south,east,valid,6014
-76.26971,156.47439,south,east,valid,6015
-76.03337,156.03157,south,east,valid,6016
-76.27909,156.49604,south,east,valid,6017
-76.2826,157.18509,south,east,valid,6018
-76.27715,156.46113,south,east,valid,6019
-76.27297,156.46753,south,east,valid,6020
-76.28031,156.49212,south,east,valid,6021
-76.28168,156.48886,south,east,valid,6022
-76.27461,156.5071,south,east,valid,6023
-76.27873,156.45591,south,east,valid,6024
-76.27133,156.4737,south,east,valid,6025
-76.28142,156.49151,south,east,valid,6026
-76.26954,156.46365,south,east,valid,6027
-76.28226,156.44583,south,east,valid,6028
-76.28101,156.45283,south,east,valid,6029
-76.27976,156.44902,south,east,valid,6030
-76.28069,156.44904,south,east,valid,6031
-76.28339,156.44065,south,east,valid,6032
-76.28198,156.44309,south,east,valid,6033
-76.26933,156.47035,south,east,valid,6034
-76.28335,156.44432,south,east,valid,6035
-76.2798,156.44699,south,east,valid,6036
-76.27895,156.44595,south,east,valid,6037
-76.27113,156.46678,south,east,valid,6038
-76.26942,156.46357,south,east,valid,6039
-76.27989,156.4458,south,east,valid,6040
-76.28343,156.44407,south,east,valid,6041
-76.28203,156.44323,south,east,valid,6042
-76.28324,156.44473,south,east,valid,6043
-76.27021,156.46392,south,east,valid,6044
-76.28293,156.44685,south,east,valid,6045
-76.27619,156.45741,south,east,valid,6046
-76.26817,156.46544,south,east,valid,6047
-76.2694,156.47273,south,east,valid,6048
-76.27588,156.45743,south,east,valid,6049
-76.28108,157.23612,south,east,valid,6050
-76.28264,156.44157,south,east,valid,6051
-76.27585,156.45332,south,east,valid,6052
-76.27743,156.45176,south,east,valid,6053
-76.28208,156.4477,south,east,valid,6054
-76.28324,156.44495,south,east,valid,6055
-76.26667,156.48604,south,east,valid,6056
-76.28339,156.43525,south,east,valid,6057
-76.26837,156.4676,south,east,valid,6058
-76.2811,156.43614,south,east,valid,6059
-76.26934,156.46292,south,east,valid,6060
-76.28092,156.44096,south,east,valid,6061
-76.28308,156.44172,south,east,valid,6062
-76.28277,156.43681,south,east,valid,6063
-76.28199,156.43867,south,east,valid,6064
-76.28283,156.43624,south,east,valid,6065
-76.28275,156.43988,south,east,valid,6066
-76.28074,156.44104,south,east,valid,6067
-76.2683,156.46539,south,east,valid,6068
-76.28204,156.44139,south,east,valid,6069
-76.28263,156.43618,south,east,valid,6070
-76.28328,156.43681,south,east,valid,6071
-76.2739,156.49131,south,east,valid,6072
-76.05835,156.38737,south,east,valid,6073
-76.28297,156.45865,south,east,valid,6074
-76.28072,156.45297,south,east,valid,6075
-76.2657,156.48371,south,east,valid,6076
-76.27396,156.51076,south,east,valid,6077
-76.27189,156.47962,south,east,valid,6078
-76.28188,156.45674,south,east,valid,6079
-76.04388,156.08621,south,east,valid,6080
-76.27083,156.47451,south,east,valid,6081
-76.28317,156.44779,south,east,valid,6082
-76.26647,156.49436,south,east,valid,6083
-76.28241,156.45992,south,east,valid,6084
-76.28478,156.45486,south,east,valid,6085
-76.26881,156.48278,south,east,valid,6086
-76.27152,156.48277,south,east,valid,6087
-76.28222,156.4532,south,east,valid,6088
-76.27138,157.20211,south,east,valid,6089
-76.0429,156.09617,south,east,valid,6090
-76.26825,156.46269,south,east,valid,6091
-76.27947,156.45633,south,east,valid,6092
-76.27366,156.476,south,east,valid,6093
-76.27259,156.48354,south,east,valid,6094
-76.28357,156.45025,south,east,valid,6095
-76.27107,156.47264,south,east,valid,6096
-76.28462,156.45129,south,east,valid,6097
-76.26494,157.10053,south,east,valid,6098
-76.28038,156.45236,south,east,valid,6099
-76.28361,157.19524,south,east,valid,6100
-76.28424,156.4513,south,east,valid,6101
-76.04718,156.0767,south,east,valid,6102
-76.28237,156.44956,south,east,valid,6103
-76.26534,156.50412,south,east,valid,6104
-76.2838,156.45564,south,east,valid,6105
-76.26796,156.51378,south,east,valid,6106
-76.28528,156.45438,south,east,valid,6107
-76.27442,156.4925,south,east,valid,6108
-76.0453,156.47553,south,east,valid,6109
-76.27559,156.50264,south,east,valid,6110
-76.28235,156.45356,south,east,valid,6111
-76.28224,156.45986,south,east,valid,6112
-76.28191,156.45898,south,east,valid,6113
-76.28303,156.45356,south,east,valid,6114
-76.28265,157.1742,south,east,valid,6115
-76.28263,156.45495,south,east,valid,6116
-76.30784,157.31326,south,east,valid,6117
-76.28527,156.45218,south,east,valid,6118
-76.03699,156.02733,south,east,valid,6119
-76.28364,157.18655,south,east,valid,6120
-76.05224,156.43364,south,east,valid,6121
-76.26623,157.16238,south,east,valid,6122
-76.28262,156.45666,south,east,valid,6123
-76.26682,156.46571,south,east,valid,6124
-76.28292,156.45629,south,east,valid,6125
-76.28145,156.461,south,east,valid,6126
-76.04142,156.09541,south,east,valid,6127
-76.28125,156.45222,south,east,valid,6128
-76.28154,156.45668,south,east,valid,6129
-76.27282,156.51485,south,east,valid,6130
-76.28263,156.45522,south,east,valid,6131
-76.28259,156.45877,south,east,valid,6132
-76.26137,157.15094,south,east,valid,6133
-76.26207,157.06876,south,east,valid,6134
-76.28474,156.44928,south,east,valid,6135
-76.2814,156.45061,south,east,valid,6136
-76.28218,156.44879,south,east,valid,6137
-76.27022,156.46079,south,east,valid,6138
-76.28256,156.45813,south,east,valid,6139
-76.28187,156.45676,south,east,valid,6140
-76.28541,156.45274,south,east,valid,6141
-76.28478,156.45277,south,east,valid,6142
-76.2683,156.4862,south,east,valid,6143
-76.28036,156.45685,south,east,valid,6144
-76.28284,157.17149,south,east,valid,6145
-76.04364,156.08626,south,east,valid,6146
-76.28353,156.44833,south,east,valid,6147
-76.28264,156.45355,south,east,valid,6148
-76.26861,156.48147,south,east,valid,6149
-76.03962,156.04598,south,east,valid,6150
-76.03755,156.10596,south,east,valid,6151
-76.28258,156.45247,south,east,valid,6152
-76.28383,156.45694,south,east,valid,6153
-76.27054,156.46474,south,east,valid,6154
-76.28346,156.45159,south,east,valid,6155
-76.2681,156.47082,south,east,valid,6156
-76.0454,156.47609,south,east,valid,6157
-76.28486,156.45298,south,east,valid,6158
-76.28391,156.45395,south,east,valid,6159
-76.28131,156.45469,south,east,valid,6160
-76.28409,156.45509,south,east,valid,6161
-76.28469,156.44835,south,east,valid,6162
-76.26778,156.48598,south,east,valid,6163
-76.28448,156.44799,south,east,valid,6164
-76.28438,156.45086,south,east,valid,6165
-76.28181,156.45704,south,east,valid,6166
-76.27827,157.15607,south,east,valid,6167
-76.28442,156.44581,south,east,valid,6168
-76.2786,157.22687,south,east,valid,6169
-76.28326,156.44887,south,east,valid,6170
-76.26907,156.50928,south,east,valid,6171
-76.28477,156.45277,south,east,valid,6172
-76.05599,156.06713,south,east,valid,6173
-76.04545,156.07727,south,east,valid,6174
-76.28132,156.45901,south,east,valid,6175
-76.03264,156.0329,south,east,valid,6176
-76.04195,156.09487,south,east,valid,6177
-76.03736,156.10856,south,east,valid,6178
-76.28451,156.45041,south,east,valid,6179
-76.28342,156.45264,south,east,valid,6180
-76.27141,156.51211,south,east,valid,6181
-76.28278,156.45391,south,east,valid,6182
-76.28104,156.46256,south,east,valid,6183
-76.28245,156.48865,south,east,valid,6184
-76.29387,156.44076,south,east,valid,6185
-76.27929,156.39567,south,east,valid,6186
-76.29145,156.411,south,east,valid,6187
-76.28837,156.45971,south,east,valid,6188
-76.2719,156.43989,south,east,valid,6189
-76.28523,156.44781,south,east,valid,6190
-76.28651,156.37091,south,east,valid,6191
-76.27843,156.39653,south,east,valid,6192
-76.28169,156.40267,south,east,valid,6193
-76.28287,156.43993,south,east,valid,6194
-76.27517,156.40951,south,east,valid,6195
-76.26938,156.4861,south,east,valid,6196
-76.27975,156.41261,south,east,valid,6197
-76.28547,156.43303,south,east,valid,6198
-76.29145,156.41119,south,east,valid,6199
-76.29026,156.43482,south,east,valid,6200
-76.27159,156.41451,south,east,valid,6201
-76.2885,156.4519,south,east,valid,6202
-76.281,156.39468,south,east,valid,6203
-76.2693,156.41368,south,east,valid,6204
-76.26811,156.4562,south,east,valid,6205
-76.28573,156.45721,south,east,valid,6206
-76.27507,156.41038,south,east,valid,6207
-76.28843,156.47872,south,east,valid,6208
-76.282,156.39926,south,east,valid,6209
-76.29226,156.45353,south,east,valid,6210
-76.27075,156.42087,south,east,valid,6211
-76.28025,156.47035,south,east,valid,6212
-76.27386,156.37451,south,east,valid,6213
-76.27504,156.42619,south,east,valid,6214
-76.27845,156.4135,south,east,valid,6215
-76.27944,156.41678,south,east,valid,6216
-76.2861,156.44289,south,east,valid,6217
-76.28193,156.40161,south,east,valid,6218
-76.26583,156.50532,south,east,valid,6219
-76.27931,156.41939,south,east,valid,6220
-76.29151,156.44206,south,east,valid,6221
-76.27343,156.49053,south,east,valid,6222
-76.27893,156.51525,south,east,valid,6223
-76.27377,156.48818,south,east,valid,6224
-76.28809,156.44016,south,east,valid,6225
-76.27972,156.47219,south,east,valid,6226
-76.2683,156.42732,south,east,valid,6227
-76.27068,156.43656,south,east,valid,6228
-76.2766,156.48896,south,east,valid,6229
-76.26589,156.51583,south,east,valid,6230
-76.26535,156.49442,south,east,valid,6231
-76.28612,156.46319,south,east,valid,6232
-76.28143,156.40313,south,east,valid,6233
-76.26568,156.4887,south,east,valid,6234
-76.27941,156.42732,south,east,valid,6235
-76.29063,156.36756,south,east,valid,6236
-76.27289,156.48126,south,east,valid,6237
-76.27082,156.45921,south,east,valid,6238
-76.28141,156.47503,south,east,valid,6239
-76.28316,156.50704,south,east,valid,6240
-76.27906,156.4406,south,east,valid,6241
-76.27855,156.42319,south,east,valid,6242
-76.26754,156.45027,south,east,valid,6243
-76.279,156.42311,south,east,valid,6244
-76.27927,156.42394,south,east,valid,6245
-76.27869,156.45148,south,east,valid,6246
-76.28242,156.42791,south,east,valid,6247
-76.27713,156.46146,south,east,valid,6248
-76.28069,156.42556,south,east,valid,6249
-76.26668,156.45038,south,east,valid,6250
-76.26903,156.46517,south,east,valid,6251
-76.26799,156.45597,south,east,valid,6252
-76.29026,156.45207,south,east,valid,6253
-76.28677,156.39246,south,east,valid,6254
-76.28739,156.48265,south,east,valid,6255
-76.28279,156.4178,south,east,valid,6256
-76.27776,156.4753,south,east,valid,6257
-76.26659,156.46244,south,east,valid,6258
-76.26699,156.45895,south,east,valid,6259
-76.28001,156.43259,south,east,valid,6260
-76.27008,156.54171,south,east,valid,6261
-76.28072,156.50143,south,east,valid,6262
-76.27992,156.43152,south,east,valid,6263
-76.28863,156.43292,south,east,valid,6264
-76.28144,156.43003,south,east,valid,6265
-76.2888,156.42257,south,east,valid,6266
-76.28378,156.45397,south,east,valid,6267
-76.27955,156.46541,south,east,valid,6268
-76.27056,156.45229,south,east,valid,6269
-76.27795,156.4446,south,east,valid,6270
-76.28064,156.4712,south,east,valid,6271
-76.28868,156.46699,south,east,valid,6272
-76.28078,156.43141,south,east,valid,6273
-76.28894,156.41402,south,east,valid,6274
-76.26935,156.48567,south,east,valid,6275
-76.27071,156.44777,south,east,valid,6276
-76.27595,156.46986,south,east,valid,6277
-76.28563,156.42033,south,east,valid,6278
-76.27073,156.44742,south,east,valid,6279
-76.26787,156.44878,south,east,valid,6280
-76.27923,156.48156,south,east,valid,6281
-76.28113,156.47062,south,east,valid,6282
-76.27683,156.473,south,east,valid,6283
-76.28638,156.41872,south,east,valid,6284
-76.28153,156.413,south,east,valid,6285
-76.27809,156.45451,south,east,valid,6286
-76.2773,156.4595,south,east,valid,6287
-76.28349,156.42791,south,east,valid,6288
-76.27067,156.45316,south,east,valid,6289
-76.27904,156.41392,south,east,valid,6290
-76.27271,156.447,south,east,valid,6291
-76.27172,156.45039,south,east,valid,6292
-76.26857,156.45213,south,east,valid,6293
-76.27871,156.44065,south,east,valid,6294
-76.2784,156.41976,south,east,valid,6295
-76.26967,156.45579,south,east,valid,6296
-76.27922,156.44865,south,east,valid,6297
-76.27068,156.45224,south,east,valid,6298
-76.28043,156.47418,south,east,valid,6299
-76.27936,156.42358,south,east,valid,6300
-76.27916,156.42548,south,east,valid,6301
-76.28,156.46954,south,east,valid,6302
-76.26678,156.45993,south,east,valid,6303
-76.28056,156.4268,south,east,valid,6304
-76.27185,156.46509,south,east,valid,6305
-76.2815,156.42993,south,east,valid,6306
-76.27975,156.43124,south,east,valid,6307
-76.2786,156.42335,south,east,valid,6308
-76.27109,156.44202,south,east,valid,6309
-76.27943,156.42859,south,east,valid,6310
-76.28116,156.47876,south,east,valid,6311
-76.28585,156.45513,south,east,valid,6312
-76.27821,156.42007,south,east,valid,6313
-76.27298,156.43744,south,east,valid,6314
-76.26865,156.46633,south,east,valid,6315
-76.26862,156.45523,south,east,valid,6316
-76.28111,156.41951,south,east,valid,6317
-76.27041,156.45093,south,east,valid,6318
-76.27285,156.4512,south,east,valid,6319
-76.28082,156.4687,south,east,valid,6320
-76.29084,156.41195,south,east,valid,6321
-76.27668,156.446,south,east,valid,6322
-76.28742,156.41609,south,east,valid,6323
-76.28137,156.49452,south,east,valid,6324
-76.28253,156.49375,south,east,valid,6325
-76.28022,156.51418,south,east,valid,6326
-76.26962,156.49471,south,east,valid,6327
-76.28415,156.48629,south,east,valid,6328
-76.27774,156.52204,south,east,valid,6329
-76.26985,156.49568,south,east,valid,6330
-76.2873,156.47776,south,east,valid,6331
-76.26864,156.5012,south,east,valid,6332
-76.28226,156.51238,south,east,valid,6333
-76.27951,156.50857,south,east,valid,6334
-76.27392,156.50891,south,east,valid,6335
-76.28327,156.48787,south,east,valid,6336
-76.28551,156.47311,south,east,valid,6337
-76.27738,156.51248,south,east,valid,6338
-76.28468,156.47516,south,east,valid,6339
-76.27837,156.50225,south,east,valid,6340
-76.28279,156.49686,south,east,valid,6341
-76.2824,156.51672,south,east,valid,6342
-76.27993,156.48114,south,east,valid,6343
-76.28732,156.4767,south,east,valid,6344
-76.28788,156.47024,south,east,valid,6345
-76.28222,156.5107,south,east,valid,6346
-76.28286,156.50181,south,east,valid,6347
-76.27318,156.52536,south,east,valid,6348
-76.26799,156.50322,south,east,valid,6349
-76.27634,156.51695,south,east,valid,6350
-76.2746,156.52833,south,east,valid,6351
-76.28457,156.48834,south,east,valid,6352
-76.27937,156.49958,south,east,valid,6353
-76.28438,156.47693,south,east,valid,6354
-76.28629,156.48989,south,east,valid,6355
-76.26864,156.53124,south,east,valid,6356
-76.28419,156.48786,south,east,valid,6357
-76.27479,156.51961,south,east,valid,6358
-76.26709,156.49726,south,east,valid,6359
-76.27414,156.5056,south,east,valid,6360
-76.28473,156.48503,south,east,valid,6361
-76.27466,156.49913,south,east,valid,6362
-76.28078,156.48709,south,east,valid,6363
-76.28298,156.47846,south,east,valid,6364
-76.27363,156.48838,south,east,valid,6365
-76.27695,156.49708,south,east,valid,6366
-76.28071,156.48123,south,east,valid,6367
-76.27983,156.48267,south,east,valid,6368
-76.28404,156.4865,south,east,valid,6369
-76.28077,156.4968,south,east,valid,6370
-76.26593,156.52249,south,east,valid,6371
-76.27775,156.51207,south,east,valid,6372
-76.28297,156.50308,south,east,valid,6373
-76.28402,156.47769,south,east,valid,6374
-76.28749,156.4779,south,east,valid,6375
-76.28126,156.48358,south,east,valid,6376
-76.28223,156.49249,south,east,valid,6377
-76.2861,156.47762,south,east,valid,6378
-76.27913,156.50143,south,east,valid,6379
-76.2854,156.4859,south,east,valid,6380
-76.2735,156.50787,south,east,valid,6381
-76.26882,156.50404,south,east,valid,6382
-76.28655,156.48757,south,east,valid,6383
-76.27493,156.50063,south,east,valid,6384
-76.28209,156.49089,south,east,valid,6385
-76.28591,156.49551,south,east,valid,6386
-76.28203,156.50975,south,east,valid,6387
-76.28408,156.48126,south,east,valid,6388
-76.28448,156.47432,south,east,valid,6389
-76.28583,156.4869,south,east,valid,6390
-76.27784,156.48975,south,east,valid,6391
-76.26861,156.49583,south,east,valid,6392
-76.28324,156.51228,south,east,valid,6393
-76.28592,156.48951,south,east,valid,6394
-76.2786,156.52637,south,east,valid,6395
-76.2719,156.502,south,east,valid,6396
-76.27133,156.52369,south,east,valid,6397
-76.28316,156.47162,south,east,valid,6398
-76.27327,156.49641,south,east,valid,6399
-76.2806,156.52197,south,east,valid,6400
-76.28479,156.50302,south,east,valid,6401
-76.2884,156.47501,south,east,valid,6402
-76.27901,156.49837,south,east,valid,6403
-76.27591,156.49937,south,east,valid,6404
-76.26813,156.49546,south,east,valid,6405
-76.27407,156.50042,south,east,valid,6406
-76.28392,156.47398,south,east,valid,6407
-76.28368,156.48011,south,east,valid,6408
-76.28055,156.43731,south,east,valid,6409
-76.26583,156.40312,south,east,valid,6410
-76.29367,156.44189,south,east,valid,6411
-76.28795,156.46841,south,east,valid,6412
-76.28817,156.47906,south,east,valid,6413
-76.26577,156.40993,south,east,valid,6414
-76.27573,156.40526,south,east,valid,6415
-76.26761,156.53379,south,east,valid,6416
-76.26492,156.54171,south,east,valid,6417
-76.26667,156.53813,south,east,valid,6418
-76.27318,156.36633,south,east,valid,6419
-76.26634,156.4035,south,east,valid,6420
-76.28682,156.45075,south,east,valid,6421
-76.27482,156.49048,south,east,valid,6422
-76.26641,156.40377,south,east,valid,6423
-76.27708,156.50362,south,east,valid,6424
-76.2876,156.4681,south,east,valid,6425
-76.2679,156.54516,south,east,valid,6426
-76.29541,156.46238,south,east,valid,6427
-76.29429,156.45913,south,east,valid,6428
-76.2821,156.44947,south,east,valid,6429
-76.266,156.40329,south,east,valid,6430
-76.26653,156.40277,south,east,valid,6431
-76.28629,156.44165,south,east,valid,6432
-76.26444,156.55681,south,east,valid,6433
-76.27802,156.52986,south,east,valid,6434
-76.27277,156.53182,south,east,valid,6435
-76.28208,156.4495,south,east,valid,6436
-76.2762,156.35939,south,east,valid,6437
-76.28716,156.44689,south,east,valid,6438
-76.27308,156.48512,south,east,valid,6439
-76.28915,156.462,south,east,valid,6440
-76.27359,156.48414,south,east,valid,6441
-76.28752,156.44737,south,east,valid,6442
-76.28899,156.45698,south,east,valid,6443
-76.27311,156.48928,south,east,valid,6444
-76.27404,156.48612,south,east,valid,6445
-76.27918,156.47755,south,east,valid,6446
-76.27837,156.47769,south,east,valid,6447
-76.2831,156.4269,south,east,valid,6448
-76.26849,156.45514,south,east,valid,6449
-76.28685,156.47609,south,east,valid,6450
-76.28109,156.43579,south,east,valid,6451
-76.27056,156.45325,south,east,valid,6452
-76.28131,156.43212,south,east,valid,6453
-76.28062,156.47483,south,east,valid,6454
-76.28799,156.47813,south,east,valid,6455
-76.28354,156.43424,south,east,valid,6456
-76.2798,156.47717,south,east,valid,6457
-76.28946,156.41701,south,east,valid,6458
-76.27274,156.45152,south,east,valid,6459
-76.26737,156.45676,south,east,valid,6460
-76.28125,156.47302,south,east,valid,6461
-76.27985,156.47636,south,east,valid,6462
-76.28,156.47332,south,east,valid,6463
-76.27851,156.46243,south,east,valid,6464
-76.28006,156.47038,south,east,valid,6465
-76.28024,156.43924,south,east,valid,6466
-76.28054,156.46843,south,east,valid,6467
-76.27072,156.45159,south,east,valid,6468
-76.28815,156.4645,south,east,valid,6469
-76.28102,156.46549,south,east,valid,6470
-76.27142,156.45602,south,east,valid,6471
-76.27981,156.43139,south,east,valid,6472
-76.28773,156.42167,south,east,valid,6473
-76.28101,156.43283,south,east,valid,6474
-76.28202,156.43584,south,east,valid,6475
-76.28053,156.45261,south,east,valid,6476
-76.27985,156.43558,south,east,valid,6477
-76.28141,156.42888,south,east,valid,6478
-76.27922,156.44325,south,east,valid,6479
-76.27953,156.46623,south,east,valid,6480
-76.28119,156.47879,south,east,valid,6481
-76.27988,156.43893,south,east,valid,6482
-76.26602,156.45993,south,east,valid,6483
-76.26602,156.45969,south,east,valid,6484
-76.26685,156.46091,south,east,valid,6485
-76.28115,156.47164,south,east,valid,6486
-76.28772,156.47867,south,east,valid,6487
-76.27961,156.43112,south,east,valid,6488
-76.28062,156.43804,south,east,valid,6489
-76.28496,156.42746,south,east,valid,6490
-76.281,156.47334,south,east,valid,6491
-76.26909,156.45545,south,east,valid,6492
-76.28084,156.47723,south,east,valid,6493
-76.27347,156.47667,south,east,valid,6494
-76.28788,156.42289,south,east,valid,6495
-76.2797,156.47386,south,east,valid,6496
-76.28105,156.47271,south,east,valid,6497
-76.28094,156.43262,south,east,valid,6498
-76.26689,156.46064,south,east,valid,6499
-76.28592,156.44383,south,east,valid,6500
-76.27135,156.45265,south,east,valid,6501
-76.27196,156.45114,south,east,valid,6502
-76.27919,156.43432,south,east,valid,6503
-76.28113,156.43051,south,east,valid,6504
-76.28859,156.41788,south,east,valid,6505
-76.28107,156.47478,south,east,valid,6506
-76.26849,156.4553,south,east,valid,6507
-76.27825,156.47509,south,east,valid,6508
-76.2686,156.46636,south,east,valid,6509
-76.26645,156.45669,south,east,valid,6510
-76.26687,156.45655,south,east,valid,6511
-76.26638,156.45654,south,east,valid,6512
-76.27965,156.43357,south,east,valid,6513
-76.26557,156.48775,south,east,valid,6514
-76.27978,156.47777,south,east,valid,6515
-76.26624,156.45728,south,east,valid,6516
-76.28922,156.4278,south,east,valid,6517
-76.26636,156.46013,south,east,valid,6518
-76.26948,156.48461,south,east,valid,6519
-76.26695,156.4638,south,east,valid,6520
-76.28198,156.42784,south,east,valid,6521
-76.27173,156.45646,south,east,valid,6522
-76.28295,156.45298,south,east,valid,6523
-76.27978,156.43334,south,east,valid,6524
-76.27779,156.47871,south,east,valid,6525
-76.26669,156.46041,south,east,valid,6526
-76.2669,156.46037,south,east,valid,6527
-76.2669,156.46053,south,east,valid,6528
-76.29038,156.33185,south,east,valid,6529
-76.27752,156.37694,south,east,valid,6530
-76.27449,156.42586,south,east,valid,6531
-76.27428,156.42602,south,east,valid,6532
-76.26807,156.41942,south,east,valid,6533
-76.26759,156.41407,south,east,valid,6534
-76.26572,156.40854,south,east,valid,6535
-76.26829,156.41554,south,east,valid,6536
-76.2723,156.42142,south,east,valid,6537
-76.27417,156.40854,south,east,valid,6538
-76.27664,156.36894,south,east,valid,6539
-76.27217,156.41622,south,east,valid,6540
-76.27165,156.429,south,east,valid,6541
-76.29193,156.35692,south,east,valid,6542
-76.2731,156.42689,south,east,valid,6543
-76.27625,156.42122,south,east,valid,6544
-76.26568,156.41279,south,east,valid,6545
-76.27185,156.43184,south,east,valid,6546
-76.26904,156.41301,south,east,valid,6547
-76.27124,156.42934,south,east,valid,6548
-76.2759,156.37133,south,east,valid,6549
-76.28667,156.35727,south,east,valid,6550
-76.26976,156.43451,south,east,valid,6551
-76.27076,156.40402,south,east,valid,6552
-76.27412,156.42056,south,east,valid,6553
-76.27107,156.40694,south,east,valid,6554
-76.26756,156.43022,south,east,valid,6555
-76.27334,156.41337,south,east,valid,6556
-76.27425,156.41678,south,east,valid,6557
-76.26968,156.40335,south,east,valid,6558
-76.27522,156.41547,south,east,valid,6559
-76.26709,156.43807,south,east,valid,6560
-76.28283,156.45919,south,east,valid,6561
-76.27591,156.41334,south,east,valid,6562
-76.28192,156.44724,south,east,valid,6563
-76.27709,156.37311,south,east,valid,6564
-76.27814,156.39369,south,east,valid,6565
-76.27683,156.38406,south,east,valid,6566
-76.26948,156.42946,south,east,valid,6567
-76.27455,156.41463,south,east,valid,6568
-76.26919,156.42366,south,east,valid,6569
-76.268,156.43448,south,east,valid,6570
-76.26633,156.41006,south,east,valid,6571
-76.26848,156.41523,south,east,valid,6572
-76.26609,156.40925,south,east,valid,6573
-76.26553,156.40974,south,east,valid,6574
-76.26833,156.40602,south,east,valid,6575
-76.2772,156.42224,south,east,valid,6576
-76.27105,156.41603,south,east,valid,6577
-76.27055,156.42508,south,east,valid,6578
-76.27246,156.42678,south,east,valid,6579
-76.27602,156.40294,south,east,valid,6580
-76.27434,156.42636,south,east,valid,6581
-76.27089,156.43356,south,east,valid,6582
-76.2773,156.37581,south,east,valid,6583
-76.26808,156.43665,south,east,valid,6584
-76.27121,156.41393,south,east,valid,6585
-76.27716,156.42217,south,east,valid,6586
-76.26848,156.42674,south,east,valid,6587
-76.27022,156.42413,south,east,valid,6588
-76.28748,156.45385,south,east,valid,6589
-76.27372,156.42783,south,east,valid,6590
-76.26699,156.42982,south,east,valid,6591
-76.27231,156.40746,south,east,valid,6592
-76.26994,156.42705,south,east,valid,6593
-76.28057,156.43334,south,east,valid,6594
-76.27264,156.42686,south,east,valid,6595
-76.27427,156.42246,south,east,valid,6596
-76.27651,156.37532,south,east,valid,6597
-76.27263,156.42814,south,east,valid,6598
-76.27133,156.45051,south,east,valid,6599
-76.27526,156.39024,south,east,valid,6600
-76.27697,156.42384,south,east,valid,6601
-76.27799,156.42838,south,east,valid,6602
-85.63333,157.16667,south,east,valid,6603
-76.27082,156.41839,south,east,valid,6604
-76.26735,156.43449,south,east,valid,6605
-76.29299,156.35,south,east,valid,6606
-76.26941,156.41234,south,east,valid,6607
-76.26664,156.40176,south,east,valid,6608
-76.26638,156.40148,south,east,valid,6609
-76.27671,156.36969,south,east,valid,6610
-76.27097,156.43007,south,east,valid,6611
-76.27494,156.38615,south,east,valid,6612
-76.27361,156.42378,south,east,valid,6613
-76.27793,156.45494,south,east,valid,6614
-76.269,156.43262,south,east,valid,6615
-76.26821,156.4352,south,east,valid,6616
-76.28187,156.46086,south,east,valid,6617
-76.28655,156.38344,south,east,valid,6618
-76.28858,156.38398,south,east,valid,6619
-76.27185,156.44137,south,east,valid,6620
-76.27321,156.4404,south,east,valid,6621
-76.28601,156.37789,south,east,valid,6622
-76.27022,156.44542,south,east,valid,6623
-76.27038,156.4435,south,east,valid,6624
-76.2669,156.44818,south,east,valid,6625
-76.26554,156.40286,south,east,valid,6626
-76.26952,156.4466,south,east,valid,6627
-76.28271,156.47054,south,east,valid,6628
-76.2884,156.46754,south,east,valid,6629
-76.29422,156.45731,south,east,valid,6630
-76.2813,156.46364,south,east,valid,6631
-76.28433,156.46066,south,east,valid,6632
-76.28023,156.43436,south,east,valid,6633
-76.29089,156.46661,south,east,valid,6634
-76.28193,156.44769,south,east,valid,6635
-76.29054,156.44976,south,east,valid,6636
-76.28039,156.43974,south,east,valid,6637
-76.28625,156.46949,south,east,valid,6638
-76.28341,156.46637,south,east,valid,6639
-76.28339,156.46237,south,east,valid,6640
-76.28383,156.46646,south,east,valid,6641
-76.2682,156.42,south,east,valid,6642
-76.27008,156.43413,south,east,valid,6643
-76.26842,156.41554,south,east,valid,6644
-76.27041,156.43293,south,east,valid,6645
-76.26931,156.41114,south,east,valid,6646
-76.27116,156.42168,south,east,valid,6647
-76.26958,156.43206,south,east,valid,6648
-76.27011,156.41713,south,east,valid,6649
-76.27154,156.42026,south,east,valid,6650
-76.27409,156.4311,south,east,valid,6651
-76.26843,156.42926,south,east,valid,6652
-76.27525,156.40928,south,east,valid,6653
-76.27362,156.4211,south,east,valid,6654
-76.27705,156.45452,south,east,valid,6655
-76.27754,156.42762,south,east,valid,6656
-76.275,156.42238,south,east,valid,6657
-76.27697,156.42678,south,east,valid,6658
-76.27402,156.42398,south,east,valid,6659
-76.27417,156.42239,south,east,valid,6660
-76.2741,156.43588,south,east,valid,6661
-76.27389,156.50221,south,east,valid,6662
-76.28713,156.48596,south,east,valid,6663
-76.26905,156.44067,south,east,valid,6664
-76.2669,156.46047,south,east,valid,6665
-76.30565,156.53973,south,east,valid,6666
-76.28322,156.49848,south,east,valid,6667
-76.2753,156.43048,south,east,valid,6668
-76.27377,156.43655,south,east,valid,6669
-76.27071,156.43645,south,east,valid,6670
-76.27209,156.43576,south,east,valid,6671
-76.27807,156.43488,south,east,valid,6672
-76.27353,156.50226,south,east,valid,6673
-76.26833,156.49233,south,east,valid,6674
-76.27777,156.51493,south,east,valid,6675
-76.27423,156.42867,south,east,valid,6676
-76.27376,156.4391,south,east,valid,6677
-76.27956,156.50727,south,east,valid,6678
-76.27904,156.43829,south,east,valid,6679
-76.26782,156.53713,south,east,valid,6680
-76.28383,156.47433,south,east,valid,6681
-76.27971,156.50692,south,east,valid,6682
-76.27238,156.43403,south,east,valid,6683
-76.27552,156.43475,south,east,valid,6684
-76.28735,156.44904,south,east,valid,6685
-76.28219,156.46842,south,east,valid,6686
-76.28727,156.43098,south,east,valid,6687
-76.28902,156.43485,south,east,valid,6688
-76.28685,156.43409,south,east,valid,6689
-76.28632,156.46017,south,east,valid,6690
-76.28453,156.45958,south,east,valid,6691
-76.28738,156.44274,south,east,valid,6692
-76.28044,156.43401,south,east,valid,6693
-76.28538,156.43995,south,east,valid,6694
-76.28515,156.44128,south,east,valid,6695
-76.28516,156.44125,south,east,valid,6696
-76.28817,156.43216,south,east,valid,6697
-76.28272,156.46237,south,east,valid,6698
-76.29002,156.43221,south,east,valid,6699
-76.28689,156.43299,south,east,valid,6700
-76.28963,156.45819,south,east,valid,6701
-76.28863,156.43207,south,east,valid,6702
-76.28715,156.43055,south,east,valid,6703
-76.28334,156.47015,south,east,valid,6704
-76.28159,156.4592,south,east,valid,6705
-76.28747,156.43672,south,east,valid,6706
-76.28737,156.42991,south,east,valid,6707
-76.28865,156.43064,south,east,valid,6708
-76.28259,156.46533,south,east,valid,6709
-76.28151,156.45995,south,east,valid,6710
-76.28234,156.44695,south,east,valid,6711
-76.2832,156.46397,south,east,valid,6712
-76.28883,156.43261,south,east,valid,6713
-76.28458,156.46467,south,east,valid,6714
-76.2805,156.47031,south,east,valid,6715
-76.28895,156.4307,south,east,valid,6716
-76.28583,156.44156,south,east,valid,6717
-76.2826,156.4644,south,east,valid,6718
-76.28853,156.45868,south,east,valid,6719
-76.28533,156.43785,south,east,valid,6720
-76.2873,156.42982,south,east,valid,6721
-76.28206,156.46844,south,east,valid,6722
-76.28741,156.43846,south,east,valid,6723
-76.28647,156.46693,south,east,valid,6724
-76.28151,156.45887,south,east,valid,6725
-76.28525,156.45131,south,east,valid,6726
-76.28809,156.43778,south,east,valid,6727
-76.28214,156.47376,south,east,valid,6728
-76.28734,156.46805,south,east,valid,6729
-76.28174,156.46619,south,east,valid,6730
-76.28344,156.46495,south,east,valid,6731
-76.28341,156.46279,south,east,valid,6732
-76.28581,156.44145,south,east,valid,6733
-76.28314,156.43256,south,east,valid,6734
-76.28115,156.4342,south,east,valid,6735
-76.28879,156.42882,south,east,valid,6736
-76.28186,156.47247,south,east,valid,6737
-76.28234,156.47428,south,east,valid,6738
-76.28724,156.42988,south,east,valid,6739
-76.28782,156.43144,south,east,valid,6740
-76.28543,156.44073,south,east,valid,6741
-76.28217,156.4466,south,east,valid,6742
-76.28393,156.46453,south,east,valid,6743
-76.28652,156.43322,south,east,valid,6744
-76.27687,156.43392,south,east,valid,6745
-76.26959,156.43945,south,east,valid,6746
-76.27217,156.43499,south,east,valid,6747
-76.27518,156.43953,south,east,valid,6748
-76.2783,156.43498,south,east,valid,6749
-76.26798,156.44092,south,east,valid,6750
-76.27068,156.43706,south,east,valid,6751
-76.27064,156.43566,south,east,valid,6752
-76.27337,156.43478,south,east,valid,6753
-76.27094,156.43571,south,east,valid,6754
-76.27533,156.43097,south,east,valid,6755
-76.27264,156.43444,south,east,valid,6756
-76.27762,156.43847,south,east,valid,6757
-76.28581,156.43861,south,east,valid,6758
-76.28218,156.47658,south,east,valid,6759
-76.28807,156.43831,south,east,valid,6760
-76.28395,156.46472,south,east,valid,6761
-76.26503,156.49249,south,east,valid,6762
-76.2821,156.45085,south,east,valid,6763
-76.28202,156.47199,south,east,valid,6764
-76.28798,156.467,south,east,valid,6765
-76.28534,156.44977,south,east,valid,6766
-76.28695,156.46082,south,east,valid,6767
-76.28526,156.44048,south,east,valid,6768
-76.28722,156.44045,south,east,valid,6769
-76.28679,156.45309,south,east,valid,6770
-76.28599,156.43596,south,east,valid,6771
-76.28345,156.43534,south,east,valid,6772
-76.27726,156.42194,south,east,valid,6773
-76.27649,156.42737,south,east,valid,6774
-76.26757,156.408,south,east,valid,6775
-76.27318,156.42185,south,east,valid,6776
-76.27182,156.40874,south,east,valid,6777
-76.27467,156.40709,south,east,valid,6778
-76.27166,156.42068,south,east,valid,6779
-76.27799,156.43025,south,east,valid,6780
-76.27252,156.41035,south,east,valid,6781
-76.27429,156.4347,south,east,valid,6782
-76.26983,156.42574,south,east,valid,6783
-76.27729,156.41691,south,east,valid,6784
-76.26612,156.40846,south,east,valid,6785
-76.26712,156.43822,south,east,valid,6786
-76.27429,156.42471,south,east,valid,6787
-76.27027,156.43047,south,east,valid,6788
-76.26727,156.41824,south,east,valid,6789
-76.27134,156.43002,south,east,valid,6790
-76.27401,156.42277,south,east,valid,6791
-76.28503,156.46888,south,east,valid,6792
-76.27323,156.41981,south,east,valid,6793
-76.26611,156.43589,south,east,valid,6794
-76.27172,156.43111,south,east,valid,6795
-76.27746,156.42558,south,east,valid,6796
-76.27581,156.43096,south,east,valid,6797
-76.26936,156.41791,south,east,valid,6798
-76.27293,156.42199,south,east,valid,6799
-76.26978,156.43236,south,east,valid,6800
-76.28725,156.44703,south,east,valid,6801
-76.27934,156.43196,south,east,valid,6802
-76.26686,156.43224,south,east,valid,6803
-76.26978,156.43451,south,east,valid,6804
-76.29366,156.36046,south,east,valid,6805
-76.275,156.42341,south,east,valid,6806
-76.26662,156.41675,south,east,valid,6807
-76.28281,156.45131,south,east,valid,6808
-76.27016,156.41444,south,east,valid,6809
-76.26889,156.4216,south,east,valid,6810
-76.26739,156.41911,south,east,valid,6811
-76.27513,156.38914,south,east,valid,6812
-76.27524,156.42288,south,east,valid,6813
-76.27134,156.42751,south,east,valid,6814
-76.27574,156.42327,south,east,valid,6815
-76.27616,156.4211,south,east,valid,6816
-76.27195,156.41295,south,east,valid,6817
-76.27051,156.42509,south,east,valid,6818
-76.26554,156.42553,south,east,valid,6819
-76.27612,156.4271,south,east,valid,6820
-76.27515,156.39015,south,east,valid,6821
-76.27447,156.42119,south,east,valid,6822
-76.2767,156.4175,south,east,valid,6823
-76.26708,156.43695,south,east,valid,6824
-76.27103,156.43345,south,east,valid,6825
-76.26526,156.42276,south,east,valid,6826
-76.27739,156.42867,south,east,valid,6827
-76.27812,156.42932,south,east,valid,6828
-76.27733,156.42608,south,east,valid,6829
-76.2706,156.4296,south,east,valid,6830
-76.27208,156.43668,south,east,valid,6831
-76.27694,156.42702,south,east,valid,6832
-76.27041,156.42784,south,east,valid,6833
-76.26635,156.48655,south,east,valid,6834
-76.27134,156.43101,south,east,valid,6835
-76.26705,156.43799,south,east,valid,6836
-76.26522,156.40969,south,east,valid,6837
-76.27584,156.42787,south,east,valid,6838
-76.27191,156.42868,south,east,valid,6839
-76.27045,156.40788,south,east,valid,6840
-76.26704,156.43891,south,east,valid,6841
-76.27567,156.4317,south,east,valid,6842
-76.26748,156.43043,south,east,valid,6843
-76.27144,156.42433,south,east,valid,6844
-76.26636,156.43538,south,east,valid,6845
-76.27986,156.43233,south,east,valid,6846
-76.27974,156.4235,south,east,valid,6847
-76.29473,156.365,south,east,valid,6848
-76.28021,156.42418,south,east,valid,6849
-76.26853,156.4523,south,east,valid,6850
-76.27122,156.44624,south,east,valid,6851
-76.28002,156.42285,south,east,valid,6852
-76.26769,156.44561,south,east,valid,6853
-76.26993,156.45267,south,east,valid,6854
-76.26638,156.44915,south,east,valid,6855
-76.27618,156.40101,south,east,valid,6856
-76.26767,156.44644,south,east,valid,6857
-76.27857,156.41966,south,east,valid,6858
-76.27158,156.44175,south,east,valid,6859
-76.27894,156.44137,south,east,valid,6860
-76.27199,156.44076,south,east,valid,6861
-76.26961,156.44217,south,east,valid,6862
-76.26955,156.447,south,east,valid,6863
-76.26742,156.44963,south,east,valid,6864
-76.26828,156.44387,south,east,valid,6865
-76.27309,156.44098,south,east,valid,6866
-76.27294,156.44296,south,east,valid,6867
-76.2796,156.4276,south,east,valid,6868
-76.26696,156.4529,south,east,valid,6869
-76.28982,156.41449,south,east,valid,6870
-76.28927,156.42524,south,east,valid,6871
-76.2804,156.42536,south,east,valid,6872
-76.2707,156.44592,south,east,valid,6873
-76.26729,156.45056,south,east,valid,6874
-76.27847,156.39784,south,east,valid,6875
-76.28303,156.41808,south,east,valid,6876
-76.27992,156.40561,south,east,valid,6877
-76.26964,156.44479,south,east,valid,6878
-76.27741,156.41501,south,east,valid,6879
-76.26767,156.44413,south,east,valid,6880
-76.27085,156.44827,south,east,valid,6881
-76.28915,156.40901,south,east,valid,6882
-76.27974,156.41659,south,east,valid,6883
-76.28316,156.41245,south,east,valid,6884
-76.26861,156.45217,south,east,valid,6885
-76.29072,156.37696,south,east,valid,6886
-76.27872,156.41298,south,east,valid,6887
-76.28058,156.39828,south,east,valid,6888
-76.26659,156.44809,south,east,valid,6889
-76.26651,156.44808,south,east,valid,6890
-76.26701,156.45035,south,east,valid,6891
-76.2727,156.44562,south,east,valid,6892
-76.26702,156.45029,south,east,valid,6893
-76.27806,156.42597,south,east,valid,6894
-76.27728,156.44274,south,east,valid,6895
-76.28104,156.403,south,east,valid,6896
-76.2667,156.44994,south,east,valid,6897
-76.27832,156.42565,south,east,valid,6898
-76.27269,156.43966,south,east,valid,6899
-76.2773,156.40184,south,east,valid,6900
-76.26947,156.44717,south,east,valid,6901
-76.27099,156.48286,south,east,valid,6902
-76.26703,156.44729,south,east,valid,6903
-76.27065,156.44674,south,east,valid,6904
-76.27292,156.44431,south,east,valid,6905
-76.27125,156.44472,south,east,valid,6906
-76.2918,156.38742,south,east,valid,6907
-76.27239,156.4385,south,east,valid,6908
-76.27068,156.447,south,east,valid,6909
-76.27306,156.44351,south,east,valid,6910
-76.26893,156.44203,south,east,valid,6911
-76.27043,156.44332,south,east,valid,6912
-76.26757,156.44486,south,east,valid,6913
-76.26871,156.44923,south,east,valid,6914
-76.27049,156.44691,south,east,valid,6915
-76.26703,156.44833,south,east,valid,6916
-76.28286,156.40906,south,east,valid,6917
-76.27926,156.42027,south,east,valid,6918
-76.29006,156.37444,south,east,valid,6919
-76.28912,156.41081,south,east,valid,6920
-76.2827,156.44476,south,east,valid,6921
-76.28663,156.44656,south,east,valid,6922
-76.28653,156.44095,south,east,valid,6923
-76.28257,156.46062,south,east,valid,6924
-76.28466,156.45988,south,east,valid,6925
-76.28163,156.4638,south,east,valid,6926
-76.28707,156.4607,south,east,valid,6927
-76.28498,156.46089,south,east,valid,6928
-76.2805,156.44409,south,east,valid,6929
-76.28599,156.44997,south,east,valid,6930
-76.28217,156.46237,south,east,valid,6931
-76.28575,156.49583,south,east,valid,6932
-76.28479,156.46238,south,east,valid,6933
-76.28251,156.47597,south,east,valid,6934
-76.28384,156.43736,south,east,valid,6935
-76.28322,156.45294,south,east,valid,6936
-76.2901,156.45746,south,east,valid,6937
-76.28583,156.43812,south,east,valid,6938
-76.28451,156.46501,south,east,valid,6939
-76.28453,156.46033,south,east,valid,6940
-76.28521,156.44383,south,east,valid,6941
-76.28754,156.46724,south,east,valid,6942
-76.28808,156.43718,south,east,valid,6943
-76.28336,156.45035,south,east,valid,6944
-76.28237,156.46321,south,east,valid,6945
-76.28751,156.43651,south,east,valid,6946
-76.28387,156.46894,south,east,valid,6947
-76.2845,156.46274,south,east,valid,6948
-76.28621,156.46293,south,east,valid,6949
-76.28897,156.46496,south,east,valid,6950
-76.28988,156.45625,south,east,valid,6951
-76.28144,156.46482,south,east,valid,6952
-76.2915,156.44504,south,east,valid,6953
-76.28815,156.46854,south,east,valid,6954
-76.28853,156.46812,south,east,valid,6955
-76.2829,156.46722,south,east,valid,6956
-76.29311,156.43586,south,east,valid,6957
-76.28377,156.46178,south,east,valid,6958
-76.28484,156.43904,south,east,valid,6959
-76.28604,156.45003,south,east,valid,6960
-76.29205,156.44469,south,east,valid,6961
-76.28296,156.45927,south,east,valid,6962
-76.28864,156.43379,south,east,valid,6963
-76.28747,156.44953,south,east,valid,6964
-76.28762,156.44817,south,east,valid,6965
-76.28409,156.46138,south,east,valid,6966
-76.28574,156.45715,south,east,valid,6967
-76.28317,156.46285,south,east,valid,6968
-76.2823,156.46199,south,east,valid,6969
-76.28774,156.43651,south,east,valid,6970
-76.2858,156.46845,south,east,valid,6971
-76.28233,156.47658,south,east,valid,6972
-76.28535,156.44404,south,east,valid,6973
-76.28668,156.44017,south,east,valid,6974
-76.28425,156.43685,south,east,valid,6975
-76.28739,156.43946,south,east,valid,6976
-76.28402,156.43617,south,east,valid,6977
-76.28734,156.46046,south,east,valid,6978
-76.28653,156.44975,south,east,valid,6979
-76.28725,156.43734,south,east,valid,6980
-76.28241,156.46228,south,east,valid,6981
-76.29001,156.43971,south,east,valid,6982
-76.28631,156.43429,south,east,valid,6983
-76.2874,156.43731,south,east,valid,6984
-76.28324,156.46829,south,east,valid,6985
-76.2826,156.4618,south,east,valid,6986
-76.28526,156.45039,south,east,valid,6987
-76.28631,156.44991,south,east,valid,6988
-76.28735,156.43985,south,east,valid,6989
-76.28235,156.44806,south,east,valid,6990
-76.288,156.44045,south,east,valid,6991
-76.2886,156.43297,south,east,valid,6992
-76.28187,156.45518,south,east,valid,6993
-76.28373,156.45834,south,east,valid,6994
-76.28198,156.45502,south,east,valid,6995
-76.28427,156.45955,south,east,valid,6996
-76.28563,156.43868,south,east,valid,6997
-76.28516,156.46083,south,east,valid,6998
-76.28732,156.44992,south,east,valid,6999
-76.28127,156.45632,south,east,valid,7000
-76.28373,156.46717,south,east,valid,7001
-76.28738,156.44134,south,east,valid,7002
-76.28538,156.43421,south,east,valid,7003
-76.28958,156.4563,south,east,valid,7004
-76.28587,156.44218,south,east,valid,7005
-76.28071,156.45093,south,east,valid,7006
-76.28238,156.49532,south,east,valid,7007
-76.27318,156.5121,south,east,valid,7008
-76.2864,156.49366,south,east,valid,7009
-76.27266,156.50435,south,east,valid,7010
-76.28274,156.47277,south,east,valid,7011
-76.28545,156.48241,south,east,valid,7012
-76.28565,156.48143,south,east,valid,7013
-76.27908,156.53304,south,east,valid,7014
-76.28716,156.48633,south,east,valid,7015
-76.28196,156.47777,south,east,valid,7016
-76.28683,156.48353,south,east,valid,7017
-76.28015,156.48001,south,east,valid,7018
-76.28681,156.49212,south,east,valid,7019
-76.28281,156.50549,south,east,valid,7020
-76.27793,156.48952,south,east,valid,7021
-76.27538,156.5118,south,east,valid,7022
-76.27989,156.48137,south,east,valid,7023
-76.2661,156.51827,south,east,valid,7024
-76.2873,156.48477,south,east,valid,7025
-76.27994,156.50071,south,east,valid,7026
-76.28021,156.51229,south,east,valid,7027
-76.28259,156.51107,south,east,valid,7028
-76.28183,156.51071,south,east,valid,7029
-76.28264,156.49639,south,east,valid,7030
-76.28631,156.4723,south,east,valid,7031
-76.28339,156.5057,south,east,valid,7032
-76.28258,156.48919,south,east,valid,7033
-76.28686,156.47994,south,east,valid,7034
-76.28739,156.47888,south,east,valid,7035
-76.28501,156.47914,south,east,valid,7036
-76.26597,156.50659,south,east,valid,7037
-76.28466,156.4818,south,east,valid,7038
-76.26919,156.51864,south,east,valid,7039
-76.27481,156.50133,south,east,valid,7040
-76.27276,156.4982,south,east,valid,7041
-76.27915,156.49366,south,east,valid,7042
-76.2699,156.50559,south,east,valid,7043
-76.28292,156.48989,south,east,valid,7044
-76.28538,156.4963,south,east,valid,7045
-76.28485,156.50481,south,east,valid,7046
-76.28791,156.47642,south,east,valid,7047
-76.28503,156.4941,south,east,valid,7048
-76.28454,156.48191,south,east,valid,7049
-76.27403,156.50263,south,east,valid,7050
-76.26579,156.50732,south,east,valid,7051
-76.28667,156.4847,south,east,valid,7052
-76.28205,156.4896,south,east,valid,7053
-76.27256,156.51212,south,east,valid,7054
-76.28009,156.47999,south,east,valid,7055
-76.28569,156.49453,south,east,valid,7056
-76.27498,156.50899,south,east,valid,7057
-76.27835,156.49957,south,east,valid,7058
-76.28771,156.48194,south,east,valid,7059
-76.28175,156.50481,south,east,valid,7060
-76.28452,156.48347,south,east,valid,7061
-76.26933,156.52623,south,east,valid,7062
-76.28555,156.47914,south,east,valid,7063
-76.27455,156.51232,south,east,valid,7064
-76.28536,156.49204,south,east,valid,7065
-76.28236,156.50707,south,east,valid,7066
-76.28622,156.49326,south,east,valid,7067
-76.28497,156.49383,south,east,valid,7068
-76.27089,156.4956,south,east,valid,7069
-76.28185,156.4799,south,east,valid,7070
-76.28509,156.48139,south,east,valid,7071
-76.27688,156.49172,south,east,valid,7072
-76.2806,156.49971,south,east,valid,7073
-76.28458,156.5046,south,east,valid,7074
-76.28211,156.50602,south,east,valid,7075
-76.28791,156.49406,south,east,valid,7076
-76.28431,156.47701,south,east,valid,7077
-76.27526,156.5331,south,east,valid,7078
-76.27998,156.48021,south,east,valid,7079
-76.28351,156.4814,south,east,valid,7080
-76.28729,156.47585,south,east,valid,7081
-76.26876,156.5134,south,east,valid,7082
-76.27316,156.49865,south,east,valid,7083
-76.28118,156.49524,south,east,valid,7084
-76.28461,156.50459,south,east,valid,7085
-76.26825,156.49748,south,east,valid,7086
-76.2733,156.48695,south,east,valid,7087
-76.28384,156.47414,south,east,valid,7088
-76.28806,156.47053,south,east,valid,7089
-76.26869,156.49893,south,east,valid,7090
-76.26579,156.5072,south,east,valid,7091
-76.27453,156.4303,south,east,valid,7092
-76.26684,156.44993,south,east,valid,7093
-76.2692,156.46374,south,east,valid,7094
-76.26769,156.44136,south,east,valid,7095
-76.27121,156.43555,south,east,valid,7096
-76.26855,156.4379,south,east,valid,7097
-76.27487,156.43434,south,east,valid,7098
-76.27689,156.43492,south,east,valid,7099
-76.2757,156.42476,south,east,valid,7100
-76.26946,156.43994,south,east,valid,7101
-76.2705,156.43542,south,east,valid,7102
-76.27406,156.43205,south,east,valid,7103
-76.27509,156.42969,south,east,valid,7104
-76.27432,156.44064,south,east,valid,7105
-76.2735,156.43041,south,east,valid,7106
-76.27447,156.44173,south,east,valid,7107
-76.26857,156.4367,south,east,valid,7108
-76.26955,156.43758,south,east,valid,7109
-76.27239,156.4328,south,east,valid,7110
-76.26984,156.43535,south,east,valid,7111
-76.27538,156.42935,south,east,valid,7112
-76.2721,156.42752,south,east,valid,7113
-76.27182,156.43385,south,east,valid,7114
-76.26729,156.44219,south,east,valid,7115
-76.27668,156.52532,south,east,valid,7116
-76.26747,156.44206,south,east,valid,7117
-76.26758,156.44114,south,east,valid,7118
-76.27406,156.43688,south,east,valid,7119
-76.27449,156.42786,south,east,valid,7120
-76.27827,156.43924,south,east,valid,7121
-76.27457,156.43029,south,east,valid,7122
-76.27646,156.43239,south,east,valid,7123
-76.27253,156.43308,south,east,valid,7124
-76.27362,156.43083,south,east,valid,7125
-76.26823,156.43962,south,east,valid,7126
-76.27103,156.43809,south,east,valid,7127
-76.27111,156.43756,south,east,valid,7128
-76.27205,156.43567,south,east,valid,7129
-76.27683,156.43768,south,east,valid,7130
-76.27573,156.43087,south,east,valid,7131
-76.27112,156.43603,south,east,valid,7132
-76.27835,156.42811,south,east,valid,7133
-76.27537,156.44138,south,east,valid,7134
-76.27323,156.43365,south,east,valid,7135
-76.27207,156.43683,south,east,valid,7136
-76.27247,156.43459,south,east,valid,7137
-76.26762,156.44101,south,east,valid,7138
-76.26923,156.43909,south,east,valid,7139
-76.26804,156.43741,south,east,valid,7140
-76.26962,156.44056,south,east,valid,7141
-76.27678,156.43611,south,east,valid,7142
-76.26852,156.44275,south,east,valid,7143
-76.27885,156.43785,south,east,valid,7144
-76.26822,156.43949,south,east,valid,7145
-76.27072,156.43456,south,east,valid,7146
-76.26747,156.44215,south,east,valid,7147
-76.27599,156.43265,south,east,valid,7148
-76.27534,156.44146,south,east,valid,7149
-76.27045,156.43824,south,east,valid,7150
-76.27015,156.43852,south,east,valid,7151
-76.27696,156.43943,south,east,valid,7152
-76.26868,156.44126,south,east,valid,7153
-76.2776,156.43493,south,east,valid,7154
-76.2713,156.43391,south,east,valid,7155
-76.27104,156.4357,south,east,valid,7156
-76.2686,156.43729,south,east,valid,7157
-76.27417,156.43974,south,east,valid,7158
-76.27404,156.43113,south,east,valid,7159
-76.26785,156.44033,south,east,valid,7160
-76.2675,156.44222,south,east,valid,7161
-76.27103,156.43552,south,east,valid,7162
-76.26811,156.43844,south,east,valid,7163
-76.27334,156.44288,south,east,valid,7164
-76.27802,156.47659,south,east,valid,7165
-76.27151,156.45692,south,east,valid,7166
-76.27739,156.42205,south,east,valid,7167
-76.27163,156.44231,south,east,valid,7168
-76.03785,156.13964,south,east,valid,7169
-76.02353,155.79752,south,east,valid,7170
-76.05436,156.25816,south,east,valid,7171
-76.03165,156.01934,south,east,valid,7172
-76.03298,156.298,south,east,valid,7173
-76.04972,156.45457,south,east,valid,7174
-76.01942,155.98163,south,east,valid,7175
-76.04154,156.27207,south,east,valid,7176
-76.01942,155.98152,south,east,valid,7177
-76.0194,155.97922,south,east,valid,7178
-76.02796,156.03839,south,east,valid,7179
-76.0819,156.02116,south,east,valid,7180
-76.01854,155.87893,south,east,valid,7181
-76.05208,156.02921,south,east,valid,7182
-76.05005,156.0315,south,east,valid,7183
-76.08199,156.0206,south,east,valid,7184
-76.08189,156.02026,south,east,valid,7185
-76.08186,156.02074,south,east,valid,7186
-76.03863,156.07439,south,east,valid,7187
-76.04907,156.03402,south,east,valid,7188
-76.08193,156.02126,south,east,valid,7189
-76.02456,156.01923,south,east,valid,7190
-76.04656,156.44532,south,east,valid,7191
-76.08257,156.01928,south,east,valid,7192
-76.05229,156.26121,south,east,valid,7193
-76.05212,156.26191,south,east,valid,7194
-76.05218,156.26143,south,east,valid,7195
-76.01183,155.80682,south,east,valid,7196
-76.05086,156.00568,south,east,valid,7197
-76.07441,155.92739,south,east,valid,7198
-76.02319,155.8876,south,east,valid,7199
-76.04065,156.10743,south,east,valid,7200
-76.03088,156.00672,south,east,valid,7201
-76.04015,156.12512,south,east,valid,7202
-76.01907,155.70093,south,east,valid,7203
-76.03508,155.84404,south,east,valid,7204
-76.01488,155.73612,south,east,valid,7205
-76.03705,156.12958,south,east,valid,7206
-76.04524,156.26793,south,east,valid,7207
-76.02506,155.91241,south,east,valid,7208
-76.0652,156.00931,south,east,valid,7209
-76.05511,156.03014,south,east,valid,7210
-76.05565,156.27849,south,east,valid,7211
-75.99244,155.57338,south,east,valid,7212
-76.09729,156.23008,south,east,valid,7213
-76.04682,155.97254,south,east,valid,7214
-76.02643,155.90985,south,east,valid,7215
-76.03863,155.90865,south,east,valid,7216
-76.04583,156.19073,south,east,valid,7217
-76.02936,155.99999,south,east,valid,7218
-76.05451,156.01421,south,east,valid,7219
-76.01319,155.65975,south,east,valid,7220
-76.07368,156.09365,south,east,valid,7221
-76.02017,155.99339,south,east,valid,7222
-76.05257,156.05525,south,east,valid,7223
-76.05532,156.03296,south,east,valid,7224
-76.05727,156.31412,south,east,valid,7225
-76.0233,155.72747,south,east,valid,7226
-76.05945,155.8646,south,east,valid,7227
-76.04893,156.42579,south,east,valid,7228
-76.06623,156.00851,south,east,valid,7229
-76.03049,155.79297,south,east,valid,7230
-76.05506,156.30897,south,east,valid,7231
-76.03829,156.02557,south,east,valid,7232
-76.03686,156.20215,south,east,valid,7233
-76.08372,155.98715,south,east,valid,7234
-76.10634,155.98465,south,east,valid,7235
-76.06921,156.17207,south,east,valid,7236
-76.05977,156.01113,south,east,valid,7237
-76.09148,155.99633,south,east,valid,7238
-76.05045,156.21656,south,east,valid,7239
-76.09741,155.99468,south,east,valid,7240
-76.05375,156.2343,south,east,valid,7241
-76.0539,156.34312,south,east,valid,7242
-76.03863,156.24095,south,east,valid,7243
-76.03095,156.03015,south,east,valid,7244
-76.10147,156.25052,south,east,valid,7245
-76.0596,156.04847,south,east,valid,7246
-76.03839,156.12372,south,east,valid,7247
-76.11219,156.02592,south,east,valid,7248
-76.04127,156.09182,south,east,valid,7249
-76.09364,156.16849,south,east,valid,7250
-76.04222,156.12818,south,east,valid,7251
-76.04038,156.15423,south,east,valid,7252
-76.04295,156.11392,south,east,valid,7253
-76.03115,156.03118,south,east,valid,7254
-76.04583,156.45769,south,east,valid,7255
-76.07348,156.06875,south,east,valid,7256
-76.10605,155.99312,south,east,valid,7257
-76.08364,156.23183,south,east,valid,7258
-76.06445,156.02009,south,east,valid,7259
-76.0184,155.87737,south,east,valid,7260
-76.04799,156.09201,south,east,valid,7261
-76.04439,156.32457,south,east,valid,7262
-76.03307,156.19815,south,east,valid,7263
-76.03396,156.14349,south,east,valid,7264
-76.0381,156.1155,south,east,valid,7265
-76.01494,155.84738,south,east,valid,7266
-76.04157,156.3003,south,east,valid,7267
-76.07937,156.05797,south,east,valid,7268
-76.04775,156.18965,south,east,valid,7269
-76.03701,156.12981,south,east,valid,7270
-76.04946,156.18946,south,east,valid,7271
-76.06641,156.01349,south,east,valid,7272
-76.07912,156.05916,south,east,valid,7273
-76.04206,156.06589,south,east,valid,7274
-76.03725,156.12381,south,east,valid,7275
-76.03368,156.18817,south,east,valid,7276
-76.06102,156.08084,south,east,valid,7277
-76.04364,156.13081,south,east,valid,7278
-76.03951,156.07932,south,east,valid,7279
-76.05238,156.16419,south,east,valid,7280
-76.07056,156.0177,south,east,valid,7281
-76.05721,156.33781,south,east,valid,7282
-76.11494,156.02434,south,east,valid,7283
-76.05608,156.2619,south,east,valid,7284
-76.04175,156.29929,south,east,valid,7285
-76.099,156.17471,south,east,valid,7286
-76.10669,155.99759,south,east,valid,7287
-76.04884,156.42619,south,east,valid,7288
-76.05125,156.42403,south,east,valid,7289
-76.05117,156.44728,south,east,valid,7290
-76.04886,156.3571,south,east,valid,7291
-76.04164,156.27296,south,east,valid,7292
-76.04911,156.33523,south,east,valid,7293
-76.08197,156.02168,south,east,valid,7294
-76.04586,156.32651,south,east,valid,7295
-76.05402,156.34214,south,east,valid,7296
-76.06999,155.87635,south,east,valid,7297
-76.03271,156.01635,south,east,valid,7298
-76.02328,155.96946,south,east,valid,7299
-76.01575,155.85543,south,east,valid,7300
-76.04838,155.85669,south,east,valid,7301
-76.04253,155.89742,south,east,valid,7302
-76.02664,156.02542,south,east,valid,7303
-76.01838,155.87604,south,east,valid,7304
-76.01335,155.82959,south,east,valid,7305
-76.01179,155.81476,south,east,valid,7306
-76.03058,155.91015,south,east,valid,7307
-76.01302,155.70581,south,east,valid,7308
-76.01939,155.9807,south,east,valid,7309
-76.04508,156.03077,south,east,valid,7310
-76.04765,156.02544,south,east,valid,7311
-76.03859,156.05463,south,east,valid,7312
-76.02254,156.02779,south,east,valid,7313
-76.02632,156.04138,south,east,valid,7314
-76.03062,156.03564,south,east,valid,7315
-76.03351,156.02232,south,east,valid,7316
-76.04097,156.30162,south,east,valid,7317
-76.03595,155.9513,south,east,valid,7318
-76.02051,155.73676,south,east,valid,7319
-76.04025,155.87049,south,east,valid,7320
-76.01364,155.7597,south,east,valid,7321
-76.01295,155.83949,south,east,valid,7322
-76.01486,155.85108,south,east,valid,7323
-76.02138,155.99401,south,east,valid,7324
-76.05059,155.99666,south,east,valid,7325
-76.06436,155.96937,south,east,valid,7326
-76.03991,156.01165,south,east,valid,7327
-76.05237,156.01825,south,east,valid,7328
-76.02859,156.04526,south,east,valid,7329
-76.04354,156.00941,south,east,valid,7330
-76.04861,156.02614,south,east,valid,7331
-76.03313,156.03233,south,east,valid,7332
-76.04213,156.04118,south,east,valid,7333
-76.0467,156.02325,south,east,valid,7334
-76.06034,156.00718,south,east,valid,7335
-76.0223,156.0275,south,east,valid,7336
-76.03404,156.03093,south,east,valid,7337
-76.04507,156.05937,south,east,valid,7338
-76.03811,156.02096,south,east,valid,7339
-76.06201,156.01401,south,east,valid,7340
-76.03542,156.02306,south,east,valid,7341
-76.05332,156.00752,south,east,valid,7342
-76.04561,156.0322,south,east,valid,7343
-76.05342,156.00834,south,east,valid,7344
-76.06636,155.99522,south,east,valid,7345
-76.02244,156.02742,south,east,valid,7346
-76.05605,156.03324,south,east,valid,7347
-76.02375,155.96475,south,east,valid,7348
-76.04009,156.04951,south,east,valid,7349
-76.02624,156.04321,south,east,valid,7350
-76.04512,156.02739,south,east,valid,7351
-76.05777,155.95762,south,east,valid,7352
-76.04261,156.01511,south,east,valid,7353
-76.05754,155.9982,south,east,valid,7354
-76.05668,155.97864,south,east,valid,7355
-76.02154,156.03199,south,east,valid,7356
-76.04222,155.94038,south,east,valid,7357
-76.29083,157.26667,south,east,valid,7358
-76.33,157.24278,south,east,valid,7359
-76.29,157.23833,south,east,valid,7360
-76.29167,157.23945,south,east,valid,7361
-76.29111,157.23944,south,east,valid,7362
-76.29111,157.22278,south,east,valid,7363
-76.2886,157.22118,south,east,valid,7364
-76.29028,157.22778,south,east,valid,7365
-76.29167,157.2225,south,east,valid,7366
-76.29111,157.22167,south,east,valid,7367
64.7,141.2,north,east,valid,7368
-34.5,144.71667,south,east,valid,7369
33.78333,-103.57667,north,west,valid,7370
33.91667,-103.51833,north,west,valid,7371
33.79,-103.56333,north,west,valid,7372
42.318,-90.221,north,west,valid,7373
37.01667,-101.88333,north,west,valid,7374
72.88333,-25.11667,north,west,valid,7375
-28.9,146.76667,south,east,valid,7376
38.80778,-104.56944,north,west,valid,7377
38.78333,-99.33333,north,west,valid,7378
-23.83333,27.91667,south,east,valid,7379
38.5,-96.2,north,west,valid,7380
31.533333,8.883333,north,east,valid,7381
27.31417,27.96467,north,east,valid,7382
-29.45,143.6,south,east,valid,7383
-57.78667,-90.79333,south,west,valid,7384
33.71667,-100.83333,north,west,valid,7385
38.28,-97.365,north,west,valid,7386
43.56333,-97.58333,north,west,valid,7387
39.71667,-77.3,north,west,valid,7388
53.1,7.2,north,east,valid,7389
33.21888,10.83445,north,east,valid,7390
31.33333,-82.31667,north,west,valid,7391
39.86667,-83.95,north,west,valid,7392
27.26667,6.76667,north,east,valid,7393
40.03167,-105.05667,north,west,valid,7394
-25.29647,133.20006,south,east,valid,7395
51.86667,70.35,north,east,valid,7396
27.0,-104.0,north,west,valid,7397
-33.86667,121.91667,south,east,valid,7398
20.0,-102.18333,north,west,valid,7399
-42.9,-71.33333,south,west,valid,7400
34.61167,-115.03333,north,west,valid,7401
33.9,-101.75,north,west,valid,7402
-24.22983,-68.89253,south,west,valid,7403
-32.03333,139.78333,south,east,valid,7404
-18.5,16.0,south,east,valid,7405
35.98333,-101.9,north,west,valid,7406
47.95833,-96.7,north,west,valid,7407
34.47,-101.75833,north,west,valid,7408
28.83333,-81.68333,north,west,valid,7409
36.81667,-101.90833,north,west,valid,7410
43.603,-103.026,north,west,valid,7411
39.33333,-84.6,north,west,valid,7412
34.10139,-102.65,north,west,valid,7413
45.33333,-102.08333,north,west,valid,7414
33.84333,-103.93667,north,west,valid,7415
36.33333,-104.05,north,west,valid,7416
40.25,-100.23333,north,west,valid,7417
39.61667,-94.86667,north,west,valid,7418
54.99056,9.49194,north,east,valid,7419
36.55,-102.78333,north,west,valid,7420
36.58333,-102.7,north,west,valid,7421
-30.44028,121.25694,south,east,valid,7422
40.5,113.0,north,east,valid,7423
52.8,-112.98333,north,west,valid,7424
31.38972,-99.40583,north,west,valid,7425
49.883333,-103.6,north,west,valid,7426
70.0,24.0,north,east,valid,7427
34.26667,-101.56667,north,west,valid,7428
34.29833,-101.68333,north,west,valid,7429
31.735,-110.75333,north,west,valid,7430
42.03839,-120.58942,north,west,valid,7431
34.43333,-102.51667,north,west,valid,7432
39.23,-102.99,north,west,valid,7433
44.04833,-96.59167,north,west,valid,7434
40.68333,-102.81667,north,west,valid,7435
32.5225,-102.705,north,west,valid,7436
34.19333,-103.575,north,west,valid,7437
33.98333,-101.28333,north,west,valid,7438
33.98333,-101.33333,north,west,valid,7439
32.8,-101.11667,north,west,valid,7440
32.90333,-101.16278,north,west,valid,7441
63.73333,14.85,north,east,valid,7442
33.50667,-97.65139,north,west,valid,7443
33.49556,-97.58861,north,west,valid,7444
-30.81667,128.21667,south,east,valid,7445
-30.98333,127.88333,south,east,valid,7446
-30.9,128.08333,south,east,valid,7447
-30.46667,128.2,south,east,valid,7448
-30.45833,128.21667,south,east,valid,7449
-30.63333,128.125,south,east,valid,7450
-30.785,128.01667,south,east,valid,7451
-30.75,127.99167,south,east,valid,7452
-30.15,128.08333,south,east,valid,7453
-30.11667,127.86667,south,east,valid,7454
-30.78333,127.75,south,east,valid,7455
-30.78333,127.8,south,east,valid,7456
-30.15383,128.07283,south,east,valid,7457
-30.17417,128.069,south,east,valid,7458
-30.16667,128.08333,south,east,valid,7459
-30.16667,126.08333,south,east,valid,7460
-30.73783,127.95367,south,east,valid,7461
-30.757,127.95167,south,east,valid,7462
-30.77283,127.94667,south,east,valid,7463
-30.78167,127.94417,south,east,valid,7464
-30.758,127.94783,south,east,valid,7465
-30.756,127.93717,south,east,valid,7466
-30.757,127.938,south,east,valid,7467
-30.75967,127.94983,south,east,valid,7468
-30.73233,127.949,south,east,valid,7469
-30.7315,127.93917,south,east,valid,7470
-30.731,127.93917,south,east,valid,7471
-30.71667,127.93333,south,east,valid,7472
-30.75,128.08333,south,east,valid,7473
-29.41667,129.5,south,east,valid,7474
-29.58333,128.91667,south,east,valid,7475
36.1,-80.2,north,west,valid,7476
44.35,-100.38333,north,west,valid,7477
30.91667,-103.06667,north,west,valid,7478
-35.13333,-65.36667,south,west,valid,7479
33.1,-102.26667,north,west,valid,7480
30.06667,-6.9,north,west,valid,7481
33.61,-111.72,north,west,valid,7482
37.0,-109.05,north,west,valid,7483
38.81667,-104.61667,north,west,valid,7484
34.71637,-114.22197,north,west,valid,7485
32.33333,-102.745,north,west,valid,7486
38.2,-84.83333,north,west,valid,7487
36.71667,-86.56667,north,west,valid,7488
38.5,-100.0,north,west,valid,7489
46.38333,-101.23333,north,west,valid,7490
38.5,-105.5,north,west,valid,7491
-30.60833,115.16667,south,east,valid,7492
34.54,-102.56833,north,west,valid,7493
-72.95194,160.50056,south,east,valid,7494
-72.9525,160.50528,south,east,valid,7495
-72.95194,160.50806,south,east,valid,7496
-72.95167,160.50889,south,east,valid,7497
-72.95167,160.50917,south,east,valid,7498
-72.95194,160.50944,south,east,valid,7499
-72.95278,160.51139,south,east,valid,7500
-72.9525,160.5075,south,east,valid,7501
-72.96361,160.53667,south,east,valid,7502
-72.97111,160.33389,south,east,valid,7503
-72.98722,160.40639,south,east,valid,7504
-72.98889,160.405,south,east,valid,7505
-72.98889,160.40583,south,east,valid,7506
-72.98917,160.40583,south,east,valid,7507
-72.98889,160.40528,south,east,valid,7508
-72.98889,160.40472,south,east,valid,7509
-72.99,160.40333,south,east,valid,7510
-72.98972,160.40333,south,east,valid,7511
-72.98667,160.4025,south,east,valid,7512
-72.9875,160.40056,south,east,valid,7513
-72.9525,160.51833,south,east,valid,7514
-72.98889,160.40611,south,east,valid,7515
-72.98889,160.40556,south,east,valid,7516
-72.99028,160.40389,south,east,valid,7517
-72.99028,160.40444,south,east,valid,7518
-72.99056,160.40278,south,east,valid,7519
-72.99083,160.4025,south,east,valid,7520
-72.99,160.40389,south,east,valid,7521
-72.99083,160.40333,south,east,valid,7522
-72.99028,160.40194,south,east,valid,7523
-72.98944,160.40722,south,east,valid,7524
-72.99083,160.4075,south,east,valid,7525
-72.98917,160.40722,south,east,valid,7526
-72.98833,160.40694,south,east,valid,7527
-72.98917,160.40528,south,east,valid,7528
-72.98944,160.40278,south,east,valid,7529
-72.98972,160.40444,south,east,valid,7530
-72.98944,160.40611,south,east,valid,7531
-72.99,160.40722,south,east,valid,7532
-72.98917,160.405,south,east,valid,7533
-72.98944,160.40694,south,east,valid,7534
-72.98972,160.40556,south,east,valid,7535
-72.98833,160.40722,south,east,valid,7536
-72.95333,160.45806,south,east,valid,7537
-72.98806,160.40611,south,east,valid,7538
-72.98861,160.40639,south,east,valid,7539
-72.98944,160.40444,south,east,valid,7540
-72.98778,160.40944,south,east,valid,7541
-72.98778,160.40861,south,east,valid,7542
-72.98806,160.40833,south,east,valid,7543
-72.98861,160.40722,south,east,valid,7544
-72.98917,160.40667,south,east,valid,7545
-72.98972,160.405,south,east,valid,7546
-72.99,160.40639,south,east,valid,7547
-72.98972,160.4025,south,east,valid,7548
-72.99,160.40306,south,east,valid,7549
-72.99,160.40278,south,east,valid,7550
-72.99056,160.40611,south,east,valid,7551
-72.99056,160.405,south,east,valid,7552
-72.95278,160.41278,south,east,valid,7553
-72.95417,160.45194,south,east,valid,7554
-72.9525,160.44972,south,east,valid,7555
-72.95194,160.45417,south,east,valid,7556
-72.98972,160.40722,south,east,valid,7557
-72.98972,160.40667,south,east,valid,7558
-72.99083,160.40417,south,east,valid,7559
-72.98889,160.40778,south,east,valid,7560
-72.97333,160.47472,south,east,valid,7561
-72.95417,160.4475,south,east,valid,7562
-72.95222,160.45528,south,east,valid,7563
-72.95222,160.45556,south,east,valid,7564
-72.95222,160.46028,south,east,valid,7565
-72.95194,160.45444,south,east,valid,7566
-72.95194,160.45556,south,east,valid,7567
-72.95361,160.45306,south,east,valid,7568
-72.95333,160.46083,south,east,valid,7569
-72.95333,160.46194,south,east,valid,7570
-72.95417,160.43833,south,east,valid,7571
-72.95167,160.51167,south,east,valid,7572
-72.95194,160.46056,south,east,valid,7573
-72.95222,160.46139,south,east,valid,7574
-72.95417,160.41306,south,east,valid,7575
-72.95167,160.51111,south,east,valid,7576
-72.95028,160.51194,south,east,valid,7577
-72.95194,160.50833,south,east,valid,7578
-72.95222,160.50611,south,east,valid,7579
-72.95278,160.46528,south,east,valid,7580
-72.95278,160.46361,south,east,valid,7581
-72.95222,160.4625,south,east,valid,7582
-72.95306,160.49861,south,east,valid,7583
-72.95417,160.46222,south,east,valid,7584
-72.95194,160.45917,south,east,valid,7585
-72.95278,160.52056,south,east,valid,7586
-72.99444,160.40056,south,east,valid,7587
-72.97056,160.52306,south,east,valid,7588
-72.99083,160.40444,south,east,valid,7589
-72.99194,160.4,south,east,valid,7590
-72.99194,160.40028,south,east,valid,7591
-72.95194,160.46361,south,east,valid,7592
-72.95167,160.46306,south,east,valid,7593
-72.9525,160.465,south,east,valid,7594
-72.95194,160.46722,south,east,valid,7595
-72.95194,160.45944,south,east,valid,7596
-72.95222,160.45917,south,east,valid,7597
-72.95306,160.45667,south,east,valid,7598
-72.99222,160.39972,south,east,valid,7599
-72.9925,160.4,south,east,valid,7600
-72.99222,160.4,south,east,valid,7601
-72.9925,160.40167,south,east,valid,7602
-72.99361,160.41389,south,east,valid,7603
-72.99222,160.39611,south,east,valid,7604
-72.99472,160.39972,south,east,valid,7605
-72.9775,160.51083,south,east,valid,7606
-72.99222,160.40028,south,east,valid,7607
-72.99306,160.40028,south,east,valid,7608
-72.99306,160.40056,south,east,valid,7609
-72.99278,160.40694,south,east,valid,7610
-72.97361,160.33806,south,east,valid,7611
-72.93417,160.64861,south,east,valid,7612
-72.98833,160.34667,south,east,valid,7613
-72.95972,160.64889,south,east,valid,7614
-72.98778,160.40083,south,east,valid,7615
-72.98806,160.39917,south,east,valid,7616
-72.98833,160.40139,south,east,valid,7617
-72.98944,160.40222,south,east,valid,7618
-72.98972,160.40306,south,east,valid,7619
-72.9925,160.39528,south,east,valid,7620
-72.99333,160.4,south,east,valid,7621
-72.98917,160.40417,south,east,valid,7622
-72.98694,160.40833,south,east,valid,7623
-72.95194,160.52222,south,east,valid,7624
-72.95167,160.52139,south,east,valid,7625
-72.95278,160.52222,south,east,valid,7626
-72.9525,160.52389,south,east,valid,7627
-72.9525,160.46944,south,east,valid,7628
-72.97222,160.33833,south,east,valid,7629
-72.95386,160.49097,south,east,valid,7630
-72.95292,160.49742,south,east,valid,7631
-72.95275,160.49733,south,east,valid,7632
-72.95275,160.4975,south,east,valid,7633
-72.95514,160.38425,south,east,valid,7634
-72.95219,160.50636,south,east,valid,7635
-72.95236,160.50719,south,east,valid,7636
-72.95111,160.51078,south,east,valid,7637
-72.95131,160.51306,south,east,valid,7638
-72.95169,160.51428,south,east,valid,7639
-72.95186,160.51403,south,east,valid,7640
-72.95147,160.51397,south,east,valid,7641
-72.95217,160.52081,south,east,valid,7642
-72.95233,160.52183,south,east,valid,7643
-72.95272,160.48664,south,east,valid,7644
-72.95308,160.4765,south,east,valid,7645
-72.95269,160.47017,south,east,valid,7646
-72.95114,160.46364,south,east,valid,7647
-72.95089,160.45994,south,east,valid,7648
-72.95175,160.45458,south,east,valid,7649
-72.95267,160.45167,south,east,valid,7650
-72.95261,160.44547,south,east,valid,7651
-72.95422,160.45097,south,east,valid,7652
-72.95275,160.49819,south,east,valid,7653
-72.95275,160.49833,south,east,valid,7654
-72.95275,160.49856,south,east,valid,7655
-72.95203,160.50939,south,east,valid,7656
-72.95156,160.51194,south,east,valid,7657
-72.9515,160.51303,south,east,valid,7658
-72.95144,160.51325,south,east,valid,7659
-72.95161,160.51372,south,east,valid,7660
-72.95161,160.51408,south,east,valid,7661
-72.95108,160.51425,south,east,valid,7662
-72.95136,160.51608,south,east,valid,7663
-72.95192,160.51983,south,east,valid,7664
-72.95217,160.5225,south,east,valid,7665
-72.95333,160.48944,south,east,valid,7666
-72.95258,160.46725,south,east,valid,7667
-72.95222,160.46639,south,east,valid,7668
-72.95358,160.49214,south,east,valid,7669
-72.95281,160.46431,south,east,valid,7670
-72.95244,160.46161,south,east,valid,7671
-72.95131,160.45906,south,east,valid,7672
-72.95164,160.45825,south,east,valid,7673
-72.95275,160.45725,south,east,valid,7674
-72.95242,160.44842,south,east,valid,7675
-72.95308,160.44036,south,east,valid,7676
-72.988,160.40606,south,east,valid,7677
-72.98897,160.40506,south,east,valid,7678
-72.99542,160.39733,south,east,valid,7679
-72.99558,160.39492,south,east,valid,7680
-72.99564,160.394,south,east,valid,7681
-72.99486,160.39028,south,east,valid,7682
-72.99517,160.38925,south,east,valid,7683
-72.99486,160.39875,south,east,valid,7684
-72.99453,160.39992,south,east,valid,7685
-72.95297,160.44314,south,east,valid,7686
-72.95336,160.44256,south,east,valid,7687
-72.95339,160.44231,south,east,valid,7688
-72.95233,160.45447,south,east,valid,7689
-72.95397,160.48642,south,east,valid,7690
-72.95281,160.44414,south,east,valid,7691
-72.95256,160.44364,south,east,valid,7692
-72.95414,160.44164,south,east,valid,7693
-72.98778,160.40728,south,east,valid,7694
-72.98886,160.40603,south,east,valid,7695
-72.99531,160.39394,south,east,valid,7696
-72.99547,160.39372,south,east,valid,7697
-72.99478,160.39561,south,east,valid,7698
-72.95669,160.47436,south,east,valid,7699
-72.96133,160.69708,south,east,valid,7700
-72.96433,160.68992,south,east,valid,7701
-72.99394,160.3915,south,east,valid,7702
-72.99503,160.389,south,east,valid,7703
-72.99422,160.40414,south,east,valid,7704
-72.95144,160.51233,south,east,valid,7705
-72.95144,160.51436,south,east,valid,7706
-72.95161,160.51531,south,east,valid,7707
-72.95178,160.50997,south,east,valid,7708
-72.95222,160.50161,south,east,valid,7709
-72.95228,160.50106,south,east,valid,7710
-72.95275,160.44483,south,east,valid,7711
-72.95273,160.44657,south,east,valid,7712
-72.95295,160.44718,south,east,valid,7713
-72.95355,160.45005,south,east,valid,7714
-72.95388,160.45022,south,east,valid,7715
-72.9539,160.45248,south,east,valid,7716
-72.95392,160.45612,south,east,valid,7717
-72.95302,160.45972,south,east,valid,7718
-72.95267,160.46532,south,east,valid,7719
-72.95278,160.47237,south,east,valid,7720
-72.95225,160.4715,south,east,valid,7721
-72.95295,160.47652,south,east,valid,7722
-72.95277,160.47958,south,east,valid,7723
-72.95275,160.4837,south,east,valid,7724
-72.95243,160.48522,south,east,valid,7725
-72.9531,160.48677,south,east,valid,7726
-72.95252,160.48928,south,east,valid,7727
-72.95245,160.49077,south,east,valid,7728
-72.95312,160.49633,south,east,valid,7729
-72.9529,160.47965,south,east,valid,7730
-72.95268,160.48213,south,east,valid,7731
-72.95215,160.50155,south,east,valid,7732
-72.95205,160.4872,south,east,valid,7733
-72.9523,160.5038,south,east,valid,7734
-72.95202,160.50618,south,east,valid,7735
-72.95243,160.49085,south,east,valid,7736
-72.9519,160.51957,south,east,valid,7737
-72.95235,160.48365,south,east,valid,7738
-72.96418,160.51073,south,east,valid,7739
-72.95183,160.50678,south,east,valid,7740
-72.9505,160.4636,south,east,valid,7741
-72.95077,160.4584,south,east,valid,7742
-72.95163,160.45017,south,east,valid,7743
-72.9533,160.44603,south,east,valid,7744
-72.95212,160.46458,south,east,valid,7745
-72.96663,160.52762,south,east,valid,7746
-72.9524,160.5033,south,east,valid,7747
-72.95128,160.51542,south,east,valid,7748
-72.95058,160.51718,south,east,valid,7749
-72.95195,160.50757,south,east,valid,7750
-72.9524,160.46983,south,east,valid,7751
-72.96313,160.49992,south,east,valid,7752
-72.95285,160.48508,south,east,valid,7753
-72.95283,160.48513,south,east,valid,7754
-72.95145,160.51087,south,east,valid,7755
-72.95137,160.46503,south,east,valid,7756
-72.95158,160.46172,south,east,valid,7757
-72.95193,160.4563,south,east,valid,7758
-72.9543,160.42857,south,east,valid,7759
-72.95305,160.45358,south,east,valid,7760
-72.95293,160.45298,south,east,valid,7761
-72.95488,160.47328,south,east,valid,7762
-72.95725,160.47038,south,east,valid,7763
-72.95502,160.48016,south,east,valid,7764
-72.95502,160.43827,south,east,valid,7765
-72.95498,160.49178,south,east,valid,7766
-72.95551,160.44071,south,east,valid,7767
-72.97296,160.48444,south,east,valid,7768
-72.95341,160.52175,south,east,valid,7769
-72.95381,160.50646,south,east,valid,7770
-72.95404,160.52236,south,east,valid,7771
-72.95489,160.44163,south,east,valid,7772
-72.95533,160.43857,south,east,valid,7773
-72.954,160.50405,south,east,valid,7774
-72.95556,160.44775,south,east,valid,7775
-72.95404,160.50371,south,east,valid,7776
-72.95413,160.50524,south,east,valid,7777
-72.95359,160.50952,south,east,valid,7778
-72.9535,160.51411,south,east,valid,7779
-72.95315,160.52359,south,east,valid,7780
-72.95261,160.5268,south,east,valid,7781
-72.95556,160.46457,south,east,valid,7782
-72.95556,160.45233,south,east,valid,7783
-72.9531,160.45004,south,east,valid,7784
-72.95328,160.43934,south,east,valid,7785
-72.9544,160.49912,south,east,valid,7786
-72.95431,160.50142,south,east,valid,7787
-72.95395,160.50402,south,east,valid,7788
-72.95395,160.50405,south,east,valid,7789
-72.95377,160.50405,south,east,valid,7790
-72.9539,160.50631,south,east,valid,7791
-72.96752,160.44347,south,east,valid,7792
-72.95806,160.48796,south,east,valid,7793
-72.95623,160.43854,south,east,valid,7794
-72.95596,160.43857,south,east,valid,7795
-72.95337,160.52512,south,east,valid,7796
-72.95489,160.43796,south,east,valid,7797
-72.9556,160.43857,south,east,valid,7798
-72.95346,160.52512,south,east,valid,7799
-72.95623,160.43857,south,east,valid,7800
-72.95506,160.43857,south,east,valid,7801
-72.95578,160.43857,south,east,valid,7802
-72.95538,160.43796,south,east,valid,7803
-72.95265,160.51518,south,east,valid,7804
-72.95547,160.43796,south,east,valid,7805
-72.95417,160.52512,south,east,valid,7806
-72.9556,160.43854,south,east,valid,7807
-72.95279,160.51472,south,east,valid,7808
-72.95328,160.44087,south,east,valid,7809
-72.9531,160.43781,south,east,valid,7810
-72.95457,160.50374,south,east,valid,7811
-72.95431,160.50221,south,east,valid,7812
-72.95431,160.50129,south,east,valid,7813
-72.9531,160.44087,south,east,valid,7814
-72.95431,160.50065,south,east,valid,7815
-72.95457,160.50221,south,east,valid,7816
-72.95563,160.46457,south,east,valid,7817
-72.95364,160.44301,south,east,valid,7818
-72.95607,160.45233,south,east,valid,7819
-72.95556,160.45845,south,east,valid,7820
-72.98972,160.41139,south,east,valid,7821
-72.99444,160.41111,south,east,valid,7822
-72.95498,160.49181,south,east,valid,7823
-72.9548,160.49243,south,east,valid,7824
-72.95725,160.49851,south,east,valid,7825
-72.9531,160.44851,south,east,valid,7826
-72.95328,160.44607,south,east,valid,7827
-72.95667,160.43166,south,east,valid,7828
-72.95542,160.43857,south,east,valid,7829
-72.95431,160.50126,south,east,valid,7830
-72.95386,160.50646,south,east,valid,7831
-72.95386,160.51258,south,east,valid,7832
-72.95341,160.52206,south,east,valid,7833
-72.95341,160.51288,south,east,valid,7834
-72.95404,160.53659,south,east,valid,7835
-72.95489,160.43429,south,east,valid,7836
-72.95489,160.44469,south,east,valid,7837
-72.95493,160.44285,south,east,valid,7838
-72.95404,160.50188,south,east,valid,7839
-72.95417,160.50218,south,east,valid,7840
-72.95225,160.48903,south,east,valid,7841
-72.95198,160.48444,south,east,valid,7842
-72.95489,160.44347,south,east,valid,7843
-72.95359,160.44377,south,east,valid,7844
-72.95399,160.44545,south,east,valid,7845
-72.95489,160.44224,south,east,valid,7846
-72.95605,160.43857,south,east,valid,7847
-72.95556,160.44591,south,east,valid,7848
-72.95435,160.44148,south,east,valid,7849
-72.95319,160.43934,south,east,valid,7850
-72.95399,160.50405,south,east,valid,7851
-72.96222,160.48444,south,east,valid,7852
-72.956,160.44775,south,east,valid,7853
-72.95511,160.48444,south,east,valid,7854
-72.96002,160.48444,south,east,valid,7855
-72.95404,160.50402,south,east,valid,7856
-72.95413,160.50371,south,east,valid,7857
-72.95341,160.51411,south,east,valid,7858
-72.95315,160.52451,south,east,valid,7859
-72.9527,160.5268,south,east,valid,7860
-72.95556,160.46441,south,east,valid,7861
-72.9531,160.43934,south,east,valid,7862
-72.95556,160.45386,south,east,valid,7863
-72.95556,160.45081,south,east,valid,7864
-72.95556,160.45631,south,east,valid,7865
-72.95431,160.50145,south,east,valid,7866
-72.9535,160.52665,south,east,valid,7867
-72.95564,160.51258,south,east,valid,7868
-72.95556,160.4661,south,east,valid,7869
-72.95404,160.53811,south,east,valid,7870
-72.95614,160.43429,south,east,valid,7871
-72.95614,160.43444,south,east,valid,7872
-72.95614,160.43506,south,east,valid,7873
-72.95542,160.43429,south,east,valid,7874
-72.95413,160.5034,south,east,valid,7875
-72.95417,160.50325,south,east,valid,7876
-72.95435,160.50937,south,east,valid,7877
-72.95556,160.47221,south,east,valid,7878
-72.9531,160.44698,south,east,valid,7879
-72.95489,160.44622,south,east,valid,7880
-72.95489,160.44316,south,east,valid,7881
-72.95667,160.43857,south,east,valid,7882
-72.99083,160.40833,south,east,valid,7883
-72.95306,160.43917,south,east,valid,7884
-72.95364,160.44282,south,east,valid,7885
-72.95609,160.46029,south,east,valid,7886
-72.95607,160.45081,south,east,valid,7887
-72.95563,160.45233,south,east,valid,7888
-72.99083,160.54083,south,east,valid,7889
-72.95591,160.54133,south,east,valid,7890
-72.95556,160.53778,south,east,valid,7891
-72.95363,160.44282,south,east,valid,7892
-72.95573,160.54408,south,east,valid,7893
-72.99167,160.40889,south,east,valid,7894
-72.95583,160.54028,south,east,valid,7895
-72.95551,160.43643,south,east,valid,7896
-72.95506,160.43918,south,east,valid,7897
-72.95583,160.43833,south,east,valid,7898
-72.95472,160.44167,south,east,valid,7899
-72.9531,160.4479,south,east,valid,7900
-72.95556,160.43833,south,east,valid,7901
-72.95,160.43333,south,east,valid,7902
-72.95528,160.44056,south,east,valid,7903
-72.95528,160.44,south,east,valid,7904
-72.955,160.44083,south,east,valid,7905
-72.95611,160.43833,south,east,valid,7906
-72.95564,160.44117,south,east,valid,7907
-72.95611,160.44139,south,east,valid,7908
-72.95645,160.44392,south,east,valid,7909
-72.95472,160.44444,south,east,valid,7910
-72.95506,160.43796,south,east,valid,7911
-72.95489,160.44775,south,east,valid,7912
-72.95489,160.44408,south,east,valid,7913
-72.95564,160.44178,south,east,valid,7914
-72.95547,160.44056,south,east,valid,7915
-72.95556,160.49139,south,east,valid,7916
-72.96806,160.42306,south,east,valid,7917
-72.95583,160.46694,south,east,valid,7918
-72.95278,160.52694,south,east,valid,7919
-72.96972,160.43778,south,east,valid,7920
-72.97139,160.46083,south,east,valid,7921
-72.95389,160.50028,south,east,valid,7922
-72.95444,160.43778,south,east,valid,7923
-72.99333,160.41528,south,east,valid,7924
-72.98167,160.43778,south,east,valid,7925
-72.98972,160.40778,south,east,valid,7926
-72.95306,160.52972,south,east,valid,7927
-72.95833,160.5125,south,east,valid,7928
-72.95083,160.45278,south,east,valid,7929
-72.9525,160.44778,south,east,valid,7930
-72.955,160.475,south,east,valid,7931
-72.9525,160.43,south,east,valid,7932
-72.95139,160.45667,south,east,valid,7933
-72.98717,160.40433,south,east,valid,7934
-72.98717,160.40467,south,east,valid,7935
-72.943,160.50983,south,east,valid,7936
-72.98833,160.40533,south,east,valid,7937
-72.95283,160.4355,south,east,valid,7938
-72.98883,160.40767,south,east,valid,7939
-72.99056,160.41083,south,east,valid,7940
-72.95083,160.454,south,east,valid,7941
-72.95556,160.43417,south,east,valid,7942
-72.95139,160.4525,south,east,valid,7943
-72.95472,160.43694,south,east,valid,7944
-72.99306,160.41306,south,east,valid,7945
-72.99133,160.417,south,east,valid,7946
-72.97367,160.441,south,east,valid,7947
-72.95361,160.445,south,east,valid,7948
-72.95167,160.46583,south,east,valid,7949
-72.99972,160.44472,south,east,valid,7950
-72.96528,160.43111,south,east,valid,7951
-72.99056,160.40361,south,east,valid,7952
-72.94017,160.45467,south,east,valid,7953
-72.95417,160.43639,south,east,valid,7954
-72.9625,160.4425,south,east,valid,7955
-72.98917,160.40861,south,east,valid,7956
-72.9625,160.43694,south,east,valid,7957
-72.98917,160.40889,south,east,valid,7958
-72.99667,160.41722,south,east,valid,7959
-72.98833,160.40861,south,east,valid,7960
-72.95472,160.44,south,east,valid,7961
-72.95306,160.46361,south,east,valid,7962
-72.9525,160.50833,south,east,valid,7963
-72.95111,160.51389,south,east,valid,7964
-72.95267,160.50117,south,east,valid,7965
-72.95111,160.50833,south,east,valid,7966
-72.98944,160.41222,south,east,valid,7967
-72.95389,160.43361,south,east,valid,7968
-72.95472,160.40889,south,east,valid,7969
-72.98944,160.40944,south,east,valid,7970
-72.9515,160.505,south,east,valid,7971
-72.95267,160.5535,south,east,valid,7972
-72.95067,160.50833,south,east,valid,7973
-72.95139,160.50889,south,east,valid,7974
-72.95133,160.51667,south,east,valid,7975
-72.987,160.40733,south,east,valid,7976
-72.95833,160.50317,south,east,valid,7977
-72.95333,160.48083,south,east,valid,7978
-72.95333,160.48389,south,east,valid,7979
-72.955,160.44139,south,east,valid,7980
-72.95278,160.43917,south,east,valid,7981
-72.95361,160.44083,south,east,valid,7982
-72.95278,160.44028,south,east,valid,7983
-72.95278,160.44083,south,east,valid,7984
-72.95333,160.44028,south,east,valid,7985
-72.95306,160.4825,south,east,valid,7986
-72.95222,160.50333,south,east,valid,7987
-72.95278,160.44139,south,east,valid,7988
-72.95361,160.44611,south,east,valid,7989
-72.95306,160.4475,south,east,valid,7990
-72.9525,160.445,south,east,valid,7991
-72.95167,160.455,south,east,valid,7992
-72.95167,160.45917,south,east,valid,7993
-72.94944,160.465,south,east,valid,7994
-72.95389,160.44833,south,east,valid,7995
-72.95333,160.5225,south,east,valid,7996
-72.95222,160.51778,south,east,valid,7997
-72.955,160.52806,south,east,valid,7998
-72.95333,160.52222,south,east,valid,7999
-72.9525,160.52028,south,east,valid,8000
-72.95361,160.50528,south,east,valid,8001
-72.94944,160.51222,south,east,valid,8002
-72.96778,160.4775,south,east,valid,8003
-72.98944,160.4125,south,east,valid,8004
-72.98889,160.40722,south,east,valid,8005
-72.98833,160.40667,south,east,valid,8006
-72.98944,160.4075,south,east,valid,8007
-72.98861,160.40694,south,east,valid,8008
-72.98972,160.40583,south,east,valid,8009
-72.98667,160.40861,south,east,valid,8010
-72.98972,160.40944,south,east,valid,8011
-72.98861,160.40889,south,east,valid,8012
-72.955,160.43389,south,east,valid,8013
-72.95333,160.47778,south,east,valid,8014
-72.98972,160.40889,south,east,valid,8015
-72.98917,160.40556,south,east,valid,8016
-72.99056,160.40556,south,east,valid,8017
-72.99278,160.40444,south,east,valid,8018
-72.99167,160.40472,south,east,valid,8019
-72.99417,160.3975,south,east,valid,8020
-72.99139,160.40528,south,east,valid,8021
-72.99139,160.40444,south,east,valid,8022
-72.99111,160.40583,south,east,valid,8023
-72.99028,160.405,south,east,valid,8024
-72.96083,160.31889,south,east,valid,8025
-72.99444,160.41167,south,east,valid,8026
-72.99472,160.41083,south,east,valid,8027
-72.99611,160.42556,south,east,valid,8028
-72.99306,160.41028,south,east,valid,8029
-72.97667,160.45111,south,east,valid,8030
-72.94639,160.37833,south,east,valid,8031
-72.96083,160.54583,south,east,valid,8032
-72.99056,160.39861,south,east,valid,8033
-72.99444,160.40167,south,east,valid,8034
-72.995,160.4,south,east,valid,8035
-72.995,160.40194,south,east,valid,8036
-72.995,160.40167,south,east,valid,8037
-72.99472,160.40167,south,east,valid,8038
-72.99417,160.39944,south,east,valid,8039
-72.98972,160.39833,south,east,valid,8040
-72.9925,160.40944,south,east,valid,8041
-72.97417,160.45361,south,east,valid,8042
-72.99333,160.41444,south,east,valid,8043
-72.99194,160.41111,south,east,valid,8044
-72.99333,160.40778,south,east,valid,8045
-72.98778,160.42167,south,east,valid,8046
-72.99,160.40861,south,east,valid,8047
-72.95583,160.435,south,east,valid,8048
-72.97972,160.48639,south,east,valid,8049
-72.985,160.50333,south,east,valid,8050
-72.96361,160.49778,south,east,valid,8051
-72.9625,160.5675,south,east,valid,8052
-72.9625,160.56417,south,east,valid,8053
-72.98417,160.48694,south,east,valid,8054
-72.98889,160.40306,south,east,valid,8055
-72.99,160.40222,south,east,valid,8056
-72.98806,160.40389,south,east,valid,8057
-72.9625,160.57,south,east,valid,8058
-72.97639,160.55111,south,east,valid,8059
-72.95222,160.56611,south,east,valid,8060
-72.96389,160.55806,south,east,valid,8061
26.0,119.0,north,east,valid,8062
44.43333,87.63333,north,east,valid,8063
32.7,128.85,north,east,valid,8064
29.7,107.4,north,east,valid,8065
31.61111,-99.90417,north,west,valid,8066
40.01667,-82.86667,north,west,valid,8067
32.7,-101.6,north,west,valid,8068
32.83333,-102.73333,north,west,valid,8069
38.64167,-98.88333,north,west,valid,8070
32.00415,-110.37503,north,west,valid,8071
-42.66667,-68.08333,south,west,valid,8072
-28.86667,-60.2,south,west,valid,8073
49.81667,-108.46,north,west,valid,8074
-86.93333,-148.55,south,west,valid,8075
38.26667,-95.25,north,west,valid,8076
41.26667,1.91667,north,east,valid,8077
33.86333,-103.34667,north,west,valid,8078
-24.5,115.18333,south,east,valid,8079
63.91667,-139.33333,north,west,valid,8080
39.61667,-98.7,north,west,valid,8081
22.01833,26.08778,north,east,valid,8082
46.7,32.6,north,east,valid,8083
-82.5,155.5,south,east,valid,8084
39.7,-105.7,north,west,valid,8085
41.96667,2.81667,north,east,valid,8086
29.31667,31.28333,north,east,valid,8087
29.65972,20.08611,north,east,valid,8088
30.65833,12.30667,north,east,valid,8089
30.50667,12.215,north,east,valid,8090
19.22778,56.14278,north,east,valid,8091
-25.5,18.0,south,east,valid,8092
-33.68333,121.8,south,east,valid,8093
33.03333,-112.61667,north,west,valid,8094
-30.38333,147.2,south,east,valid,8095
49.87361,6.50556,north,east,valid,8096
49.61667,-96.55,north,west,valid,8097
-23.9,151.3,south,east,valid,8098
36.3,-104.0,north,west,valid,8099
37.01667,-85.91667,north,west,valid,8100
48.71667,-97.3,north,west,valid,8101
32.25,-97.71667,north,west,valid,8102
-22.9,138.71667,south,east,valid,8103
56.25,-3.16667,north,west,valid,8104
35.6,-105.8,north,west,valid,8105
-34.0,118.1,south,east,valid,8106
26.16667,90.6,north,east,valid,8107
-23.55,15.03333,south,east,valid,8108
35.875,-114.23333,north,west,valid,8109
35.89,-114.16667,north,west,valid,8110
35.87333,-114.2,north,west,valid,8111
35.37333,-116.90833,north,west,valid,8112
33.18139,-102.40139,north,west,valid,8113
39.35,-101.66667,north,west,valid,8114
37.435,-98.31833,north,west,valid,8115
41.98,-120.54167,north,west,valid,8116
13.26667,5.4,north,east,valid,8117
29.75883,1.88467,north,east,valid,8118
-12.26333,136.83833,south,east,valid,8119
-18.85,-41.95,south,west,valid,8120
34.8,-103.31667,north,west,valid,8121
37.96667,-102.33333,north,west,valid,8122
42.96667,-85.76667,north,west,valid,8123
32.788333,-101.938333,north,west,valid,8124
35.16667,-107.88333,north,west,valid,8125
37.46667,-101.43333,north,west,valid,8126
33.11667,-101.58333,north,west,valid,8127
-86.71667,-141.5,south,west,valid,8128
30.31167,-86.16667,north,west,valid,8129
66.0,-120.0,north,west,valid,8130
38.395,-98.91583,north,west,valid,8131
26.2,25.66667,north,east,valid,8132
25.5,25.41667,north,east,valid,8133
26.05,25.66667,north,east,valid,8134
25.59306,25.52778,north,east,valid,8135
25.81611,25.91417,north,east,valid,8136
26.76556,26.32361,north,east,valid,8137
26.91028,26.15167,north,east,valid,8138
26.59444,25.62222,north,east,valid,8139
27.03056,26.67444,north,east,valid,8140
25.53667,25.65778,north,east,valid,8141
26.01667,25.73333,north,east,valid,8142
28.10567,25.54017,north,east,valid,8143
25.91667,25.66667,north,east,valid,8144
25.16667,25.66667,north,east,valid,8145
25.28317,25.60833,north,east,valid,8146
25.3735,25.70617,north,east,valid,8147
28.18917,25.62167,north,east,valid,8148
26.37817,26.8505,north,east,valid,8149
25.43617,25.4865,north,east,valid,8150
26.18667,25.45567,north,east,valid,8151
26.61667,26.19933,north,east,valid,8152
26.62533,26.19833,north,east,valid,8153
26.77133,26.54283,north,east,valid,8154
26.82583,27.14233,north,east,valid,8155
26.8235,27.1415,north,east,valid,8156
26.32733,27.33667,north,east,valid,8157
25.34583,25.498,north,east,valid,8158
31.76167,-110.75,north,west,valid,8159
37.83333,-80.31667,north,west,valid,8160
39.49133,-112.942,north,west,valid,8161
30.51528,-91.01222,north,west,valid,8162
21.229,10.75633,north,east,valid,8163
20.7145,11.11567,north,east,valid,8164
20.56783,11.34583,north,east,valid,8165
53.23333,27.33333,north,east,valid,8166
39.93333,-99.21667,north,west,valid,8167
34.38167,-103.39167,north,west,valid,8168
34.26667,-103.38333,north,west,valid,8169
33.71667,-102.81667,north,west,valid,8170
35.06639,-114.0975,north,west,valid,8171
-85.66667,175.0,south,east,valid,8172
-73.09722,75.175,south,east,valid,8173
-73.09667,75.175,south,east,valid,8174
-73.10417,75.17944,south,east,valid,8175
-73.09806,75.17833,south,east,valid,8176
-73.0975,75.20472,south,east,valid,8177
-73.09639,75.2025,south,east,valid,8178
-73.08972,75.18944,south,east,valid,8179
-73.09806,75.20917,south,east,valid,8180
-73.09222,75.19333,south,east,valid,8181
-73.11389,75.105,south,east,valid,8182
-73.11333,75.10389,south,east,valid,8183
-73.10389,75.17,south,east,valid,8184
-73.10333,75.17028,south,east,valid,8185
-73.105,75.17139,south,east,valid,8186
-73.12139,75.10639,south,east,valid,8187
-73.09694,75.19833,south,east,valid,8188
-73.09639,75.18417,south,east,valid,8189
-73.09361,75.19056,south,east,valid,8190
-73.08389,75.21639,south,east,valid,8191
-73.08611,75.23417,south,east,valid,8192
-73.08639,75.23306,south,east,valid,8193
-73.08583,75.2075,south,east,valid,8194
-73.08583,75.20833,south,east,valid,8195
-73.08389,75.20833,south,east,valid,8196
-73.0775,75.27528,south,east,valid,8197
-73.075,75.25528,south,east,valid,8198
-73.06917,75.27694,south,east,valid,8199
-73.07306,75.26889,south,east,valid,8200
-73.07056,75.26556,south,east,valid,8201
-73.07444,75.27417,south,east,valid,8202
-73.08583,75.22,south,east,valid,8203
-73.11417,75.16889,south,east,valid,8204
-73.10417,75.16778,south,east,valid,8205
-73.10333,75.17361,south,east,valid,8206
-73.10806,75.20417,south,east,valid,8207
-73.09889,75.175,south,east,valid,8208
-73.10556,75.17056,south,east,valid,8209
-73.14361,75.0575,south,east,valid,8210
-73.16306,75.05472,south,east,valid,8211
-73.13472,75.04278,south,east,valid,8212
-73.10528,75.15222,south,east,valid,8213
-73.00639,75.19222,south,east,valid,8214
-72.99444,75.20778,south,east,valid,8215
-72.99389,75.2125,south,east,valid,8216
-72.99167,75.21056,south,east,valid,8217
-72.99861,75.23611,south,east,valid,8218
-72.99944,75.22806,south,east,valid,8219
-73.00028,75.20222,south,east,valid,8220
-72.99444,75.20944,south,east,valid,8221
-72.99972,75.20972,south,east,valid,8222
-72.99167,75.22778,south,east,valid,8223
-73.01722,75.25556,south,east,valid,8224
-73.01,75.22778,south,east,valid,8225
-73.01611,75.18611,south,east,valid,8226
-72.99889,75.19722,south,east,valid,8227
-72.99861,75.19806,south,east,valid,8228
-72.99694,75.20611,south,east,valid,8229
-72.99444,75.20556,south,east,valid,8230
-72.99417,75.20528,south,east,valid,8231
-72.99306,75.2,south,east,valid,8232
-72.99917,75.22778,south,east,valid,8233
-72.99722,75.21944,south,east,valid,8234
-72.99444,75.21667,south,east,valid,8235
-72.99667,75.21972,south,east,valid,8236
-72.99694,75.22306,south,east,valid,8237
-72.99917,75.23889,south,east,valid,8238
-72.986111,75.231944,south,east,valid,8239
-72.995,75.20583,south,east,valid,8240
-72.99556,75.20778,south,east,valid,8241
-72.99917,75.20278,south,east,valid,8242
-72.99889,75.20417,south,east,valid,8243
-72.99833,75.19583,south,east,valid,8244
-72.99889,75.21278,south,east,valid,8245
-72.99583,75.20972,south,east,valid,8246
-72.99583,75.20667,south,east,valid,8247
-72.99528,75.20444,south,east,valid,8248
-72.99444,75.205,south,east,valid,8249
-73.01389,75.27083,south,east,valid,8250
-73.005,75.27222,south,east,valid,8251
-72.99028,75.27778,south,east,valid,8252
-72.99556,75.22056,south,east,valid,8253
-72.99639,75.21694,south,east,valid,8254
-72.99639,75.21278,south,east,valid,8255
-72.99667,75.20833,south,east,valid,8256
-72.99639,75.20778,south,east,valid,8257
-73.00222,75.28306,south,east,valid,8258
-73.00361,75.25278,south,east,valid,8259
-73.00361,75.25139,south,east,valid,8260
-72.99944,75.26111,south,east,valid,8261
-72.99583,75.2275,south,east,valid,8262
-72.99556,75.20639,south,east,valid,8263
-72.99528,75.20667,south,east,valid,8264
-72.99444,75.20417,south,east,valid,8265
-72.99444,75.20444,south,east,valid,8266
-72.9975,75.20417,south,east,valid,8267
-72.99722,75.20389,south,east,valid,8268
-72.99417,75.20444,south,east,valid,8269
-72.99667,75.21806,south,east,valid,8270
-72.99,75.26167,south,east,valid,8271
-72.98139,75.26,south,east,valid,8272
-72.98083,75.25556,south,east,valid,8273
-72.98083,75.25611,south,east,valid,8274
-72.98,75.25639,south,east,valid,8275
-72.98028,75.25556,south,east,valid,8276
-72.98028,75.25472,south,east,valid,8277
-72.98139,75.24972,south,east,valid,8278
-72.97972,75.25639,south,east,valid,8279
-72.98056,75.25556,south,east,valid,8280
-72.98,75.26,south,east,valid,8281
-72.98194,75.25167,south,east,valid,8282
-72.97861,75.26611,south,east,valid,8283
-72.97917,75.26556,south,east,valid,8284
-72.97667,75.26694,south,east,valid,8285
-72.97917,75.26583,south,east,valid,8286
-72.97889,75.26472,south,east,valid,8287
-72.97917,75.25806,south,east,valid,8288
-72.97833,75.25889,south,east,valid,8289
-72.97722,75.26028,south,east,valid,8290
-72.97778,75.26,south,east,valid,8291
-72.97861,75.26083,south,east,valid,8292
-72.97944,75.26028,south,east,valid,8293
-72.9775,75.26083,south,east,valid,8294
-72.98056,75.2625,south,east,valid,8295
-72.98139,75.26389,south,east,valid,8296
-72.98222,75.26583,south,east,valid,8297
-72.97667,75.26028,south,east,valid,8298
-72.97694,75.26111,south,east,valid,8299
-72.97722,75.26139,south,east,valid,8300
-72.97806,75.26056,south,east,valid,8301
-72.98,75.25889,south,east,valid,8302
-72.97917,75.26278,south,east,valid,8303
-72.98056,75.25833,south,east,valid,8304
-72.97861,75.255,south,east,valid,8305
-72.97833,75.25722,south,east,valid,8306
-72.97722,75.25861,south,east,valid,8307
-72.9775,75.263889,south,east,valid,8308
-72.97778,75.25778,south,east,valid,8309
-72.97694,75.25694,south,east,valid,8310
-72.97778,75.26167,south,east,valid,8311
-72.9775,75.25528,south,east,valid,8312
-72.97639,75.26722,south,east,valid,8313
-72.9775,75.26528,south,east,valid,8314
-72.9775,75.26583,south,east,valid,8315
-72.97694,75.2675,south,east,valid,8316
-72.97778,75.26556,south,east,valid,8317
-72.97972,75.26333,south,east,valid,8318
-72.97972,75.26361,south,east,valid,8319
-72.98056,75.26417,south,east,valid,8320
-72.98083,75.26111,south,east,valid,8321
-72.97722,75.26833,south,east,valid,8322
-72.97722,75.26806,south,east,valid,8323
-72.97722,75.26778,south,east,valid,8324
-72.97667,75.27083,south,east,valid,8325
-72.97861,75.26111,south,east,valid,8326
-72.97833,75.26056,south,east,valid,8327
-72.97889,75.26111,south,east,valid,8328
-72.97611,75.26694,south,east,valid,8329
-72.97639,75.265,south,east,valid,8330
-72.97667,75.26583,south,east,valid,8331
-72.97639,75.26306,south,east,valid,8332
-72.9775,75.26306,south,east,valid,8333
-72.97806,75.26361,south,east,valid,8334
-72.97806,75.26333,south,east,valid,8335
-72.97806,75.26028,south,east,valid,8336
-72.976111,75.266389,south,east,valid,8337
-72.97639,75.26389,south,east,valid,8338
-72.78167,75.30278,south,east,valid,8339
-72.97917,75.26167,south,east,valid,8340
-72.97806,75.26194,south,east,valid,8341
-72.97917,75.26694,south,east,valid,8342
-72.9775,75.264167,south,east,valid,8343
-72.99444,75.26444,south,east,valid,8344
-72.99444,75.26361,south,east,valid,8345
-72.994722,75.263333,south,east,valid,8346
-72.97806,75.26306,south,east,valid,8347
-72.9775,75.26722,south,east,valid,8348
-72.97861,75.25917,south,east,valid,8349
-72.97833,75.25944,south,east,valid,8350
-72.98444,75.225,south,east,valid,8351
-72.9925,75.206389,south,east,valid,8352
-72.9925,75.20639,south,east,valid,8353
-72.9925,75.2064,south,east,valid,8354
-72.987222,75.209722,south,east,valid,8355
-72.98722,75.20972,south,east,valid,8356
-72.99167,75.22222,south,east,valid,8357
-73.000833,75.217222,south,east,valid,8358
-72.99361,75.21806,south,east,valid,8359
-72.9833,75.2142,south,east,valid,8360
-72.9881,75.2167,south,east,valid,8361
-72.983056,75.229167,south,east,valid,8362
-72.9831,75.2292,south,east,valid,8363
-72.98306,75.22917,south,east,valid,8364
-72.98611,75.21389,south,east,valid,8365
-72.988333,75.203611,south,east,valid,8366
-72.988333,75.201389,south,east,valid,8367
-72.989722,75.2175,south,east,valid,8368
-72.98972,75.21833,south,east,valid,8369
-72.978889,75.260833,south,east,valid,8370
-72.98389,75.24639,south,east,valid,8371
-72.983889,75.246389,south,east,valid,8372
-72.9839,75.2464,south,east,valid,8373
-72.983333,75.251111,south,east,valid,8374
-72.98417,75.24528,south,east,valid,8375
-72.98361,75.25111,south,east,valid,8376
-72.98417,75.24694,south,east,valid,8377
-72.984167,75.246944,south,east,valid,8378
-72.98361,75.24722,south,east,valid,8379
-72.983611,75.247222,south,east,valid,8380
-72.983889,75.245556,south,east,valid,8381
-72.98389,75.25,south,east,valid,8382
-72.983889,75.25,south,east,valid,8383
-72.983333,75.249444,south,east,valid,8384
-72.9833,75.2494,south,east,valid,8385
-72.98333,75.24944,south,east,valid,8386
-72.98333,75.24639,south,east,valid,8387
-72.983889,75.246667,south,east,valid,8388
-72.983611,75.245833,south,east,valid,8389
-72.98361,75.24583,south,east,valid,8390
-72.94583,75.26667,south,east,valid,8391
-72.94306,75.275,south,east,valid,8392
-72.94111,75.29028,south,east,valid,8393
-72.94167,75.29194,south,east,valid,8394
-72.935,75.325,south,east,valid,8395
-72.93528,75.32472,south,east,valid,8396
-72.93528,75.32417,south,east,valid,8397
-72.93972,75.30139,south,east,valid,8398
-72.93472,75.31667,south,east,valid,8399
-72.93472,75.31583,south,east,valid,8400
-72.94222,75.29028,south,east,valid,8401
-72.95944,75.31028,south,east,valid,8402
-72.93556,75.34639,south,east,valid,8403
-72.93667,75.345,south,east,valid,8404
-72.96694,75.27333,south,east,valid,8405
-72.93611,75.30889,south,east,valid,8406
-72.9425,75.299722,south,east,valid,8407
-72.94667,75.30583,south,east,valid,8408
-72.94167,75.30583,south,east,valid,8409
-72.9425,75.316667,south,east,valid,8410
-72.94139,75.30056,south,east,valid,8411
-72.94306,75.29667,south,east,valid,8412
-72.94917,75.2925,south,east,valid,8413
-72.94444,75.29861,south,east,valid,8414
-72.95167,75.27361,south,east,valid,8415
-72.94833,75.26556,south,east,valid,8416
-72.94861,75.265,south,east,valid,8417
-72.94861,75.26361,south,east,valid,8418
-72.945,75.26083,south,east,valid,8419
-72.946111,75.269167,south,east,valid,8420
-72.94639,75.28333,south,east,valid,8421
-72.95889,75.28,south,east,valid,8422
-72.93667,75.30139,south,east,valid,8423
-72.93528,75.32,south,east,valid,8424
-72.935,75.31861,south,east,valid,8425
-72.93472,75.32028,south,east,valid,8426
-72.94917,75.25861,south,east,valid,8427
-72.93611,75.31361,south,east,valid,8428
-72.93639,75.31417,south,east,valid,8429
-72.953333,75.228056,south,east,valid,8430
-72.95944,75.23694,south,east,valid,8431
-72.95944,75.21611,south,east,valid,8432
-72.96083,75.24722,south,east,valid,8433
-72.960833,75.225278,south,east,valid,8434
-72.9642,75.2392,south,east,valid,8435
-72.96306,75.21472,south,east,valid,8436
-72.9625,75.225833,south,east,valid,8437
-72.96472,75.21639,south,east,valid,8438
-72.9656,75.2431,south,east,valid,8439
-72.96028,75.22028,south,east,valid,8440
-72.96389,75.22222,south,east,valid,8441
-72.96278,75.24611,south,east,valid,8442
-72.93472,75.32167,south,east,valid,8443
-72.935,75.31389,south,east,valid,8444
-72.93472,75.32194,south,east,valid,8445
-72.93472,75.32083,south,east,valid,8446
-72.93528,75.32222,south,east,valid,8447
-72.93611,75.30556,south,east,valid,8448
-72.935278,75.316667,south,east,valid,8449
-72.93444,75.325,south,east,valid,8450
-72.93417,75.32222,south,east,valid,8451
-72.93833,75.28972,south,east,valid,8452
-72.938333,75.290278,south,east,valid,8453
-72.94028,75.28583,south,east,valid,8454
-72.93333,75.33528,south,east,valid,8455
-72.93417,75.32583,south,east,valid,8456
-72.94333,75.27167,south,east,valid,8457
-72.96306,75.23917,south,east,valid,8458
-72.96028,75.22222,south,east,valid,8459
-72.96389,75.21611,south,east,valid,8460
-72.96278,75.23889,south,east,valid,8461
-72.96528,75.21528,south,east,valid,8462
-72.9633,75.2178,south,east,valid,8463
-72.965,75.22028,south,east,valid,8464
-72.96306,75.22444,south,east,valid,8465
-72.9625,75.23417,south,east,valid,8466
-72.963333,75.255833,south,east,valid,8467
-72.96194,75.25556,south,east,valid,8468
-72.96389,75.22528,south,east,valid,8469
-72.961389,75.224722,south,east,valid,8470
-72.96583,75.23,south,east,valid,8471
-72.93556,75.29833,south,east,valid,8472
-72.85222,75.21944,south,east,valid,8473
-72.85444,75.21083,south,east,valid,8474
-72.82722,75.28083,south,east,valid,8475
-72.82444,75.29167,south,east,valid,8476
-72.824722,75.291944,south,east,valid,8477
-72.82472,75.29139,south,east,valid,8478
-72.825,75.35667,south,east,valid,8479
-72.825,75.35639,south,east,valid,8480
-72.825,75.356111,south,east,valid,8481
-72.82278,75.29639,south,east,valid,8482
-72.94167,75.2775,south,east,valid,8483
-72.962778,75.225556,south,east,valid,8484
-72.99611,75.20333,south,east,valid,8485
-72.99583,75.20389,south,east,valid,8486
-72.9775,75.216944,south,east,valid,8487
-72.77528,75.32472,south,east,valid,8488
-72.77417,75.33167,south,east,valid,8489
-72.773889,75.336944,south,east,valid,8490
-72.77333,75.33222,south,east,valid,8491
-72.77361,75.33361,south,east,valid,8492
-72.77444,75.32306,south,east,valid,8493
-72.793889,75.281944,south,east,valid,8494
-72.783333,75.281944,south,east,valid,8495
-72.783611,75.2975,south,east,valid,8496
-72.78556,75.29583,south,east,valid,8497
-72.78917,75.28583,south,east,valid,8498
-72.79167,75.29083,south,east,valid,8499
-72.7925,75.29194,south,east,valid,8500
-72.7914,75.2997,south,east,valid,8501
-72.791389,75.297222,south,east,valid,8502
-72.79111,75.28833,south,east,valid,8503
-72.790278,75.283333,south,east,valid,8504
-72.785,75.302222,south,east,valid,8505
-72.784722,75.298889,south,east,valid,8506
-72.781944,75.321389,south,east,valid,8507
-72.7825,75.32222,south,east,valid,8508
-72.7825,75.32639,south,east,valid,8509
-72.7825,75.32167,south,east,valid,8510
-72.79,75.29972,south,east,valid,8511
-72.77278,75.34556,south,east,valid,8512
-72.77333,75.33333,south,east,valid,8513
-72.776944,75.330833,south,east,valid,8514
-72.77639,75.34778,south,east,valid,8515
-72.77444,75.33417,south,east,valid,8516
-72.77306,75.315,south,east,valid,8517
-72.77333,75.33194,south,east,valid,8518
-72.77278,75.35,south,east,valid,8519
-72.77306,75.34583,south,east,valid,8520
-72.77417,75.33111,south,east,valid,8521
-72.77389,75.33361,south,east,valid,8522
-72.773611,75.339722,south,east,valid,8523
-72.772778,75.337778,south,east,valid,8524
-72.77861,75.33,south,east,valid,8525
-72.77833,75.33028,south,east,valid,8526
-72.77861,75.33167,south,east,valid,8527
-72.77861,75.33083,south,east,valid,8528
-72.77861,75.32972,south,east,valid,8529
-72.77806,75.33417,south,east,valid,8530
-72.7775,75.33528,south,east,valid,8531
-72.77806,75.33722,south,east,valid,8532
-72.77806,75.33472,south,east,valid,8533
-72.77778,75.33222,south,east,valid,8534
-72.77778,75.3325,south,east,valid,8535
-72.77722,75.33778,south,east,valid,8536
-72.77722,75.33889,south,east,valid,8537
-72.77722,75.34083,south,east,valid,8538
-72.775833,75.330556,south,east,valid,8539
-72.775556,75.329167,south,east,valid,8540
-72.775,75.320833,south,east,valid,8541
-72.774444,75.345556,south,east,valid,8542
-72.773889,75.336389,south,east,valid,8543
-72.77389,75.34083,south,east,valid,8544
-72.773889,75.347222,south,east,valid,8545
-72.77361,75.34444,south,east,valid,8546
-72.77361,75.3475,south,east,valid,8547
-72.773333,75.36,south,east,valid,8548
-72.77333,75.34833,south,east,valid,8549
-72.773333,75.349722,south,east,valid,8550
-72.77333,75.33861,south,east,valid,8551
-72.773333,75.3375,south,east,valid,8552
-72.77361,75.31972,south,east,valid,8553
-72.773611,75.322222,south,east,valid,8554
-72.79028,75.29333,south,east,valid,8555
-72.79028,75.29361,south,east,valid,8556
-72.79028,75.295,south,east,valid,8557
-72.79,75.29583,south,east,valid,8558
-72.79,75.29722,south,east,valid,8559
-72.79,75.29639,south,east,valid,8560
-72.79028,75.2975,south,east,valid,8561
-72.79056,75.28139,south,east,valid,8562
-72.79056,75.27944,south,east,valid,8563
-72.79056,75.28278,south,east,valid,8564
-72.79056,75.27694,south,east,valid,8565
-72.78972,75.29722,south,east,valid,8566
-72.78972,75.29194,south,east,valid,8567
-72.79,75.28944,south,east,valid,8568
-72.79,75.298056,south,east,valid,8569
-72.789722,75.284444,south,east,valid,8570
-72.78972,75.29028,south,east,valid,8571
-72.790556,75.298889,south,east,valid,8572
-72.78889,75.29472,south,east,valid,8573
-72.788889,75.295833,south,east,valid,8574
-72.78889,75.2975,south,east,valid,8575
-72.789444,75.292222,south,east,valid,8576
-72.789167,75.300833,south,east,valid,8577
-72.788056,75.303889,south,east,valid,8578
-72.788056,75.304167,south,east,valid,8579
-72.78806,75.305,south,east,valid,8580
-72.78806,75.31083,south,east,valid,8581
-72.78778,75.28889,south,east,valid,8582
-72.78694,75.30444,south,east,valid,8583
-72.78694,75.30472,south,east,valid,8584
-72.78694,75.30306,south,east,valid,8585
-72.786944,75.315278,south,east,valid,8586
-72.7847,75.2892,south,east,valid,8587
-72.78472,75.2875,south,east,valid,8588
-72.78444,75.29028,south,east,valid,8589
-72.78389,75.30806,south,east,valid,8590
-72.78472,75.29444,south,east,valid,8591
-72.784444,75.325833,south,east,valid,8592
-72.7844,75.3094,south,east,valid,8593
-72.775,75.31556,south,east,valid,8594
-72.775,75.3175,south,east,valid,8595
-72.775,75.332778,south,east,valid,8596
-72.77444,75.33139,south,east,valid,8597
-72.774167,75.325556,south,east,valid,8598
-72.775,75.33889,south,east,valid,8599
-72.77528,75.33889,south,east,valid,8600
-72.775,75.34167,south,east,valid,8601
-72.77333,75.32222,south,east,valid,8602
-72.77444,75.33333,south,east,valid,8603
-72.77472,75.33361,south,east,valid,8604
-72.77361,75.32222,south,east,valid,8605
-72.77361,75.3225,south,east,valid,8606
-72.77361,75.32278,south,east,valid,8607
-72.77361,75.32306,south,east,valid,8608
-72.77389,75.32389,south,east,valid,8609
-72.77389,75.32417,south,east,valid,8610
-72.77389,75.32444,south,east,valid,8611
-72.77389,75.32472,south,east,valid,8612
-72.77333,75.33361,south,east,valid,8613
-72.77333,75.33389,south,east,valid,8614
-72.77333,75.33417,south,east,valid,8615
-72.77333,75.33444,south,east,valid,8616
-72.77417,75.33889,south,east,valid,8617
-72.775,75.32944,south,east,valid,8618
-72.77472,75.33083,south,east,valid,8619
-72.774722,75.330833,south,east,valid,8620
-72.775,75.34111,south,east,valid,8621
-72.775,75.341111,south,east,valid,8622
-72.77722,75.33806,south,east,valid,8623
-72.777222,75.338056,south,east,valid,8624
-72.77722,75.33833,south,east,valid,8625
-72.777222,75.338889,south,east,valid,8626
-72.77722,75.33917,south,east,valid,8627
-72.778611,75.330278,south,east,valid,8628
-72.778611,75.331389,south,east,valid,8629
-72.781944,75.322222,south,east,valid,8630
-72.781944,75.322778,south,east,valid,8631
-72.781944,75.323056,south,east,valid,8632
-72.778333,75.325278,south,east,valid,8633
-72.77833,75.32611,south,east,valid,8634
-72.7783,75.3269,south,east,valid,8635
-72.7753,75.3364,south,east,valid,8636
-72.775278,75.3375,south,east,valid,8637
-72.775278,75.338056,south,east,valid,8638
-72.7753,75.3381,south,east,valid,8639
-72.77528,75.33806,south,east,valid,8640
-72.777778,75.327778,south,east,valid,8641
-72.77778,75.32806,south,east,valid,8642
-72.777778,75.328333,south,east,valid,8643
-72.77778,75.32944,south,east,valid,8644
-72.777778,75.33,south,east,valid,8645
-72.777778,75.330278,south,east,valid,8646
-72.778056,75.325556,south,east,valid,8647
-72.77806,75.32583,south,east,valid,8648
-72.7781,75.3261,south,east,valid,8649
-72.7781,75.3264,south,east,valid,8650
-72.778056,75.326667,south,east,valid,8651
-72.77806,75.32722,south,east,valid,8652
-72.778056,75.3275,south,east,valid,8653
-72.776944,75.323333,south,east,valid,8654
-72.77694,75.32361,south,east,valid,8655
-72.77694,75.32389,south,east,valid,8656
-72.776944,75.324722,south,east,valid,8657
-72.7769,75.3264,south,east,valid,8658
-72.77694,75.32694,south,east,valid,8659
-72.776944,75.327222,south,east,valid,8660
-72.7775,75.3336,south,east,valid,8661
-72.7775,75.334167,south,east,valid,8662
-72.7775,75.3344,south,east,valid,8663
-72.7775,75.33556,south,east,valid,8664
-72.776389,75.319167,south,east,valid,8665
-72.77639,75.31944,south,east,valid,8666
-72.7764,75.3197,south,east,valid,8667
-72.776389,75.32,south,east,valid,8668
-72.77639,75.32056,south,east,valid,8669
-72.77639,75.32222,south,east,valid,8670
-72.77639,75.3225,south,east,valid,8671
-72.7731,75.34,south,east,valid,8672
-72.773056,75.340278,south,east,valid,8673
-72.773056,75.340556,south,east,valid,8674
-72.77306,75.34139,south,east,valid,8675
-72.773056,75.341667,south,east,valid,8676
-72.773056,75.341944,south,east,valid,8677
-72.773056,75.342222,south,east,valid,8678
-72.77306,75.3425,south,east,valid,8679
-72.773056,75.343056,south,east,valid,8680
-72.773056,75.343333,south,east,valid,8681
-72.7731,75.3436,south,east,valid,8682
-72.77306,75.34444,south,east,valid,8683
-72.77306,75.34472,south,east,valid,8684
-72.77306,75.345,south,east,valid,8685
-72.773056,75.345278,south,east,valid,8686
-72.77389,75.34111,south,east,valid,8687
-72.773889,75.341389,south,east,valid,8688
-72.7739,75.3417,south,east,valid,8689
-72.773889,75.342222,south,east,valid,8690
-72.773889,75.3425,south,east,valid,8691
-72.77389,75.34278,south,east,valid,8692
-72.77389,75.34333,south,east,valid,8693
-72.773889,75.343333,south,east,valid,8694
-72.77528,75.34528,south,east,valid,8695
-72.775278,75.345833,south,east,valid,8696
-72.775278,75.346111,south,east,valid,8697
-72.775278,75.346667,south,east,valid,8698
-72.775278,75.3475,south,east,valid,8699
-72.775,75.31528,south,east,valid,8700
-72.776389,75.347778,south,east,valid,8701
-72.776389,75.348056,south,east,valid,8702
-72.776389,75.348333,south,east,valid,8703
-72.776389,75.348611,south,east,valid,8704
-72.77639,75.34889,south,east,valid,8705
-72.780556,75.345278,south,east,valid,8706
-72.781111,75.3175,south,east,valid,8707
-72.78111,75.31778,south,east,valid,8708
-72.781111,75.319167,south,east,valid,8709
-72.78056,75.31694,south,east,valid,8710
-72.78278,75.3025,south,east,valid,8711
-72.78306,75.30278,south,east,valid,8712
-72.78361,75.29944,south,east,valid,8713
-72.78361,75.29639,south,east,valid,8714
-72.78333,75.29667,south,east,valid,8715
-72.78306,75.29833,south,east,valid,8716
-72.7825,75.30028,south,east,valid,8717
-72.7825,75.30056,south,east,valid,8718
-72.7825,75.30167,south,east,valid,8719
-72.78222,75.30222,south,east,valid,8720
-72.78194,75.3025,south,east,valid,8721
-72.78194,75.30194,south,east,valid,8722
-72.78222,75.30111,south,east,valid,8723
-72.77861,75.31528,south,east,valid,8724
-72.778611,75.315278,south,east,valid,8725
-72.77917,75.31056,south,east,valid,8726
-72.7792,75.3106,south,east,valid,8727
-72.779167,75.310556,south,east,valid,8728
-72.77889,75.31361,south,east,valid,8729
-72.778889,75.313611,south,east,valid,8730
-72.78167,75.30389,south,east,valid,8731
-72.781111,75.292222,south,east,valid,8732
-72.7811,75.2922,south,east,valid,8733
-72.78111,75.29222,south,east,valid,8734
-72.78139,75.30556,south,east,valid,8735
-72.781389,75.305556,south,east,valid,8736
-72.78083,75.30222,south,east,valid,8737
-72.77833,75.32083,south,east,valid,8738
-72.778333,75.320833,south,east,valid,8739
-72.77889,75.31111,south,east,valid,8740
-72.778889,75.311111,south,east,valid,8741
-72.778333,75.311944,south,east,valid,8742
-72.77833,75.31194,south,east,valid,8743
-72.7783,75.3139,south,east,valid,8744
-72.778333,75.313889,south,east,valid,8745
-72.77833,75.31389,south,east,valid,8746
-72.779722,75.292778,south,east,valid,8747
-72.77972,75.29278,south,east,valid,8748
-72.77944,75.29528,south,east,valid,8749
-72.779167,75.299167,south,east,valid,8750
-72.779167,75.299444,south,east,valid,8751
-72.77917,75.29972,south,east,valid,8752
-72.779167,75.3,south,east,valid,8753
-72.778889,75.301389,south,east,valid,8754
-72.7789,75.3014,south,east,valid,8755
-72.77889,75.30139,south,east,valid,8756
-72.77222,75.34,south,east,valid,8757
-72.77333,75.33917,south,east,valid,8758
-72.773611,75.3325,south,east,valid,8759
-72.775,75.32917,south,east,valid,8760
-72.774722,75.330556,south,east,valid,8761
-72.775,75.315556,south,east,valid,8762
-72.77528,75.33639,south,east,valid,8763
-72.772778,75.340278,south,east,valid,8764
-72.77361,75.32028,south,east,valid,8765
-72.775556,75.318611,south,east,valid,8766
-72.77917,75.29667,south,east,valid,8767
-72.779444,75.299167,south,east,valid,8768
-72.772778,75.355278,south,east,valid,8769
-72.7722,75.3389,south,east,valid,8770
-72.77278,75.33333,south,east,valid,8771
-72.77333,75.33083,south,east,valid,8772
-72.77444,75.32861,south,east,valid,8773
-72.778333,75.302222,south,east,valid,8774
-72.77833,75.3025,south,east,valid,8775
-72.778611,75.304167,south,east,valid,8776
-72.77833,75.31111,south,east,valid,8777
-72.778889,75.305833,south,east,valid,8778
-72.777778,75.320556,south,east,valid,8779
-72.78111,75.305,south,east,valid,8780
-72.779167,75.306111,south,east,valid,8781
-72.781111,75.286944,south,east,valid,8782
-72.78028,75.28167,south,east,valid,8783
-72.780278,75.282222,south,east,valid,8784
-72.780278,75.286111,south,east,valid,8785
-72.77361,75.34028,south,east,valid,8786
-72.775,75.331389,south,east,valid,8787
-72.773611,75.341944,south,east,valid,8788
-72.774722,75.322222,south,east,valid,8789
-72.77472,75.32361,south,east,valid,8790
-72.774722,75.325,south,east,valid,8791
-72.77444,75.32444,south,east,valid,8792
-72.77333,75.34333,south,east,valid,8793
-72.77472,75.32417,south,east,valid,8794
-72.7775,75.318889,south,east,valid,8795
-72.775,75.3225,south,east,valid,8796
-72.775,75.340833,south,east,valid,8797
-72.773611,75.342778,south,east,valid,8798
-72.77278,75.33139,south,east,valid,8799
-72.77417,75.3225,south,east,valid,8800
-72.773056,75.350833,south,east,valid,8801
-72.77444,75.32778,south,east,valid,8802
-72.775,75.347778,south,east,valid,8803
-72.7758,75.3303,south,east,valid,8804
-72.77583,75.32472,south,east,valid,8805
-72.776389,75.316389,south,east,valid,8806
-72.77611,75.32,south,east,valid,8807
-72.77528,75.32583,south,east,valid,8808
-72.77667,75.33639,south,east,valid,8809
-72.776667,75.336667,south,east,valid,8810
-72.776111,75.333889,south,east,valid,8811
-72.776389,75.326111,south,east,valid,8812
-72.77639,75.32667,south,east,valid,8813
-72.775556,75.3475,south,east,valid,8814
-72.773611,75.323889,south,east,valid,8815
-72.7731,75.3553,south,east,valid,8816
-72.77389,75.34778,south,east,valid,8817
-72.77417,75.33417,south,east,valid,8818
-72.773333,75.3525,south,east,valid,8819
-72.774167,75.325,south,east,valid,8820
-72.775833,75.338889,south,east,valid,8821
-72.77778,75.30556,south,east,valid,8822
-72.77306,75.33917,south,east,valid,8823
-72.77306,75.33944,south,east,valid,8824
-72.77333,75.32861,south,east,valid,8825
-72.77389,75.32694,south,east,valid,8826
-72.773889,75.326944,south,east,valid,8827
-72.77389,75.3275,south,east,valid,8828
-72.77389,75.32778,south,east,valid,8829
-72.77417,75.34528,south,east,valid,8830
-72.77417,75.34583,south,east,valid,8831
-72.77444,75.32167,south,east,valid,8832
-72.77444,75.32222,south,east,valid,8833
-72.77444,75.3225,south,east,valid,8834
-72.775,75.34,south,east,valid,8835
-72.775,75.340556,south,east,valid,8836
-72.7756,75.3278,south,east,valid,8837
-72.7756,75.3283,south,east,valid,8838
-72.77556,75.32944,south,east,valid,8839
-72.775556,75.329444,south,east,valid,8840
-72.774444,75.318333,south,east,valid,8841
-72.7744,75.3192,south,east,valid,8842
-72.77444,75.31944,south,east,valid,8843
-72.774167,75.331111,south,east,valid,8844
-72.7728,75.3186,south,east,valid,8845
-72.773056,75.323611,south,east,valid,8846
-72.7731,75.3247,south,east,valid,8847
-72.773333,75.315278,south,east,valid,8848
-72.77333,75.31556,south,east,valid,8849
-72.773333,75.315833,south,east,valid,8850
-72.773611,75.339167,south,east,valid,8851
-72.773611,75.340833,south,east,valid,8852
-72.77361,75.34111,south,east,valid,8853
-72.773611,75.341389,south,east,valid,8854
-72.77389,75.34194,south,east,valid,8855
-72.773889,75.343056,south,east,valid,8856
-72.7744,75.3069,south,east,valid,8857
-72.774444,75.307222,south,east,valid,8858
-72.77444,75.3075,south,east,valid,8859
-72.7733,75.3369,south,east,valid,8860
-72.77333,75.33833,south,east,valid,8861
-72.7825,75.27861,south,east,valid,8862
-72.7825,75.279167,south,east,valid,8863
-72.7825,75.279444,south,east,valid,8864
-72.7825,75.28,south,east,valid,8865
-72.7825,75.28028,south,east,valid,8866
-72.7825,75.28056,south,east,valid,8867
-72.7825,75.28083,south,east,valid,8868
-72.7825,75.28111,south,east,valid,8869
-72.7825,75.28167,south,east,valid,8870
-72.7825,75.28194,south,east,valid,8871
-72.7825,75.281944,south,east,valid,8872
-72.7825,75.276944,south,east,valid,8873
-72.7825,75.27694,south,east,valid,8874
-72.7825,75.27722,south,east,valid,8875
-72.7825,75.2775,south,east,valid,8876
-72.7825,75.277778,south,east,valid,8877
-72.7825,75.27778,south,east,valid,8878
-72.782778,75.277222,south,east,valid,8879
-72.78278,75.27722,south,east,valid,8880
-72.78278,75.27778,south,east,valid,8881
-72.782778,75.278333,south,east,valid,8882
-72.78278,75.27861,south,east,valid,8883
-72.78194,75.28528,south,east,valid,8884
-72.781944,75.286389,south,east,valid,8885
-72.78194,75.28667,south,east,valid,8886
-72.78056,75.28639,south,east,valid,8887
-72.7806,75.2867,south,east,valid,8888
-72.780556,75.286944,south,east,valid,8889
-72.78056,75.2875,south,east,valid,8890
-72.780556,75.287778,south,east,valid,8891
-72.781389,75.278056,south,east,valid,8892
-72.78139,75.27944,south,east,valid,8893
-72.781389,75.279444,south,east,valid,8894
-72.78472,75.27,south,east,valid,8895
-72.7808,75.2778,south,east,valid,8896
-72.7792,75.2919,south,east,valid,8897
-72.77917,75.29417,south,east,valid,8898
-72.7792,75.2983,south,east,valid,8899
-72.777778,75.279444,south,east,valid,8900
-72.775,75.32972,south,east,valid,8901
-72.775,75.33,south,east,valid,8902
-72.775,75.330556,south,east,valid,8903
-72.775,75.330833,south,east,valid,8904
-72.775556,75.336944,south,east,valid,8905
-72.775556,75.3375,south,east,valid,8906
-72.77556,75.33778,south,east,valid,8907
-72.77556,75.33806,south,east,valid,8908
-72.775556,75.338611,south,east,valid,8909
-72.77556,75.33861,south,east,valid,8910
-72.77528,75.32722,south,east,valid,8911
-72.7753,75.3283,south,east,valid,8912
-72.77528,75.32861,south,east,valid,8913
-72.775278,75.329167,south,east,valid,8914
-72.7753,75.3303,south,east,valid,8915
-72.77361,75.33694,south,east,valid,8916
-72.77361,75.33722,south,east,valid,8917
-72.77361,75.33833,south,east,valid,8918
-72.77361,75.33917,south,east,valid,8919
-72.773333,75.326944,south,east,valid,8920
-72.77361,75.34083,south,east,valid,8921
-72.773611,75.342222,south,east,valid,8922
-72.77361,75.34222,south,east,valid,8923
-72.7739,75.3333,south,east,valid,8924
-72.773889,75.333333,south,east,valid,8925
-72.77389,75.335,south,east,valid,8926
-72.773889,75.335278,south,east,valid,8927
-72.773889,75.335556,south,east,valid,8928
-72.773889,75.336111,south,east,valid,8929
-72.77472,75.31194,south,east,valid,8930
-72.774722,75.312222,south,east,valid,8931
-72.77472,75.31278,south,east,valid,8932
-72.774722,75.313056,south,east,valid,8933
-72.774722,75.313333,south,east,valid,8934
-72.77472,75.31361,south,east,valid,8935
-72.77472,75.31389,south,east,valid,8936
-72.775,75.30556,south,east,valid,8937
-72.775,75.305833,south,east,valid,8938
-72.775,75.306111,south,east,valid,8939
-72.775,75.316667,south,east,valid,8940
-72.775,75.31722,south,east,valid,8941
-72.775,75.317778,south,east,valid,8942
-72.775,75.3181,south,east,valid,8943
-72.775,75.31833,south,east,valid,8944
-72.775,75.31861,south,east,valid,8945
-72.775,75.318889,south,east,valid,8946
-72.775,75.319167,south,east,valid,8947
-72.775,75.319444,south,east,valid,8948
-72.775,75.32,south,east,valid,8949
-72.77472,75.32306,south,east,valid,8950
-72.7747,75.3231,south,east,valid,8951
-72.774722,75.323333,south,east,valid,8952
-72.774722,75.324167,south,east,valid,8953
-72.774444,75.319444,south,east,valid,8954
-72.77444,75.31972,south,east,valid,8955
-72.774444,75.32,south,east,valid,8956
-72.774444,75.320278,south,east,valid,8957
-72.774444,75.320833,south,east,valid,8958
-72.774444,75.321111,south,east,valid,8959
-72.774444,75.321667,south,east,valid,8960
-72.774444,75.322222,south,east,valid,8961
-72.774444,75.322778,south,east,valid,8962
-72.77444,75.32278,south,east,valid,8963
-72.77444,75.32528,south,east,valid,8964
-72.774167,75.315278,south,east,valid,8965
-72.77417,75.31556,south,east,valid,8966
-72.77417,75.31583,south,east,valid,8967
-72.77417,75.31611,south,east,valid,8968
-72.77417,75.31639,south,east,valid,8969
-72.773889,75.32,south,east,valid,8970
-72.77389,75.32,south,east,valid,8971
-72.77389,75.32056,south,east,valid,8972
-72.773889,75.321944,south,east,valid,8973
-72.773889,75.322222,south,east,valid,8974
-72.773889,75.3225,south,east,valid,8975
-72.77361,75.34361,south,east,valid,8976
-72.773611,75.343611,south,east,valid,8977
-72.773611,75.344722,south,east,valid,8978
-72.77361,75.34667,south,east,valid,8979
-72.7739,75.3281,south,east,valid,8980
-72.77333,75.32194,south,east,valid,8981
-72.773333,75.323611,south,east,valid,8982
-72.77333,75.32472,south,east,valid,8983
-72.77333,75.325,south,east,valid,8984
-72.7733,75.3264,south,east,valid,8985
-72.775556,75.324167,south,east,valid,8986
-72.77556,75.32444,south,east,valid,8987
-72.775556,75.324722,south,east,valid,8988
-72.7756,75.325,south,east,valid,8989
-72.775833,75.314722,south,east,valid,8990
-72.77444,75.32194,south,east,valid,8991
-72.774444,75.3225,south,east,valid,8992
-72.7744,75.3236,south,east,valid,8993
-72.774444,75.323889,south,east,valid,8994
-72.774444,75.324167,south,east,valid,8995
-72.774444,75.324722,south,east,valid,8996
-72.774444,75.325,south,east,valid,8997
-72.774167,75.3175,south,east,valid,8998
-72.774167,75.318056,south,east,valid,8999
-72.774167,75.318333,south,east,valid,9000
-72.7742,75.3186,south,east,valid,9001
-72.77417,75.31889,south,east,valid,9002
-72.77417,75.31917,south,east,valid,9003
-72.77417,75.31944,south,east,valid,9004
-72.774167,75.320278,south,east,valid,9005
-72.77417,75.32056,south,east,valid,9006
-72.773333,75.336389,south,east,valid,9007
-72.77333,75.33639,south,east,valid,9008
-72.773333,75.336667,south,east,valid,9009
-72.773333,75.337778,south,east,valid,9010
-72.77333,75.33806,south,east,valid,9011
-72.773056,75.338056,south,east,valid,9012
-72.793611,75.282222,south,east,valid,9013
-72.775,75.338889,south,east,valid,9014
-72.773611,75.338611,south,east,valid,9015
-72.7736,75.3386,south,east,valid,9016
-72.773889,75.339167,south,east,valid,9017
-72.7739,75.3394,south,east,valid,9018
-72.773889,75.339444,south,east,valid,9019
-72.77389,75.33944,south,east,valid,9020
-72.77389,75.33972,south,east,valid,9021
-72.773333,75.338611,south,east,valid,9022
-72.7733,75.3386,south,east,valid,9023
-72.77361,75.32,south,east,valid,9024
-72.773611,75.32,south,east,valid,9025
-72.7736,75.32,south,east,valid,9026
-72.773611,75.320278,south,east,valid,9027
-72.7736,75.3203,south,east,valid,9028
-72.773611,75.320833,south,east,valid,9029
-72.77361,75.32083,south,east,valid,9030
-72.7736,75.3211,south,east,valid,9031
-72.889444,75.910556,south,east,valid,9032
-72.890833,75.911111,south,east,valid,9033
-72.9833,75.2514,south,east,valid,9034
-72.98333,75.25139,south,east,valid,9035
-72.98417,75.24639,south,east,valid,9036
-72.984167,75.246389,south,east,valid,9037
-72.98417,75.24667,south,east,valid,9038
-72.984167,75.246667,south,east,valid,9039
-72.9842,75.2467,south,east,valid,9040
-72.9839,75.2514,south,east,valid,9041
-72.983889,75.251389,south,east,valid,9042
-72.98389,75.25139,south,east,valid,9043
-72.9925,75.25139,south,east,valid,9044
-72.98306,75.25278,south,east,valid,9045
-72.98389,75.25083,south,east,valid,9046
-72.983889,75.250833,south,east,valid,9047
-72.98389,75.25111,south,east,valid,9048
-72.98417,75.25222,south,east,valid,9049
-72.984167,75.252222,south,east,valid,9050
-72.9842,75.2522,south,east,valid,9051
-72.984444,75.25,south,east,valid,9052
-72.98444,75.25,south,east,valid,9053
-72.984444,75.2525,south,east,valid,9054
-72.98472,75.24944,south,east,valid,9055
-72.984722,75.249444,south,east,valid,9056
-72.984722,75.249722,south,east,valid,9057
-72.98361,75.25028,south,east,valid,9058
-72.98361,75.25083,south,east,valid,9059
-72.98361,75.2475,south,east,valid,9060
-72.9822,75.2489,south,east,valid,9061
-72.983611,75.252222,south,east,valid,9062
-72.9925,75.25222,south,east,valid,9063
-72.98361,75.25222,south,east,valid,9064
-72.981944,75.246389,south,east,valid,9065
-72.9819,75.2467,south,east,valid,9066
-72.98139,75.24556,south,east,valid,9067
-72.9975,75.24417,south,east,valid,9068
-72.985,75.256389,south,east,valid,9069
-72.985,75.25667,south,east,valid,9070
-72.984722,75.256667,south,east,valid,9071
-72.9825,75.25167,south,east,valid,9072
-72.9825,75.251944,south,east,valid,9073
-72.9825,75.25,south,east,valid,9074
-72.9825,75.2503,south,east,valid,9075
-72.9825,75.250278,south,east,valid,9076
-72.9825,75.25028,south,east,valid,9077
-72.775,75.34222,south,east,valid,9078
-73.0,75.2,south,east,valid,9079
-73.113056,75.159722,south,east,valid,9080
-73.113889,75.165833,south,east,valid,9081
-73.094444,75.203333,south,east,valid,9082
-73.10472,75.17972,south,east,valid,9083
-73.113889,75.171667,south,east,valid,9084
-73.113333,75.164444,south,east,valid,9085
-73.088889,75.222778,south,east,valid,9086
-72.995833,75.185278,south,east,valid,9087
-73.092222,75.193333,south,east,valid,9088
-73.11361,75.20444,south,east,valid,9089
-72.995556,75.193056,south,east,valid,9090
-73.1125,75.159444,south,east,valid,9091
-73.113611,75.161389,south,east,valid,9092
-73.10389,75.17556,south,east,valid,9093
-73.113333,75.103889,south,east,valid,9094
-73.1075,75.173611,south,east,valid,9095
-73.114167,75.165278,south,east,valid,9096
-73.10667,75.17306,south,east,valid,9097
-73.07611,75.26,south,east,valid,9098
-73.074444,75.180278,south,east,valid,9099
-73.1075,75.1525,south,east,valid,9100
-73.100278,75.2,south,east,valid,9101
-72.99583,75.18528,south,east,valid,9102
-72.99306,75.20722,south,east,valid,9103
-72.99556,75.18917,south,east,valid,9104
-72.99556,75.19472,south,east,valid,9105
-73.103889,75.17,south,east,valid,9106
-72.99694,75.21833,south,east,valid,9107
-72.99778,75.21944,south,east,valid,9108
-72.99972,75.19417,south,east,valid,9109
-72.99861,75.21139,south,east,valid,9110
-72.99667,75.21667,south,east,valid,9111
-72.998333,75.215556,south,east,valid,9112
-72.99861,75.19361,south,east,valid,9113
-72.998611,75.193611,south,east,valid,9114
-72.99556,75.20611,south,east,valid,9115
-72.99667,75.21833,south,east,valid,9116
-72.996667,75.218056,south,east,valid,9117
-72.996944,75.217778,south,east,valid,9118
-73.105,75.171389,south,east,valid,9119
-72.99694,75.2175,south,east,valid,9120
-72.9925,75.21806,south,east,valid,9121
-72.996944,75.218333,south,east,valid,9122
-72.991667,75.234722,south,east,valid,9123
-72.991944,75.234444,south,east,valid,9124
-72.9925,75.23444,south,east,valid,9125
-72.993333,75.234167,south,east,valid,9126
-72.99056,75.22778,south,east,valid,9127
-73.08056,75.14889,south,east,valid,9128
-72.99611,75.18722,south,east,valid,9129
-73.09111,75.16111,south,east,valid,9130
-73.093611,75.190556,south,east,valid,9131
-73.086111,75.234167,south,east,valid,9132
-73.00306,75.17333,south,east,valid,9133
-72.995278,75.205833,south,east,valid,9134
-72.98972,75.20583,south,east,valid,9135
-72.98583,75.16722,south,east,valid,9136
-73.001667,75.180278,south,east,valid,9137
-73.00361,75.17333,south,east,valid,9138
-73.00056,75.19056,south,east,valid,9139
-73.075,75.255278,south,east,valid,9140
-72.9925,75.23361,south,east,valid,9141
-72.97861,75.26667,south,east,valid,9142
-72.978611,75.264722,south,east,valid,9143
-72.97789,75.2662,south,east,valid,9144
-72.97944,75.26306,south,east,valid,9145
-72.978056,75.269444,south,east,valid,9146
-72.9775,75.26778,south,east,valid,9147
-72.980833,75.260278,south,east,valid,9148
-72.97667,75.26361,south,east,valid,9149
-72.976111,75.268889,south,east,valid,9150
-72.97583,75.26806,south,east,valid,9151
-72.98444,75.25889,south,east,valid,9152
-73.085833,75.22,south,east,valid,9153
-72.98361,75.25833,south,east,valid,9154
-72.97833,75.26028,south,east,valid,9155
-72.98306,75.25778,south,east,valid,9156
-72.98139,75.25778,south,east,valid,9157
-72.975,75.260556,south,east,valid,9158
-72.97861,75.25694,south,east,valid,9159
-72.97694,75.2625,south,east,valid,9160
-72.97667,75.26222,south,east,valid,9161
-72.98,75.24861,south,east,valid,9162
-72.97833,75.2911,south,east,valid,9163
-72.96306,75.21528,south,east,valid,9164
-72.95889,75.22333,south,east,valid,9165
-72.96,75.22917,south,east,valid,9166
-72.965,75.22722,south,east,valid,9167
-72.95917,75.23639,south,east,valid,9168
-72.963889,75.218056,south,east,valid,9169
-73.108056,75.204167,south,east,valid,9170
-72.975,75.27,south,east,valid,9171
-72.97528,75.26944,south,east,valid,9172
-72.98361,75.23806,south,east,valid,9173
-72.95389,75.23417,south,east,valid,9174
-72.98056,75.25167,south,east,valid,9175
-72.973889,75.275,south,east,valid,9176
-72.983333,75.252222,south,east,valid,9177
-72.95361,75.23722,south,east,valid,9178
-72.95333,75.23389,south,east,valid,9179
-72.95222,75.23556,south,east,valid,9180
-72.98194,75.27639,south,east,valid,9181
-72.95306,75.23278,south,east,valid,9182
-72.980556,75.251111,south,east,valid,9183
-72.980556,75.261111,south,east,valid,9184
-72.98972,75.26167,south,east,valid,9185
-72.98389,75.24667,south,east,valid,9186
-72.98389,75.2466,south,east,valid,9187
-72.888056,75.205833,south,east,valid,9188
-72.95944,75.22667,south,east,valid,9189
-72.93917,75.28861,south,east,valid,9190
-72.93689,75.2974,south,east,valid,9191
-72.93722,75.29722,south,east,valid,9192
-72.98944,75.23,south,east,valid,9193
-72.959722,75.221667,south,east,valid,9194
-72.97778,75.19583,south,east,valid,9195
-73.00139,75.205,south,east,valid,9196
-72.9875,75.261667,south,east,valid,9197
-72.98583,75.26028,south,east,valid,9198
-72.985833,75.260278,south,east,valid,9199
-72.98306,75.29028,south,east,valid,9200
-72.99111,75.22972,south,east,valid,9201
-72.98333,75.28611,south,east,valid,9202
-72.99528,75.18528,south,east,valid,9203
-72.99528,75.2744,south,east,valid,9204
-72.99611,75.27417,south,east,valid,9205
-72.99361,75.27361,south,east,valid,9206
-72.98361,75.28583,south,east,valid,9207
-72.98611,75.21,south,east,valid,9208
-72.986667,75.183889,south,east,valid,9209
-72.985,75.23389,south,east,valid,9210
-72.98389,75.24556,south,east,valid,9211
-72.998611,75.236111,south,east,valid,9212
-72.98389,75.2456,south,east,valid,9213
-72.984167,75.245278,south,east,valid,9214
-72.984,75.2456,south,east,valid,9215
-72.935,75.31417,south,east,valid,9216
-72.999722,75.209722,south,east,valid,9217
-72.93278,75.32167,south,east,valid,9218
-72.93833,75.29028,south,east,valid,9219
-72.948889,75.319167,south,east,valid,9220
-72.935556,75.313056,south,east,valid,9221
-72.93389,75.30972,south,east,valid,9222
-72.93694,75.29444,south,east,valid,9223
-72.94083,75.29583,south,east,valid,9224
-72.93528,75.32194,south,east,valid,9225
-73.017222,75.255556,south,east,valid,9226
-72.935278,75.321944,south,east,valid,9227
-73.01,75.227778,south,east,valid,9228
-72.93528,75.31944,south,east,valid,9229
-73.016111,75.186111,south,east,valid,9230
-72.935,75.314167,south,east,valid,9231
-72.93083,75.34194,south,east,valid,9232
-72.93389,75.28861,south,east,valid,9233
-72.9325,75.34972,south,east,valid,9234
-72.929444,75.338611,south,east,valid,9235
-72.9325,75.32833,south,east,valid,9236
-72.998889,75.197222,south,east,valid,9237
-72.93,75.342222,south,east,valid,9238
-72.935,75.31917,south,east,valid,9239
-72.9375,75.3075,south,east,valid,9240
-72.93611,75.31639,south,east,valid,9241
-72.93528,75.31889,south,east,valid,9242
-72.935278,75.319722,south,east,valid,9243
-72.93889,75.29333,south,east,valid,9244
-72.94056,75.28306,south,east,valid,9245
-72.93361,75.30889,south,east,valid,9246
-72.934167,75.32,south,east,valid,9247
-72.93417,75.32,south,east,valid,9248
-72.93778,75.31417,south,east,valid,9249
-72.9375,75.31417,south,east,valid,9250
-72.82944,75.27861,south,east,valid,9251
-72.93778,75.31389,south,east,valid,9252
-72.78111,75.31222,south,east,valid,9253
-72.78061,75.3091,south,east,valid,9254
-72.78028,75.3175,south,east,valid,9255
-72.994444,75.205556,south,east,valid,9256
-72.77889,75.31694,south,east,valid,9257
-72.78083,75.32083,south,east,valid,9258
-72.77972,75.33333,south,east,valid,9259
-72.77944,75.32389,south,east,valid,9260
-72.77944,75.3275,south,east,valid,9261
-72.778611,75.327222,south,east,valid,9262
-72.78,75.32472,south,east,valid,9263
-72.77917,75.31944,south,east,valid,9264
-72.778611,75.321111,south,east,valid,9265
-72.7775,75.32889,south,east,valid,9266
-72.994167,75.205278,south,east,valid,9267
-72.778611,75.331111,south,east,valid,9268
-72.78,75.32,south,east,valid,9269
-72.781111,75.320833,south,east,valid,9270
-72.77917,75.3275,south,east,valid,9271
-72.78088,75.319,south,east,valid,9272
-72.77972,75.32694,south,east,valid,9273
-72.77972,75.32972,south,east,valid,9274
-72.77972,75.33083,south,east,valid,9275
-72.77944,75.32361,south,east,valid,9276
-72.77806,75.32306,south,east,valid,9277
-72.999167,75.227778,south,east,valid,9278
-72.77778,75.31833,south,east,valid,9279
-72.779444,75.329722,south,east,valid,9280
-72.78028,75.32028,south,east,valid,9281
-72.778889,75.329722,south,east,valid,9282
-72.78028,75.31472,south,east,valid,9283
-72.78083,75.30917,south,east,valid,9284
-72.77889,75.315,south,east,valid,9285
-72.997222,75.219444,south,east,valid,9286
-72.778611,75.333333,south,east,valid,9287
-72.7775,75.33,south,east,valid,9288
-72.780278,75.326389,south,east,valid,9289
-72.78056,75.32583,south,east,valid,9290
-72.77972,75.31611,south,east,valid,9291
-72.777778,75.326944,south,east,valid,9292
-72.77778,75.32694,south,east,valid,9293
-72.994444,75.216667,south,east,valid,9294
-72.778333,75.333333,south,east,valid,9295
-72.778611,75.332778,south,east,valid,9296
-72.77833,75.31833,south,east,valid,9297
-72.977222,75.260278,south,east,valid,9298
-72.77611,75.33361,south,east,valid,9299
-72.78,75.32028,south,east,valid,9300
-72.77833,75.3175,south,east,valid,9301
-72.781111,75.305278,south,east,valid,9302
-72.78111,75.30528,south,east,valid,9303
-72.77861,75.3175,south,east,valid,9304
-72.778611,75.3175,south,east,valid,9305
-72.77861,75.31778,south,east,valid,9306
-72.778611,75.317778,south,east,valid,9307
-72.77944,75.3125,south,east,valid,9308
-72.77889,75.3275,south,east,valid,9309
-72.78111,75.30611,south,east,valid,9310
-72.77778,75.32139,south,east,valid,9311
-72.77806,75.32167,south,east,valid,9312
-72.9775,75.260833,south,east,valid,9313
-72.78083,75.305,south,east,valid,9314
-72.77917,75.32917,south,east,valid,9315
-72.778056,75.335833,south,east,valid,9316
-72.77806,75.31833,south,east,valid,9317
-72.78139,75.31889,south,east,valid,9318
-72.77889,75.33278,south,east,valid,9319
-72.78028,75.32333,south,east,valid,9320
-72.77917,75.32361,south,east,valid,9321
-72.77917,75.32833,south,east,valid,9322
-72.779444,75.312778,south,east,valid,9323
-72.77944,75.31972,south,east,valid,9324
-72.981389,75.263889,south,east,valid,9325
-72.778333,75.323056,south,east,valid,9326
-72.78,75.311944,south,east,valid,9327
-72.98,75.258889,south,east,valid,9328
-72.78,75.31194,south,east,valid,9329
-72.78,75.327222,south,east,valid,9330
-72.77972,75.31194,south,east,valid,9331
-72.775,75.33611,south,east,valid,9332
-72.775556,75.334167,south,east,valid,9333
-72.979167,75.262778,south,east,valid,9334
-72.77722,75.32972,south,east,valid,9335
-72.78111,75.32833,south,east,valid,9336
-72.780556,75.308056,south,east,valid,9337
-72.77944,75.32944,south,east,valid,9338
-72.77889,75.33194,south,east,valid,9339
-72.780556,75.331389,south,east,valid,9340
-72.77889,75.32083,south,east,valid,9341
-72.780278,75.331389,south,east,valid,9342
-72.77972,75.32778,south,east,valid,9343
-72.778889,75.331389,south,east,valid,9344
-72.78133,75.3204,south,east,valid,9345
-72.78028,75.31028,south,east,valid,9346
-72.78167,75.31833,south,east,valid,9347
-72.78028,75.33,south,east,valid,9348
-72.78093,75.313,south,east,valid,9349
-72.77861,75.32583,south,east,valid,9350
-72.78056,75.32306,south,east,valid,9351
-72.980556,75.258333,south,east,valid,9352
-72.7775,75.33083,south,east,valid,9353
-72.780278,75.319167,south,east,valid,9354
-72.7818,75.3187,south,east,valid,9355
-72.78167,75.32889,south,east,valid,9356
-72.78153,75.3171,south,east,valid,9357
-72.78056,75.32972,south,east,valid,9358
-72.77861,75.315,south,east,valid,9359
-72.78028,75.31833,south,east,valid,9360
-72.78167,75.31778,south,east,valid,9361
-72.780833,75.319167,south,east,valid,9362
-72.978611,75.255,south,east,valid,9363
-72.777778,75.322778,south,east,valid,9364
-72.780278,75.328333,south,east,valid,9365
-72.78,75.3275,south,east,valid,9366
-72.780278,75.323333,south,east,valid,9367
-72.77889,75.31556,south,east,valid,9368
-72.77917,75.305,south,east,valid,9369
-72.78167,75.30056,south,east,valid,9370
-72.78139,75.30167,south,east,valid,9371
-72.78139,75.30194,south,east,valid,9372
-72.78194,75.29944,south,east,valid,9373
-72.78222,75.29944,south,east,valid,9374
-72.978333,75.257222,south,east,valid,9375
-72.77917,75.32167,south,east,valid,9376
-72.78139,75.30333,south,east,valid,9377
-72.780833,75.305278,south,east,valid,9378
-72.977222,75.258611,south,east,valid,9379
-72.77889,75.31833,south,east,valid,9380
-72.77889,75.31889,south,east,valid,9381
-72.77889,75.31861,south,east,valid,9382
-72.781944,75.299444,south,east,valid,9383
-72.78167,75.29944,south,east,valid,9384
-72.77833,75.31806,south,east,valid,9385
-72.77833,75.31778,south,east,valid,9386
-72.778333,75.317778,south,east,valid,9387
-72.778333,75.318056,south,east,valid,9388
-72.977778,75.257778,south,east,valid,9389
-72.77306,75.33556,south,east,valid,9390
-72.77361,75.33556,south,east,valid,9391
-72.77417,75.33611,south,east,valid,9392
-72.774722,75.336667,south,east,valid,9393
-72.77444,75.34111,south,east,valid,9394
-72.77556,75.33611,south,east,valid,9395
-72.976944,75.256944,south,east,valid,9396
-72.77264,75.3422,south,east,valid,9397
-72.77583,75.33972,south,east,valid,9398
-72.77306,75.34222,south,east,valid,9399
-72.77139,75.34111,south,east,valid,9400
-72.77528,75.34194,south,east,valid,9401
-72.977778,75.261667,south,east,valid,9402
-72.775,75.339722,south,east,valid,9403
-72.77917,75.31583,south,east,valid,9404
-72.78028,75.33083,south,east,valid,9405
-72.78,75.31917,south,east,valid,9406
-72.78028,75.32722,south,east,valid,9407
-72.78,75.323611,south,east,valid,9408
-72.778889,75.326944,south,east,valid,9409
-72.772222,75.336111,south,east,valid,9410
-72.77667,75.32278,south,east,valid,9411
-72.9775,75.255278,south,east,valid,9412
-72.7735,75.3287,south,east,valid,9413
-72.77611,75.32639,south,east,valid,9414
-72.773333,75.34,south,east,valid,9415
-72.77352,75.3438,south,east,valid,9416
-72.77168,75.33,south,east,valid,9417
-72.77333,75.32583,south,east,valid,9418
-72.775278,75.318056,south,east,valid,9419
-72.77278,75.32944,south,east,valid,9420
-72.976389,75.267222,south,east,valid,9421
-72.775,75.33528,south,east,valid,9422
-72.775,75.335278,south,east,valid,9423
-72.77194,75.34472,south,east,valid,9424
-72.771944,75.344722,south,east,valid,9425
-72.9775,75.265278,south,east,valid,9426
-72.77306,75.33806,south,east,valid,9427
-72.77299,75.3382,south,east,valid,9428
-72.9775,75.265833,south,east,valid,9429
-72.7725,75.34667,south,east,valid,9430
-72.7725,75.346667,south,east,valid,9431
-72.771111,75.338056,south,east,valid,9432
-72.77111,75.33806,south,east,valid,9433
-72.783056,75.300278,south,east,valid,9434
-72.77917,75.31361,south,east,valid,9435
-72.77917,75.32306,south,east,valid,9436
-72.77611,75.32306,south,east,valid,9437
-72.976944,75.2675,south,east,valid,9438
-72.77611,75.32583,south,east,valid,9439
-72.77639,75.30972,south,east,valid,9440
-72.77833,75.32167,south,east,valid,9441
-72.776111,75.334444,south,east,valid,9442
-72.77611,75.33444,south,east,valid,9443
-72.77806,75.32833,south,east,valid,9444
-72.977778,75.265556,south,east,valid,9445
-72.778056,75.320556,south,east,valid,9446
-72.776389,75.322222,south,east,valid,9447
-72.77778,75.30056,south,east,valid,9448
-72.778889,75.324722,south,east,valid,9449
-72.77611,75.32861,south,east,valid,9450
-72.77667,75.32194,south,east,valid,9451
-72.77944,75.31611,south,east,valid,9452
-72.77972,75.31444,south,east,valid,9453
-72.77611,75.32694,south,east,valid,9454
-72.782222,75.311667,south,east,valid,9455
-72.77667,75.31306,south,east,valid,9456
-72.979722,75.263333,south,east,valid,9457
-72.77722,75.30806,south,east,valid,9458
-72.781667,75.323889,south,east,valid,9459
-72.78083,75.31556,south,east,valid,9460
-72.77861,75.31389,south,east,valid,9461
-72.7825,75.325,south,east,valid,9462
-72.979722,75.263611,south,east,valid,9463
-72.78,75.32833,south,east,valid,9464
-72.78,75.31972,south,east,valid,9465
-72.7775,75.326667,south,east,valid,9466
-72.77889,75.30972,south,east,valid,9467
-72.778889,75.309722,south,east,valid,9468
-72.78083,75.31,south,east,valid,9469
-72.780833,75.31,south,east,valid,9470
-72.78222,75.32167,south,east,valid,9471
-72.782222,75.321667,south,east,valid,9472
-72.978056,75.260278,south,east,valid,9473
-72.783056,75.318333,south,east,valid,9474
-72.78278,75.29889,south,east,valid,9475
-72.782778,75.298889,south,east,valid,9476
-72.9775,75.263056,south,east,valid,9477
-72.78194,75.3147,south,east,valid,9478
-72.78194,75.31472,south,east,valid,9479
-72.781944,75.314722,south,east,valid,9480
-72.7875,75.27722,south,east,valid,9481
-72.7875,75.277222,south,east,valid,9482
-72.78694,75.27278,south,east,valid,9483
-72.786944,75.272778,south,east,valid,9484
-72.78389,75.2725,south,east,valid,9485
-72.7839,75.2718,south,east,valid,9486
-72.78389,75.27167,south,east,valid,9487
-72.783889,75.271667,south,east,valid,9488
-72.976389,75.263889,south,east,valid,9489
-72.77611,75.33194,south,east,valid,9490
-72.779167,75.331389,south,east,valid,9491
-72.778889,75.330556,south,east,valid,9492
-72.781667,75.302778,south,east,valid,9493
-72.78278,75.3244,south,east,valid,9494
-72.781944,75.324167,south,east,valid,9495
-72.78194,75.32306,south,east,valid,9496
-72.77828,75.3186,south,east,valid,9497
-72.979167,75.261667,south,east,valid,9498
-72.778333,75.318611,south,east,valid,9499
-72.77833,75.31861,south,east,valid,9500
-72.77611,75.31389,south,east,valid,9501
-72.978056,75.261944,south,east,valid,9502
-72.776111,75.313889,south,east,valid,9503
-72.78417,75.30861,south,east,valid,9504
-72.783889,75.308611,south,east,valid,9505
-72.784167,75.308611,south,east,valid,9506
-72.979167,75.266944,south,east,valid,9507
-72.78361,75.29833,south,east,valid,9508
-72.783611,75.298333,south,east,valid,9509
-72.779722,75.316111,south,east,valid,9510
-72.77917,75.30722,south,east,valid,9511
-72.994444,75.264444,south,east,valid,9512
-72.77806,75.30528,south,east,valid,9513
-72.779722,75.304722,south,east,valid,9514
-72.78639,75.29333,south,east,valid,9515
-72.786389,75.296667,south,east,valid,9516
-72.785,75.294722,south,east,valid,9517
-72.785,75.29472,south,east,valid,9518
-72.994444,75.263611,south,east,valid,9519
-72.780833,75.303611,south,east,valid,9520
-72.78083,75.30361,south,east,valid,9521
-72.778611,75.3025,south,east,valid,9522
-72.978056,75.263056,south,east,valid,9523
-72.778333,75.3025,south,east,valid,9524
-72.783056,75.297222,south,east,valid,9525
-72.9775,75.267222,south,east,valid,9526
-72.78311,75.2972,south,east,valid,9527
-72.783611,75.299444,south,east,valid,9528
-72.978611,75.259167,south,east,valid,9529
-72.785278,75.299722,south,east,valid,9530
-72.78028,75.31556,south,east,valid,9531
-72.78333,75.30583,south,east,valid,9532
-72.78306,75.30583,south,east,valid,9533
-72.77861,75.31833,south,east,valid,9534
-72.779444,75.311667,south,east,valid,9535
-72.77944,75.31167,south,east,valid,9536
-72.779167,75.313056,south,east,valid,9537
-72.77833,75.3225,south,east,valid,9538
-72.978333,75.259444,south,east,valid,9539
-72.78028,75.30861,south,east,valid,9540
-72.77917,75.31389,south,east,valid,9541
-72.77912,75.3138,south,east,valid,9542
-72.779167,75.313333,south,east,valid,9543
-72.78056,75.30611,south,east,valid,9544
-72.782222,75.306667,south,east,valid,9545
-72.7825,75.29889,south,east,valid,9546
-72.984444,75.225,south,east,valid,9547
-72.78,75.318056,south,east,valid,9548
-72.78472,75.28917,south,east,valid,9549
-72.78482,75.2891,south,east,valid,9550
-72.784722,75.289167,south,east,valid,9551
-72.789167,75.272222,south,east,valid,9552
-72.78917,75.27222,south,east,valid,9553
-72.78333,75.29528,south,east,valid,9554
-72.945833,75.266667,south,east,valid,9555
-72.783333,75.295278,south,east,valid,9556
-72.78538,75.2844,south,east,valid,9557
-72.77861,75.31667,south,east,valid,9558
-72.78,75.31694,south,east,valid,9559
-72.77722,75.31528,south,east,valid,9560
-72.77833,75.31556,south,east,valid,9561
-72.7775,75.31472,south,east,valid,9562
-72.77806,75.31472,south,east,valid,9563
-72.77722,75.31417,south,east,valid,9564
-72.941667,75.291944,south,east,valid,9565
-72.77778,75.31389,south,east,valid,9566
-72.78139,75.31444,south,east,valid,9567
-72.77944,75.31389,south,east,valid,9568
-72.77528,75.33861,south,east,valid,9569
-72.775278,75.338611,south,east,valid,9570
-72.82528,75.35361,south,east,valid,9571
-72.825278,75.353611,south,east,valid,9572
-72.77528,75.35361,south,east,valid,9573
-72.964722,75.216389,south,east,valid,9574
-72.778056,75.337222,south,east,valid,9575
-72.778056,75.334722,south,east,valid,9576
-72.82528,75.3536,south,east,valid,9577
-72.77833,75.31972,south,east,valid,9578
-72.77917,75.31667,south,east,valid,9579
-72.777778,75.332222,south,east,valid,9580
-72.77861,75.3178,south,east,valid,9581
-72.779167,75.316389,south,east,valid,9582
-72.779167,75.316667,south,east,valid,9583
-72.783889,75.308889,south,east,valid,9584
-72.780556,75.313611,south,east,valid,9585
-72.777778,75.3325,south,east,valid,9586
-72.77833,75.29972,south,east,valid,9587
-72.780278,75.286667,south,east,valid,9588
-72.781389,75.297222,south,east,valid,9589
-72.777222,75.337778,south,east,valid,9590
-72.782778,75.298333,south,east,valid,9591
-72.77944,75.30889,south,east,valid,9592
-72.7775,75.305556,south,east,valid,9593
-72.78194,75.29889,south,east,valid,9594
-72.777778,75.306111,south,east,valid,9595
-72.779444,75.308611,south,east,valid,9596
-72.77778,75.30528,south,east,valid,9597
-72.78111,75.29944,south,east,valid,9598
-72.78667,75.29167,south,east,valid,9599
-72.77917,75.31333,south,east,valid,9600
-72.77778,75.31028,south,east,valid,9601
-72.778056,75.310278,south,east,valid,9602
-72.78278,75.29667,south,east,valid,9603
-72.782778,75.296667,south,east,valid,9604
-72.77833,75.31,south,east,valid,9605
-72.777222,75.340833,south,east,valid,9606
-72.778333,75.31,south,east,valid,9607
-72.77778,75.30889,south,east,valid,9608
-72.77194,75.3325,south,east,valid,9609
-72.79083,75.28028,south,east,valid,9610
-72.78972,75.28028,south,east,valid,9611
-72.79,75.28333,south,east,valid,9612
-72.79,75.283333,south,east,valid,9613
-72.78722,75.29306,south,east,valid,9614
-72.79306,75.27889,south,east,valid,9615
-72.77639,75.27889,south,east,valid,9616
-72.793056,75.278889,south,east,valid,9617
-72.773333,75.348333,south,east,valid,9618
-72.782778,75.289722,south,east,valid,9619
-72.78278,75.28972,south,east,valid,9620
-72.779167,75.315556,south,east,valid,9621
-72.77917,75.31556,south,east,valid,9622
-72.773611,75.319722,south,east,valid,9623
-72.789722,75.290278,south,east,valid,9624
-72.78944,75.27833,south,east,valid,9625
-72.77778,75.32639,south,east,valid,9626
-72.78083,75.30639,south,east,valid,9627
-72.780833,75.306667,south,east,valid,9628
-72.78111,75.30833,south,east,valid,9629
-72.76944,75.3375,south,east,valid,9630
-72.77472,75.34,south,east,valid,9631
-72.774722,75.34,south,east,valid,9632
-72.7825,75.300278,south,east,valid,9633
-72.7825,75.300556,south,east,valid,9634
-72.7825,75.301667,south,east,valid,9635
-72.77722,75.32833,south,east,valid,9636
-72.77944,75.31333,south,east,valid,9637
-72.77933,75.3134,south,east,valid,9638
-72.779444,75.313333,south,east,valid,9639
-72.77944,75.29861,south,east,valid,9640
-72.779444,75.298611,south,east,valid,9641
-72.79361,75.28472,south,east,valid,9642
-72.79357,75.2846,south,east,valid,9643
-72.782222,75.302222,south,east,valid,9644
-72.793611,75.284722,south,east,valid,9645
-72.79139,75.28083,south,east,valid,9646
-72.791389,75.280833,south,east,valid,9647
-72.79056,75.27972,south,east,valid,9648
-72.790556,75.279722,south,east,valid,9649
-72.791389,75.281667,south,east,valid,9650
-72.78778,75.27028,south,east,valid,9651
-72.781944,75.3025,south,east,valid,9652
-72.787778,75.270278,south,east,valid,9653
-72.781111,75.305833,south,east,valid,9654
-72.781944,75.301944,south,east,valid,9655
-72.7675,75.318056,south,east,valid,9656
-72.778889,75.316667,south,east,valid,9657
-72.77889,75.31667,south,east,valid,9658
-72.77944,75.31861,south,east,valid,9659
-72.77861,75.31861,south,east,valid,9660
-72.778611,75.318611,south,east,valid,9661
-72.78111,75.30583,south,east,valid,9662
-72.778889,75.315556,south,east,valid,9663
-72.77889,75.3156,south,east,valid,9664
-72.78194,75.29806,south,east,valid,9665
-72.782222,75.301111,south,east,valid,9666
-72.77917,75.30917,south,east,valid,9667
-72.78111,75.29861,south,east,valid,9668
-72.78,75.2992,south,east,valid,9669
-72.77806,75.30583,south,east,valid,9670
-72.77972,75.30833,south,east,valid,9671
-72.77833,75.30639,south,east,valid,9672
-72.77917,75.30806,south,east,valid,9673
-72.77833,75.305,south,east,valid,9674
-72.78139,75.3,south,east,valid,9675
-72.78167,75.3,south,east,valid,9676
-72.781667,75.3,south,east,valid,9677
-72.782222,75.308611,south,east,valid,9678
-72.78222,75.3086,south,east,valid,9679
-72.78083,75.30111,south,east,valid,9680
-72.7825,75.3003,south,east,valid,9681
-72.77972,75.3075,south,east,valid,9682
-72.780556,75.3075,south,east,valid,9683
-72.78194,75.30056,south,east,valid,9684
-72.781944,75.300556,south,east,valid,9685
-72.82528,75.35194,south,east,valid,9686
-72.783889,75.269444,south,east,valid,9687
-72.78389,75.26944,south,east,valid,9688
-72.78583,75.27472,south,east,valid,9689
-72.78333,75.26944,south,east,valid,9690
-72.785,75.29694,south,east,valid,9691
-72.783056,75.276667,south,east,valid,9692
-72.78639,75.28917,south,east,valid,9693
-72.786667,75.286389,south,east,valid,9694
-72.84528,75.21778,south,east,valid,9695
-72.786389,75.293611,south,east,valid,9696
-72.82556,75.35139,south,east,valid,9697
-72.825556,75.357778,south,east,valid,9698
-72.82556,75.35278,south,east,valid,9699
-72.78667,75.28333,south,east,valid,9700
-72.82528,75.3556,south,east,valid,9701
-72.825,75.35611,south,east,valid,9702
-72.82556,75.35,south,east,valid,9703
-72.788611,75.283056,south,east,valid,9704
-72.78639,75.28361,south,east,valid,9705
-72.825,75.35417,south,east,valid,9706
-72.825,75.354167,south,east,valid,9707
-72.78028,75.27417,south,east,valid,9708
-72.78028,75.27583,south,east,valid,9709
-72.779722,75.275833,south,east,valid,9710
-72.77972,75.26944,south,east,valid,9711
-72.778056,75.272778,south,east,valid,9712
-72.77833,75.27333,south,east,valid,9713
-72.778333,75.273333,south,east,valid,9714
-72.78111,75.27139,south,east,valid,9715
-72.78111,75.31194,south,east,valid,9716
-72.781389,75.271389,south,east,valid,9717
-72.78528,75.26861,south,east,valid,9718
-72.785,75.27139,south,east,valid,9719
-72.785,75.271389,south,east,valid,9720
-72.78194,75.27056,south,east,valid,9721
-72.77944,75.27,south,east,valid,9722
-72.77932,75.2701,south,east,valid,9723
-72.783889,75.2725,south,east,valid,9724
-72.786389,75.276389,south,east,valid,9725
-72.786944,75.273611,south,east,valid,9726
-72.771667,75.325278,south,east,valid,9727
-72.7675,75.418611,south,east,valid,9728
-72.779444,75.285833,south,east,valid,9729
-72.7775,75.28389,south,east,valid,9730
-72.77758,75.284,south,east,valid,9731
-72.784444,75.280278,south,east,valid,9732
-72.78444,75.28028,south,east,valid,9733
-72.78431,75.2802,south,east,valid,9734
-72.773056,75.339167,south,east,valid,9735
-72.79444,75.28028,south,east,valid,9736
-72.790278,75.273056,south,east,valid,9737
-72.79028,75.27306,south,east,valid,9738
-72.77917,75.28528,south,east,valid,9739
-72.78722,75.27444,south,east,valid,9740
-72.78728,75.2744,south,east,valid,9741
-72.787222,75.274444,south,east,valid,9742
-72.785,75.28333,south,east,valid,9743
-72.785,75.283333,south,east,valid,9744
-72.78505,75.2835,south,east,valid,9745
-72.7875,75.270278,south,east,valid,9746
-72.7875,75.27028,south,east,valid,9747
-72.786667,75.278889,south,east,valid,9748
-72.78667,75.27889,south,east,valid,9749
-72.79278,75.27472,south,east,valid,9750
-72.792778,75.274722,south,east,valid,9751
-72.779722,75.295278,south,east,valid,9752
-72.7825,75.31139,south,east,valid,9753
-72.784722,75.296944,south,east,valid,9754
-72.78278,75.29583,south,east,valid,9755
-72.782222,75.295833,south,east,valid,9756
-72.78139,75.29778,south,east,valid,9757
-72.780833,75.296667,south,east,valid,9758
-72.779167,75.3025,south,east,valid,9759
-72.78194,75.28111,south,east,valid,9760
-72.77917,75.32278,south,east,valid,9761
-72.78,75.27944,south,east,valid,9762
-72.78,75.279444,south,east,valid,9763
-72.77611,75.3342,south,east,valid,9764
-72.776111,75.334167,south,east,valid,9765
-72.779722,75.298056,south,east,valid,9766
-72.78194,75.29667,south,east,valid,9767
-72.78056,75.29944,south,east,valid,9768
-72.780556,75.299444,south,east,valid,9769
-72.773056,75.339444,south,east,valid,9770
-72.78,75.297778,south,east,valid,9771
-72.77528,75.33306,south,east,valid,9772
-72.77639,75.33278,south,east,valid,9773
-72.775,75.335833,south,east,valid,9774
-72.77556,75.33111,south,east,valid,9775
-72.77583,75.33167,south,east,valid,9776
-72.776111,75.334722,south,east,valid,9777
-72.77667,75.33056,south,east,valid,9778
-72.77806,75.29056,south,east,valid,9779
-72.782222,75.296944,south,east,valid,9780
-72.91583,75.10083,south,east,valid,9781
-72.91417,75.1075,south,east,valid,9782
-72.91825,75.087,south,east,valid,9783
-72.773333,75.328611,south,east,valid,9784
-72.91611,75.10028,south,east,valid,9785
-72.91611,75.1003,south,east,valid,9786
-72.916111,75.100278,south,east,valid,9787
-72.94056,75.1575,south,east,valid,9788
-72.99889,75.18722,south,east,valid,9789
-72.998889,75.187222,south,east,valid,9790
-72.99889,75.1872,south,east,valid,9791
-72.99333,75.21833,south,east,valid,9792
-72.79642,74.69339,south,east,valid,9793
-72.91661,75.10519,south,east,valid,9794
-72.77922,75.31547,south,east,valid,9795
-72.77894,75.31608,south,east,valid,9796
-72.77781,75.31547,south,east,valid,9797
-72.77717,75.31267,south,east,valid,9798
-72.77747,75.31275,south,east,valid,9799
-72.77628,75.31356,south,east,valid,9800
-72.77769,75.31247,south,east,valid,9801
-72.77772,75.31269,south,east,valid,9802
-72.77825,75.31536,south,east,valid,9803
-72.77794,75.31386,south,east,valid,9804
-72.77847,75.31425,south,east,valid,9805
-72.91086,75.10242,south,east,valid,9806
-72.91147,75.10686,south,east,valid,9807
-72.9345,75.31703,south,east,valid,9808
-72.82531,75.35544,south,east,valid,9809
-72.77886,75.31447,south,east,valid,9810
-72.89144,74.9485,south,east,valid,9811
-72.77836,75.31969,south,east,valid,9812
-72.98489,75.24867,south,east,valid,9813
-72.97889,75.25967,south,east,valid,9814
-72.97111,75.29472,south,east,valid,9815
-72.82111,75.42639,south,east,valid,9816
-72.82111,75.42167,south,east,valid,9817
-72.83472,75.42111,south,east,valid,9818
-73.08333,75.2,south,east,valid,9819
24.16667,-102.0,north,west,valid,9820
36.33333,-101.4,north,west,valid,9821
29.5,-98.0,north,west,valid,9822
26.1,-106.96667,north,west,valid,9823
-25.1,-69.53333,south,west,valid,9824
32.4,111.7,north,east,valid,9825
32.4,105.9,north,east,valid,9826
38.76667,-105.51667,north,west,valid,9827
35.56667,-79.83333,north,west,valid,9828
33.96667,-87.91667,north,west,valid,9829
28.28333,117.18333,north,east,valid,9830
25.4,107.5,north,east,valid,9831
58.38333,13.8,north,east,valid,9832
34.0,-111.0,north,west,valid,9833
-33.3,117.66667,south,east,valid,9834
37.28333,-113.78333,north,west,valid,9835
-31.0,125.93333,south,east,valid,9836
-30.46667,126.18333,south,east,valid,9837
-30.49967,126.22183,south,east,valid,9838
-30.46717,126.34367,south,east,valid,9839
-30.47483,126.35883,south,east,valid,9840
-30.48033,126.347,south,east,valid,9841
-30.48083,126.34633,south,east,valid,9842
-30.46667,126.33333,south,east,valid,9843
-30.9685,126.252,south,east,valid,9844
26.43333,3.65556,north,east,valid,9845
42.96667,-80.15,north,west,valid,9846
-31.38333,125.63333,south,east,valid,9847
52.28333,8.91667,north,east,valid,9848
19.91667,56.25,north,east,valid,9849
34.05,-101.75,north,west,valid,9850
26.25,13.01667,north,east,valid,9851
54.24028,-1.19889,north,west,valid,9852
-28.48333,148.25,south,east,valid,9853
31.59333,-98.25,north,west,valid,9854
29.0,12.23333,north,east,valid,9855
28.98333,12.15,north,east,valid,9856
28.98333,12.18333,north,east,valid,9857
28.95,12.46667,north,east,valid,9858
28.88333,12.48333,north,east,valid,9859
28.9,12.58333,north,east,valid,9860
28.75,12.68333,north,east,valid,9861
28.46667,12.81667,north,east,valid,9862
28.65,12.7,north,east,valid,9863
28.65,12.63333,north,east,valid,9864
28.61667,12.53333,north,east,valid,9865
28.63333,12.63333,north,east,valid,9866
28.71667,12.63333,north,east,valid,9867
28.83333,12.51667,north,east,valid,9868
29.03333,12.41667,north,east,valid,9869
29.05,12.48333,north,east,valid,9870
29.06667,12.68333,north,east,valid,9871
28.96667,12.7,north,east,valid,9872
28.96667,12.61667,north,east,valid,9873
28.93333,12.33333,north,east,valid,9874
28.88333,12.41667,north,east,valid,9875
28.91667,12.76667,north,east,valid,9876
28.91667,12.91667,north,east,valid,9877
28.85,12.85,north,east,valid,9878
28.81667,12.96667,north,east,valid,9879
28.81667,12.73333,north,east,valid,9880
28.8,12.71667,north,east,valid,9881
28.76667,12.83333,north,east,valid,9882
28.78333,13.03333,north,east,valid,9883
28.78333,13.21667,north,east,valid,9884
28.85,13.06667,north,east,valid,9885
28.86667,12.65,north,east,valid,9886
28.81667,12.55,north,east,valid,9887
28.83333,12.3,north,east,valid,9888
29.06667,12.6,north,east,valid,9889
29.08333,12.76667,north,east,valid,9890
29.11667,12.35,north,east,valid,9891
29.1,11.83333,north,east,valid,9892
29.16667,12.08333,north,east,valid,9893
29.2705,11.67017,north,east,valid,9894
29.07367,11.8765,north,east,valid,9895
29.25067,11.25167,north,east,valid,9896
29.36167,11.24583,north,east,valid,9897
28.61667,12.94533,north,east,valid,9898
28.68233,13.07083,north,east,valid,9899
28.49033,13.3055,north,east,valid,9900
28.533,13.14517,north,east,valid,9901
28.79883,12.95933,north,east,valid,9902
28.8435,12.99683,north,east,valid,9903
28.91367,13.0865,north,east,valid,9904
28.8685,13.303,north,east,valid,9905
28.988,13.06133,north,east,valid,9906
28.98983,13.05983,north,east,valid,9907
28.673,13.16467,north,east,valid,9908
28.94,13.0665,north,east,valid,9909
28.94083,13.0665,north,east,valid,9910
28.9455,13.0695,north,east,valid,9911
28.95133,13.075,north,east,valid,9912
28.973,13.10067,north,east,valid,9913
28.76467,12.34367,north,east,valid,9914
28.77583,12.33683,north,east,valid,9915
28.77767,12.3355,north,east,valid,9916
28.63417,12.72567,north,east,valid,9917
28.63367,12.724,north,east,valid,9918
28.63967,12.71433,north,east,valid,9919
28.75467,12.58683,north,east,valid,9920
29.03183,12.381,north,east,valid,9921
29.16133,12.45,north,east,valid,9922
29.2125,12.52183,north,east,valid,9923
28.76717,12.89883,north,east,valid,9924
28.78767,12.87017,north,east,valid,9925
28.85617,12.59867,north,east,valid,9926
28.90467,12.55567,north,east,valid,9927
28.969,12.357,north,east,valid,9928
28.9755,12.33967,north,east,valid,9929
29.189,12.26583,north,east,valid,9930
29.18783,12.25483,north,east,valid,9931
28.6495,13.02133,north,east,valid,9932
28.653,13.22183,north,east,valid,9933
28.60783,13.17,north,east,valid,9934
28.66667,12.93333,north,east,valid,9935
28.8165,12.60683,north,east,valid,9936
28.78483,12.91017,north,east,valid,9937
28.62,13.36183,north,east,valid,9938
28.59583,13.269,north,east,valid,9939
28.58483,13.38733,north,east,valid,9940
28.46717,13.317,north,east,valid,9941
28.4875,13.22417,north,east,valid,9942
28.50083,13.10533,north,east,valid,9943
28.66017,12.86633,north,east,valid,9944
28.66467,13.38117,north,east,valid,9945
28.60083,13.45783,north,east,valid,9946
28.60683,13.168,north,east,valid,9947
28.60333,13.43667,north,east,valid,9948
28.62167,13.45033,north,east,valid,9949
28.62617,13.40067,north,east,valid,9950
28.636,13.37917,north,east,valid,9951
28.65717,13.32717,north,east,valid,9952
28.662,13.29733,north,east,valid,9953
28.61467,13.16,north,east,valid,9954
28.61817,13.1715,north,east,valid,9955
28.67683,13.42217,north,east,valid,9956
28.6765,13.42767,north,east,valid,9957
28.579,13.33033,north,east,valid,9958
28.57567,13.31183,north,east,valid,9959
28.57567,13.295,north,east,valid,9960
28.5885,12.95283,north,east,valid,9961
28.60017,12.91783,north,east,valid,9962
28.62317,13.13167,north,east,valid,9963
28.64267,13.268,north,east,valid,9964
28.68883,13.4185,north,east,valid,9965
28.59367,13.4645,north,east,valid,9966
28.55917,13.009,north,east,valid,9967
28.91617,13.0485,north,east,valid,9968
28.83283,13.1385,north,east,valid,9969
28.66833,13.34467,north,east,valid,9970
28.5145,12.89683,north,east,valid,9971
28.49533,13.3725,north,east,valid,9972
28.4945,13.33967,north,east,valid,9973
28.4815,13.319,north,east,valid,9974
28.47517,13.19633,north,east,valid,9975
28.47233,13.18183,north,east,valid,9976
28.466,13.12417,north,east,valid,9977
28.475,12.9465,north,east,valid,9978
28.48433,12.8575,north,east,valid,9979
28.5015,13.03233,north,east,valid,9980
28.46183,13.1985,north,east,valid,9981
28.46233,13.1945,north,east,valid,9982
28.46683,12.89467,north,east,valid,9983
28.4715,13.01867,north,east,valid,9984
28.48833,13.095,north,east,valid,9985
28.5265,13.30233,north,east,valid,9986
28.52717,13.3055,north,east,valid,9987
28.5305,13.38917,north,east,valid,9988
29.00933,12.66367,north,east,valid,9989
29.036,12.63283,north,east,valid,9990
28.50967,12.96633,north,east,valid,9991
28.51967,13.371,north,east,valid,9992
28.517,13.05933,north,east,valid,9993
28.47817,13.01983,north,east,valid,9994
28.41067,13.25333,north,east,valid,9995
28.51383,13.00717,north,east,valid,9996
28.56367,12.90467,north,east,valid,9997
28.62533,12.8745,north,east,valid,9998
28.66017,12.75,north,east,valid,9999
28.71967,12.86433,north,east,valid,10000
28.69167,13.21967,north,east,valid,10001
28.663,13.46983,north,east,valid,10002
28.651,13.46833,north,east,valid,10003
28.81267,13.42267,north,east,valid,10004
28.60033,13.5775,north,east,valid,10005
28.617,13.40033,north,east,valid,10006
28.58817,13.45083,north,east,valid,10007
28.54033,13.21967,north,east,valid,10008
28.51567,12.85717,north,east,valid,10009
28.55333,13.029,north,east,valid,10010
28.555,13.03267,north,east,valid,10011
28.6115,13.55833,north,east,valid,10012
28.63033,13.3335,north,east,valid,10013
28.50083,13.029,north,east,valid,10014
28.54483,13.35217,north,east,valid,10015
28.7055,13.31667,north,east,valid,10016
28.58,13.457,north,east,valid,10017
28.66767,13.5035,north,east,valid,10018
28.87683,12.42017,north,east,valid,10019
28.8705,12.40883,north,east,valid,10020
28.589,13.0985,north,east,valid,10021
28.60217,13.431,north,east,valid,10022
28.61883,13.36267,north,east,valid,10023
28.62217,13.3205,north,east,valid,10024
28.63667,13.1965,north,east,valid,10025
28.6465,13.143,north,east,valid,10026
28.63183,13.086,north,east,valid,10027
28.6595,13.30567,north,east,valid,10028
28.58767,13.25417,north,east,valid,10029
28.61783,13.14683,north,east,valid,10030
28.59983,13.30883,north,east,valid,10031
28.6035,13.30067,north,east,valid,10032
28.5845,12.9045,north,east,valid,10033
28.75817,12.60733,north,east,valid,10034
28.61067,13.33417,north,east,valid,10035
28.48067,13.03133,north,east,valid,10036
28.698,13.31933,north,east,valid,10037
28.71217,13.27367,north,east,valid,10038
28.73883,13.23633,north,east,valid,10039
28.7325,13.1025,north,east,valid,10040
28.53317,12.9815,north,east,valid,10041
28.647,13.38817,north,east,valid,10042
28.6435,13.40667,north,east,valid,10043
28.64533,13.43317,north,east,valid,10044
28.65467,13.45867,north,east,valid,10045
28.65517,13.47017,north,east,valid,10046
28.84383,12.5365,north,east,valid,10047
28.911,12.55483,north,east,valid,10048
29.12283,12.35883,north,east,valid,10049
28.55,13.35017,north,east,valid,10050
28.572,13.1525,north,east,valid,10051
28.58883,13.1065,north,east,valid,10052
28.62133,13.25883,north,east,valid,10053
28.633,13.22367,north,east,valid,10054
28.44117,12.9795,north,east,valid,10055
28.525,13.19833,north,east,valid,10056
28.56517,13.27633,north,east,valid,10057
28.58883,13.334,north,east,valid,10058
28.59217,13.34033,north,east,valid,10059
28.60867,13.4395,north,east,valid,10060
28.65217,13.14117,north,east,valid,10061
28.564,13.27867,north,east,valid,10062
28.47817,13.2565,north,east,valid,10063
28.48217,13.23917,north,east,valid,10064
28.482,13.31867,north,east,valid,10065
28.50267,13.23133,north,east,valid,10066
28.51333,13.005,north,east,valid,10067
30.20817,12.93733,north,east,valid,10068
28.548,13.0285,north,east,valid,10069
28.64483,13.323,north,east,valid,10070
28.60017,13.4235,north,east,valid,10071
28.932,12.62533,north,east,valid,10072
29.22083,11.54067,north,east,valid,10073
29.187,11.60167,north,east,valid,10074
29.18633,11.60567,north,east,valid,10075
29.31867,12.01017,north,east,valid,10076
28.95933,12.334,north,east,valid,10077
28.6595,12.41317,north,east,valid,10078
28.66,12.64833,north,east,valid,10079
28.51133,13.20417,north,east,valid,10080
29.17617,11.63383,north,east,valid,10081
29.14233,11.88317,north,east,valid,10082
29.13617,11.92567,north,east,valid,10083
29.10883,12.012,north,east,valid,10084
29.087,12.07783,north,east,valid,10085
29.076,11.97533,north,east,valid,10086
29.01717,12.08667,north,east,valid,10087
28.52633,13.06517,north,east,valid,10088
28.60933,13.04917,north,east,valid,10089
28.93083,13.126,north,east,valid,10090
28.47817,13.14417,north,east,valid,10091
29.44983,11.36117,north,east,valid,10092
29.44367,11.35383,north,east,valid,10093
29.04117,12.88567,north,east,valid,10094
28.4375,12.97517,north,east,valid,10095
28.8515,13.40367,north,east,valid,10096
28.8545,12.20417,north,east,valid,10097
28.421,12.88683,north,east,valid,10098
28.8525,13.4835,north,east,valid,10099
28.643,12.77533,north,east,valid,10100
28.80867,12.90017,north,east,valid,10101
28.82867,12.92833,north,east,valid,10102
28.95967,12.87117,north,east,valid,10103
29.01517,12.66783,north,east,valid,10104
29.14517,12.0425,north,east,valid,10105
29.1025,11.95433,north,east,valid,10106
28.94967,13.08067,north,east,valid,10107
28.94967,13.08317,north,east,valid,10108
28.8045,12.81833,north,east,valid,10109
28.8585,11.43217,north,east,valid,10110
28.75,11.56667,north,east,valid,10111
28.613,12.94717,north,east,valid,10112
28.455,12.85083,north,east,valid,10113
28.45517,12.86817,north,east,valid,10114
28.45183,12.8735,north,east,valid,10115
28.582,12.88517,north,east,valid,10116
28.43917,12.88533,north,east,valid,10117
28.47883,12.86367,north,east,valid,10118
28.438,12.82933,north,east,valid,10119
28.45717,12.8705,north,east,valid,10120
28.45383,12.86767,north,east,valid,10121
28.686,12.90267,north,east,valid,10122
28.43783,12.88667,north,east,valid,10123
28.4545,12.867,north,east,valid,10124
28.45917,12.86933,north,east,valid,10125
28.4595,12.87067,north,east,valid,10126
28.463,12.85683,north,east,valid,10127
28.4415,12.88467,north,east,valid,10128
28.45783,12.86433,north,east,valid,10129
28.45667,12.86833,north,east,valid,10130
28.46967,12.85983,north,east,valid,10131
28.47017,12.972,north,east,valid,10132
28.4925,13.213,north,east,valid,10133
28.43917,12.88617,north,east,valid,10134
28.455,12.86967,north,east,valid,10135
28.44067,12.88167,north,east,valid,10136
29.03857,13.20712,north,east,valid,10137
29.05568,13.11937,north,east,valid,10138
28.99025,12.93858,north,east,valid,10139
29.0755,12.57783,north,east,valid,10140
29.09517,12.5655,north,east,valid,10141
29.01483,12.6275,north,east,valid,10142
29.0785,13.13117,north,east,valid,10143
29.021,10.53783,north,east,valid,10144
28.78333,12.53333,north,east,valid,10145
29.1,12.31667,north,east,valid,10146
29.01667,12.36667,north,east,valid,10147
29.16667,12.31667,north,east,valid,10148
29.08333,12.46667,north,east,valid,10149
29.8915,12.18617,north,east,valid,10150
30.11983,12.1135,north,east,valid,10151
28.388,13.20817,north,east,valid,10152
28.53683,13.312,north,east,valid,10153
28.54083,13.39917,north,east,valid,10154
28.68267,13.10217,north,east,valid,10155
28.64517,13.10217,north,east,valid,10156
28.6985,13.04117,north,east,valid,10157
28.99533,12.98317,north,east,valid,10158
29.04383,13.0295,north,east,valid,10159
29.144,13.0865,north,east,valid,10160
29.44633,13.204,north,east,valid,10161
29.2355,13.44517,north,east,valid,10162
29.28867,13.4985,north,east,valid,10163
29.324,13.56533,north,east,valid,10164
28.65467,13.45883,north,east,valid,10165
29.2705,11.54,north,east,valid,10166
29.33967,11.62433,north,east,valid,10167
29.351,11.593,north,east,valid,10168
29.3785,11.54633,north,east,valid,10169
29.1405,11.89617,north,east,valid,10170
28.97067,12.206,north,east,valid,10171
29.03617,11.5065,north,east,valid,10172
29.08933,12.427,north,east,valid,10173
29.1825,12.26183,north,east,valid,10174
28.854,12.52233,north,east,valid,10175
28.76783,12.7265,north,east,valid,10176
28.65233,12.3855,north,east,valid,10177
28.95833,10.59167,north,east,valid,10178
29.21133,11.89867,north,east,valid,10179
28.46847,12.89732,north,east,valid,10180
29.81858,12.94647,north,east,valid,10181
29.91403,13.04047,north,east,valid,10182
30.03455,13.13017,north,east,valid,10183
28.8316,12.63217,north,east,valid,10184
28.65068,12.69125,north,east,valid,10185
29.48333,12.12333,north,east,valid,10186
30.545,13.58194,north,east,valid,10187
29.41972,13.255,north,east,valid,10188
29.31083,11.6025,north,east,valid,10189
29.142,11.89583,north,east,valid,10190
29.10117,12.03333,north,east,valid,10191
28.99065,12.97985,north,east,valid,10192
44.91667,-92.43333,north,west,valid,10193
-25.46667,142.8,south,east,valid,10194
38.91972,-85.94722,north,west,valid,10195
32.48333,4.4,north,east,valid,10196
35.68,-101.99333,north,west,valid,10197
34.59333,-101.99333,north,west,valid,10198
34.58333,-102.05,north,west,valid,10199
34.80167,-101.56667,north,west,valid,10200
36.57,-101.19,north,west,valid,10201
45.5,-103.5,north,west,valid,10202
37.06667,-98.66167,north,west,valid,10203
43.8,-96.16667,north,west,valid,10204
46.43333,-109.83333,north,west,valid,10205
35.05102,-117.30672,north,west,valid,10206
35.05067,-117.30095,north,west,valid,10207
35.0425,-117.30837,north,west,valid,10208
35.05523,-117.30257,north,west,valid,10209
35.05063,-117.30188,north,west,valid,10210
35.04722,-117.30752,north,west,valid,10211
35.04953,-117.26357,north,west,valid,10212
35.05193,-117.26138,north,west,valid,10213
35.04102,-117.27465,north,west,valid,10214
35.0421,-117.27512,north,west,valid,10215
35.04015,-117.27283,north,west,valid,10216
35.04568,-117.26658,north,west,valid,10217
35.03333,-117.28333,north,west,valid,10218
35.95,-84.56667,north,west,valid,10219
38.33333,-101.71167,north,west,valid,10220
38.65,-94.33333,north,west,valid,10221
34.37718,-102.11672,north,west,valid,10222
33.99833,-102.17667,north,west,valid,10223
35.94167,-102.16,north,west,valid,10224
38.83333,-105.8,north,west,valid,10225
33.21333,-99.73167,north,west,valid,10226
34.0,-105.5,north,west,valid,10227
33.75,-112.66667,north,west,valid,10228
42.91667,-104.41667,north,west,valid,10229
34.48333,-94.45,north,west,valid,10230
50.58333,6.16667,north,east,valid,10231
40.33333,-90.05,north,west,valid,10232
37.96417,-97.75583,north,west,valid,10233
37.61667,-99.1,north,west,valid,10234
37.59667,-99.125,north,west,valid,10235
41.78333,-104.28333,north,west,valid,10236
40.45667,-102.57834,north,west,valid,10237
45.0,-114.0,north,west,valid,10238
40.51667,-101.03333,north,west,valid,10239
20.84132,57.62995,north,east,valid,10240
40.16667,-97.6,north,west,valid,10241
24.7,108.0,north,east,valid,10242
42.4,86.3,north,east,valid,10243
-24.56667,133.16667,south,east,valid,10244
35.31667,-81.46667,north,west,valid,10245
48.65,-3.91667,north,west,valid,10246
33.795,-102.24167,north,west,valid,10247
-31.73333,146.4,south,east,valid,10248
38.11667,-97.43333,north,west,valid,10249
-33.31667,19.61667,south,east,valid,10250
33.25,10.46667,north,east,valid,10251
32.35833,-112.40889,north,west,valid,10252
-19.11667,145.41667,south,east,valid,10253
40.33333,-99.03333,north,west,valid,10254
39.36667,-99.85,north,west,valid,10255
-32.36667,-60.15,south,west,valid,10256
-36.86667,-60.16667,south,west,valid,10257
-19.58333,17.91667,south,east,valid,10258
32.73333,-103.1,north,west,valid,10259
34.36667,-85.43333,north,west,valid,10260
33.75,-98.83333,north,west,valid,10261
38.06667,-102.1,north,west,valid,10262
70.73333,-117.75,north,west,valid,10263
40.56667,-102.3,north,west,valid,10264
49.50833,-97.81667,north,west,valid,10265
33.68333,-93.6,north,west,valid,10266
65.38333,-146.26667,north,west,valid,10267
36.55,-79.78333,north,west,valid,10268
38.35,-101.78333,north,west,valid,10269
43.25,104.16667,north,east,valid,10270
37.58333,-102.76667,north,west,valid,10271
39.66667,-118.96667,north,west,valid,10272
33.5,-96.6,north,west,valid,10273
35.86333,-114.19333,north,west,valid,10274
35.83833,-114.16617,north,west,valid,10275
35.8895,-114.192,north,west,valid,10276
29.5,110.0,north,east,valid,10277
34.54,-102.59433,north,west,valid,10278
-22.36667,135.76667,south,east,valid,10279
31.91667,-106.15,north,west,valid,10280
-30.45,129.5,south,east,valid,10281
-30.56667,129.63333,south,east,valid,10282
-30.23333,129.4,south,east,valid,10283
-30.58517,129.58667,south,east,valid,10284
-30.60267,129.57528,south,east,valid,10285
-30.57,129.31467,south,east,valid,10286
-30.56833,129.6375,south,east,valid,10287
-30.4,129.01667,south,east,valid,10288
-30.41667,129.81667,south,east,valid,10289
-30.2635,129.81033,south,east,valid,10290
-30.23333,129.08333,south,east,valid,10291
-30.28333,129.56667,south,east,valid,10292
-30.66167,129.11667,south,east,valid,10293
-30.51867,129.54017,south,east,valid,10294
-30.51667,129.192,south,east,valid,10295
-30.547,129.18917,south,east,valid,10296
-30.55167,129.22133,south,east,valid,10297
-30.568,129.713,south,east,valid,10298
-30.16833,129.04183,south,east,valid,10299
-30.27467,129.0185,south,east,valid,10300
-30.668,129.462,south,east,valid,10301
-30.21583,129.72083,south,east,valid,10302
-30.085,129.10283,south,east,valid,10303
-30.53367,129.42417,south,east,valid,10304
-30.70117,129.46717,south,east,valid,10305
-30.0,129.16667,south,east,valid,10306
-30.55667,129.63867,south,east,valid,10307
-30.60883,129.62567,south,east,valid,10308
-30.40817,129.33833,south,east,valid,10309
-30.17306,129.53611,south,east,valid,10310
-30.16833,129.5,south,east,valid,10311
-30.13389,129.0625,south,east,valid,10312
-30.28333,129.53333,south,east,valid,10313
-30.33333,129.5,south,east,valid,10314
-30.35,129.66667,south,east,valid,10315
-30.41667,129.65,south,east,valid,10316
-30.38333,129.68333,south,east,valid,10317
-30.38333,129.7,south,east,valid,10318
-30.38333,129.51667,south,east,valid,10319
-30.43333,129.6,south,east,valid,10320
-30.43333,129.55,south,east,valid,10321
-30.35,129.65,south,east,valid,10322
-30.31667,129.68333,south,east,valid,10323
-30.33333,129.68333,south,east,valid,10324
-30.55,129.65,south,east,valid,10325
-30.31667,129.73333,south,east,valid,10326
-30.33333,129.76667,south,east,valid,10327
-30.38333,129.81667,south,east,valid,10328
-30.33333,129.8,south,east,valid,10329
-30.43333,129.76667,south,east,valid,10330
-30.46667,129.71667,south,east,valid,10331
-30.46667,129.78333,south,east,valid,10332
-30.46667,129.8,south,east,valid,10333
-30.48333,129.63333,south,east,valid,10334
-30.46667,129.68333,south,east,valid,10335
-30.43333,129.5,south,east,valid,10336
39.13333,-103.48333,north,west,valid,10337
37.2,-101.35,north,west,valid,10338
28.9,-108.56667,north,west,valid,10339
36.56,-97.66667,north,west,valid,10340
41.18333,-103.0,north,west,valid,10341
44.33823,-107.67405,north,west,valid,10342
39.695,-102.295,north,west,valid,10343
34.68333,-85.65,north,west,valid,10344
-30.85,132.08333,south,east,valid,10345
29.23333,-8.36667,north,west,valid,10346
28.60417,1.04167,north,east,valid,10347
21.51667,1.58333,north,east,valid,10348
21.51667,1.3,north,east,valid,10349
21.55,1.36667,north,east,valid,10350
21.55,1.53333,north,east,valid,10351
21.55,1.68333,north,east,valid,10352
21.6,1.33333,north,east,valid,10353
21.6,1.45,north,east,valid,10354
21.6,1.66667,north,east,valid,10355
21.63333,1.26667,north,east,valid,10356
21.63333,1.4,north,east,valid,10357
21.63333,1.51667,north,east,valid,10358
21.63333,1.81667,north,east,valid,10359
21.66667,1.38333,north,east,valid,10360
21.66667,1.85,north,east,valid,10361
21.71667,1.5,north,east,valid,10362
21.71667,1.6,north,east,valid,10363
21.59067,1.52417,north,east,valid,10364
-26.0,-70.0,south,west,valid,10365
51.23333,57.38333,north,east,valid,10366
26.75,8.88333,north,east,valid,10367
46.68333,-112.55,north,west,valid,10368
-24.20333,-68.80667,south,west,valid,10369
40.74018,-118.17285,north,west,valid,10370
32.86667,-115.58333,north,west,valid,10371
36.93333,-80.5,north,west,valid,10372
40.23333,-100.41667,north,west,valid,10373
-19.16667,-47.83333,south,west,valid,10374
-38.33333,-60.88333,south,west,valid,10375
37.83333,-100.45,north,west,valid,10376
-25.55,142.78333,south,east,valid,10377
-77.63333,161.0,south,east,valid,10378
38.25,-97.66667,north,west,valid,10379
40.25,-110.08333,north,west,valid,10380
0.35,-53.81667,north,west,valid,10381
-20.18333,-69.73333,south,west,valid,10382
31.96667,-97.86667,north,west,valid,10383
53.0,-112.0,north,west,valid,10384
46.07944,-88.55972,north,west,valid,10385
47.02633,10.27333,north,east,valid,10386
53.61667,56.33333,north,east,valid,10387
24.51667,-111.36667,north,west,valid,10388
24.83333,31.66667,north,east,valid,10389
27.12917,8.66722,north,east,valid,10390
53.8675,44.8595,north,east,valid,10391
31.49852,-5.71742,north,west,valid,10392
31.49848,-5.7174,north,west,valid,10393
31.48583,-5.71712,north,west,valid,10394
31.50275,-5.71527,north,west,valid,10395
-15.58333,-50.15,south,west,valid,10396
-21.33333,-44.66667,south,west,valid,10397
-26.26667,18.18333,south,east,valid,10398
54.5,52.8,north,east,valid,10399
35.33333,-115.31667,north,west,valid,10400
25.0,10.83333,north,east,valid,10401
36.41667,-85.5,north,west,valid,10402
27.95833,21.68333,north,east,valid,10403
46.61667,-98.5,north,west,valid,10404
26.26583,-103.885,north,west,valid,10405
44.61667,120.93333,north,east,valid,10406
46.16244,14.19166,north,east,valid,10407
32.133333,-82.983333,north,west,valid,10408
27.23333,-10.45,north,west,valid,10409
-29.58333,121.16667,south,east,valid,10410
36.82444,-93.76111,north,west,valid,10411
37.9,-82.38333,north,west,valid,10412
-6.6,110.73333,south,east,valid,10413
42.63333,-114.83333,north,west,valid,10414
38.76667,-100.73333,north,west,valid,10415
55.608833,11.229167,north,east,valid,10416
42.83333,127.5,north,east,valid,10417
19.25,56.06667,north,east,valid,10418
19.31333,56.06333,north,east,valid,10419
19.53,55.75833,north,east,valid,10420
19.58167,55.71,north,east,valid,10421
19.3005,55.054,north,east,valid,10422
19.36,56.29167,north,east,valid,10423
19.24833,56.14167,north,east,valid,10424
19.25333,56.145,north,east,valid,10425
19.26833,56.145,north,east,valid,10426
19.275,56.08667,north,east,valid,10427
19.22417,56.11817,north,east,valid,10428
19.19633,55.77433,north,east,valid,10429
19.17117,56.15583,north,east,valid,10430
19.1825,56.16883,north,east,valid,10431
19.19,56.17467,north,east,valid,10432
19.34067,56.15333,north,east,valid,10433
19.24217,56.11733,north,east,valid,10434
19.29167,55.24333,north,east,valid,10435
19.56167,55.18833,north,east,valid,10436
19.83139,56.08592,north,east,valid,10437
19.27,56.09333,north,east,valid,10438
19.43,56.98333,north,east,valid,10439
19.43,56.315,north,east,valid,10440
19.43667,56.82667,north,east,valid,10441
19.43167,56.89833,north,east,valid,10442
19.22833,55.18,north,east,valid,10443
19.25,56.15833,north,east,valid,10444
19.62167,55.40833,north,east,valid,10445
19.83194,56.08472,north,east,valid,10446
19.23167,55.18333,north,east,valid,10447
19.63033,55.11517,north,east,valid,10448
19.65167,55.69,north,east,valid,10449
19.23,55.18167,north,east,valid,10450
19.8,54.6,north,east,valid,10451
19.80618,56.68707,north,east,valid,10452
19.9384,56.78902,north,east,valid,10453
19.7627,56.68803,north,east,valid,10454
19.77562,56.64048,north,east,valid,10455
19.75585,56.66702,north,east,valid,10456
19.7614,56.64458,north,east,valid,10457
19.63623,55.64393,north,east,valid,10458
19.25207,56.36367,north,east,valid,10459
19.08045,55.32072,north,east,valid,10460
19.27082,56.69713,north,east,valid,10461
19.65377,55.80458,north,east,valid,10462
19.34585,56.16567,north,east,valid,10463
19.3467,56.14912,north,east,valid,10464
19.33327,56.1749,north,east,valid,10465
19.34508,56.33313,north,east,valid,10466
19.7,55.73333,north,east,valid,10467
19.24414,55.03597,north,east,valid,10468
19.24633,55.03983,north,east,valid,10469
19.05003,55.44435,north,east,valid,10470
19.66607,55.65167,north,east,valid,10471
19.91448,55.66278,north,east,valid,10472
19.91455,55.66447,north,east,valid,10473
19.58403,55.6798,north,east,valid,10474
19.95498,55.68903,north,east,valid,10475
19.5656,55.69723,north,east,valid,10476
19.65518,55.75308,north,east,valid,10477
19.65852,55.7531,north,east,valid,10478
19.72395,55.7939,north,east,valid,10479
19.58865,56.17588,north,east,valid,10480
19.3571,56.26865,north,east,valid,10481
19.93903,56.42808,north,east,valid,10482
19.71678,56.6062,north,east,valid,10483
19.69362,56.65432,north,east,valid,10484
19.20567,56.73055,north,east,valid,10485
19.96255,56.75665,north,east,valid,10486
19.98358,56.77298,north,east,valid,10487
19.46028,56.82793,north,east,valid,10488
19.46162,56.83205,north,east,valid,10489
19.2286,56.09232,north,east,valid,10490
19.52688,56.83552,north,east,valid,10491
19.51418,56.85202,north,east,valid,10492
19.75073,56.96652,north,east,valid,10493
19.51185,56.98178,north,east,valid,10494
19.8579,56.99973,north,east,valid,10495
19.91392,56.99992,north,east,valid,10496
19.17935,56.11777,north,east,valid,10497
19.59448,56.157,north,east,valid,10498
19.5799,56.16278,north,east,valid,10499
19.73587,55.82887,north,east,valid,10500
19.94587,56.92713,north,east,valid,10501
19.75707,56.66787,north,east,valid,10502
19.6604,56.96172,north,east,valid,10503
19.64747,55.74997,north,east,valid,10504
19.673267,55.742217,north,east,valid,10505
19.76752,55.70583,north,east,valid,10506
19.74212,55.71987,north,east,valid,10507
19.64878,55.75525,north,east,valid,10508
19.64607,55.76125,north,east,valid,10509
19.79717,56.7195,north,east,valid,10510
19.77455,56.72408,north,east,valid,10511
19.73335,55.724417,north,east,valid,10512
19.730833,55.731667,north,east,valid,10513
19.668383,55.740733,north,east,valid,10514
19.73333,55.73333,north,east,valid,10515
19.8,54.8,north,east,valid,10516
19.62333,55.01,north,east,valid,10517
19.59864,55.00294,north,east,valid,10518
19.97857,56.4879,north,east,valid,10519
19.96573,56.44223,north,east,valid,10520
19.9842,56.42707,north,east,valid,10521
19.983,56.41368,north,east,valid,10522
19.98587,56.40808,north,east,valid,10523
19.98662,56.41728,north,east,valid,10524
19.98715,56.4177,north,east,valid,10525
19.9875,56.41672,north,east,valid,10526
19.9867,56.41857,north,east,valid,10527
19.98662,56.41843,north,east,valid,10528
19.9814,56.41825,north,east,valid,10529
19.9611,56.42873,north,east,valid,10530
19.96597,56.44698,north,east,valid,10531
19.93843,56.42242,north,east,valid,10532
19.93958,56.41473,north,east,valid,10533
19.96303,56.47833,north,east,valid,10534
19.7034,56.64247,north,east,valid,10535
19.70438,56.64243,north,east,valid,10536
19.70448,56.6428,north,east,valid,10537
19.75643,56.55205,north,east,valid,10538
19.76312,56.55807,north,east,valid,10539
19.82257,56.65902,north,east,valid,10540
19.82567,56.66548,north,east,valid,10541
19.97578,56.42303,north,east,valid,10542
19.97493,56.4269,north,east,valid,10543
19.6254,56.88865,north,east,valid,10544
19.98003,56.3846,north,east,valid,10545
19.7058,56.60775,north,east,valid,10546
19.7127,56.58277,north,east,valid,10547
19.93703,56.35802,north,east,valid,10548
19.98675,56.38977,north,east,valid,10549
19.99988,56.41498,north,east,valid,10550
19.99725,56.39057,north,east,valid,10551
19.97115,56.39807,north,east,valid,10552
19.97028,56.39825,north,east,valid,10553
19.98037,56.41745,north,east,valid,10554
19.97973,56.41405,north,east,valid,10555
19.98505,56.41543,north,east,valid,10556
19.98552,56.41543,north,east,valid,10557
19.98547,56.41732,north,east,valid,10558
19.96162,56.4238,north,east,valid,10559
19.95952,56.42197,north,east,valid,10560
19.97367,56.4316,north,east,valid,10561
19.97622,56.42667,north,east,valid,10562
19.97675,56.42622,north,east,valid,10563
19.97708,56.42573,north,east,valid,10564
19.9743,56.42068,north,east,valid,10565
19.9767,56.42015,north,east,valid,10566
19.9767,56.42013,north,east,valid,10567
19.97703,56.41985,north,east,valid,10568
19.97873,56.4177,north,east,valid,10569
19.98118,56.41658,north,east,valid,10570
19.99147,56.3452,north,east,valid,10571
19.98342,56.32412,north,east,valid,10572
19.99097,56.34302,north,east,valid,10573
19.99102,56.48062,north,east,valid,10574
19.99097,56.48333,north,east,valid,10575
19.9888,56.47757,north,east,valid,10576
19.9905,56.40063,north,east,valid,10577
19.99733,56.5352,north,east,valid,10578
19.99653,56.5261,north,east,valid,10579
19.99702,56.51212,north,east,valid,10580
19.98065,56.46865,north,east,valid,10581
19.96765,56.47965,north,east,valid,10582
19.97362,56.41967,north,east,valid,10583
19.9997,56.41108,north,east,valid,10584
19.98013,56.35803,north,east,valid,10585
19.98272,56.40682,north,east,valid,10586
19.96935,56.58283,north,east,valid,10587
19.99917,56.40987,north,east,valid,10588
19.93065,56.08387,north,east,valid,10589
19.94863,56.0315,north,east,valid,10590
19.97612,55.95483,north,east,valid,10591
19.97517,55.95402,north,east,valid,10592
19.97933,55.95507,north,east,valid,10593
19.97985,55.95653,north,east,valid,10594
19.97967,55.95645,north,east,valid,10595
19.97303,55.9528,north,east,valid,10596
19.97478,55.95392,north,east,valid,10597
19.73768,56.11087,north,east,valid,10598
19.64717,56.21783,north,east,valid,10599
19.6865,56.14503,north,east,valid,10600
19.74857,56.67972,north,east,valid,10601
19.58765,56.45477,north,east,valid,10602
19.71197,56.4675,north,east,valid,10603
19.78115,56.47643,north,east,valid,10604
19.7821,56.47652,north,east,valid,10605
19.90637,56.4936,north,east,valid,10606
19.79777,56.47602,north,east,valid,10607
19.7842,56.47878,north,east,valid,10608
19.78918,56.48023,north,east,valid,10609
19.79363,56.47927,north,east,valid,10610
19.79585,56.47767,north,east,valid,10611
19.8015,56.46762,north,east,valid,10612
19.79983,56.46717,north,east,valid,10613
19.80192,56.4623,north,east,valid,10614
19.80192,56.46217,north,east,valid,10615
19.81463,56.44852,north,east,valid,10616
19.81988,56.44577,north,east,valid,10617
19.81995,56.44628,north,east,valid,10618
19.82838,56.44243,north,east,valid,10619
19.89668,56.33102,north,east,valid,10620
19.89125,56.33092,north,east,valid,10621
19.88368,56.33967,north,east,valid,10622
19.89187,56.33047,north,east,valid,10623
19.89152,56.32853,north,east,valid,10624
19.66717,55.721,north,east,valid,10625
19.67332,55.70812,north,east,valid,10626
19.71095,55.71473,north,east,valid,10627
19.74242,55.7009,north,east,valid,10628
19.71902,55.70425,north,east,valid,10629
19.7216,55.70785,north,east,valid,10630
19.65315,55.69378,north,east,valid,10631
19.34918,55.5543,north,east,valid,10632
19.36312,55.55723,north,east,valid,10633
19.41865,55.57452,north,east,valid,10634
19.97722,56.42527,north,east,valid,10635
19.9991,56.41118,north,east,valid,10636
19.73335,55.72442,north,east,valid,10637
19.73083,55.73167,north,east,valid,10638
19.96297,56.44587,north,east,valid,10639
19.72058,55.68105,north,east,valid,10640
19.62803,55.73688,north,east,valid,10641
19.68248,55.73238,north,east,valid,10642
19.67398,55.73695,north,east,valid,10643
19.74065,55.7136,north,east,valid,10644
19.73388,55.72133,north,east,valid,10645
19.72875,55.7279,north,east,valid,10646
19.72767,55.72677,north,east,valid,10647
19.72823,55.72597,north,east,valid,10648
19.72772,55.72535,north,east,valid,10649
19.72743,55.72533,north,east,valid,10650
19.623717,55.72825,north,east,valid,10651
19.90265,55.655383,north,east,valid,10652
20.004883,55.71527,north,east,valid,10653
19.98602,55.675,north,east,valid,10654
19.92885,55.66888,north,east,valid,10655
19.79072,56.50055,north,east,valid,10656
19.78568,56.50237,north,east,valid,10657
19.71458,56.54755,north,east,valid,10658
19.75175,56.57985,north,east,valid,10659
19.69992,56.58197,north,east,valid,10660
19.77402,56.60532,north,east,valid,10661
19.72812,56.58627,north,east,valid,10662
19.81618,56.66793,north,east,valid,10663
19.53367,55.11883,north,east,valid,10664
19.29798,55.74993,north,east,valid,10665
19.33897,55.5447,north,east,valid,10666
19.36202,55.61702,north,east,valid,10667
19.36033,55.6278,north,east,valid,10668
19.36365,55.6346,north,east,valid,10669
19.36337,55.6354,north,east,valid,10670
19.35885,55.54843,north,east,valid,10671
19.35645,55.52983,north,east,valid,10672
19.36197,55.6125,north,east,valid,10673
19.35357,55.6231,north,east,valid,10674
19.35935,55.59332,north,east,valid,10675
19.3723,55.56297,north,east,valid,10676
19.29038,55.56208,north,east,valid,10677
19.34395,55.74462,north,east,valid,10678
19.56372,56.05173,north,east,valid,10679
19.54553,56.04363,north,east,valid,10680
19.61865,56.04227,north,east,valid,10681
19.65625,56.0561,north,east,valid,10682
19.34562,55.87173,north,east,valid,10683
19.27365,55.8104,north,east,valid,10684
19.28525,55.82243,north,east,valid,10685
19.33183,55.81017,north,east,valid,10686
19.31028,55.83092,north,east,valid,10687
19.35872,55.71072,north,east,valid,10688
19.3388,55.71862,north,east,valid,10689
19.30267,55.70372,north,east,valid,10690
19.30267,55.70097,north,east,valid,10691
19.3184,55.70303,north,east,valid,10692
19.31043,55.71093,north,east,valid,10693
19.2893,55.71468,north,east,valid,10694
19.28438,55.70357,north,east,valid,10695
19.3034,55.70585,north,east,valid,10696
19.30747,55.69782,north,east,valid,10697
19.29752,55.7829,north,east,valid,10698
19.28232,55.78092,north,east,valid,10699
19.28098,55.78318,north,east,valid,10700
19.36147,55.89948,north,east,valid,10701
19.29912,55.794,north,east,valid,10702
19.27643,55.76668,north,east,valid,10703
19.27775,55.76402,north,east,valid,10704
19.27943,55.76672,north,east,valid,10705
19.2743,55.75713,north,east,valid,10706
19.27863,55.77312,north,east,valid,10707
19.29157,55.78428,north,east,valid,10708
19.31817,55.77532,north,east,valid,10709
19.30128,55.80838,north,east,valid,10710
19.99542,56.39193,north,east,valid,10711
19.96807,56.42157,north,east,valid,10712
19.96592,56.42677,north,east,valid,10713
19.96977,56.41743,north,east,valid,10714
19.96975,56.41717,north,east,valid,10715
19.99743,56.41067,north,east,valid,10716
19.99937,56.4071,north,east,valid,10717
19.97568,56.41903,north,east,valid,10718
19.6802,56.61008,north,east,valid,10719
19.68578,56.62402,north,east,valid,10720
19.53268,56.87225,north,east,valid,10721
19.80152,56.6103,north,east,valid,10722
19.73472,56.45558,north,east,valid,10723
19.67678,56.60392,north,east,valid,10724
19.68598,56.6227,north,east,valid,10725
19.67742,56.60385,north,east,valid,10726
19.96632,56.21755,north,east,valid,10727
19.82992,56.57698,north,east,valid,10728
19.827,56.56567,north,east,valid,10729
19.81462,56.52998,north,east,valid,10730
19.7872,56.42157,north,east,valid,10731
19.78495,56.42195,north,east,valid,10732
19.79233,56.42625,north,east,valid,10733
19.79752,56.43992,north,east,valid,10734
19.95765,56.17768,north,east,valid,10735
19.92415,56.33683,north,east,valid,10736
19.83928,56.47937,north,east,valid,10737
19.78328,56.41393,north,east,valid,10738
19.92282,56.35117,north,east,valid,10739
19.91167,56.3359,north,east,valid,10740
19.93787,56.39555,north,east,valid,10741
19.92488,56.40488,north,east,valid,10742
19.93645,56.36058,north,east,valid,10743
19.9375,56.474,north,east,valid,10744
19.93755,56.47403,north,east,valid,10745
19.76285,56.39985,north,east,valid,10746
19.75668,56.33588,north,east,valid,10747
19.76518,56.33898,north,east,valid,10748
19.75612,56.31647,north,east,valid,10749
19.69272,56.37732,north,east,valid,10750
19.6262,56.50932,north,east,valid,10751
19.58107,56.47213,north,east,valid,10752
19.57872,56.44508,north,east,valid,10753
19.5815,56.44063,north,east,valid,10754
19.60002,56.432,north,east,valid,10755
19.60597,56.4297,north,east,valid,10756
19.60557,56.42852,north,east,valid,10757
19.60358,56.42743,north,east,valid,10758
19.60187,56.42582,north,east,valid,10759
19.60463,56.42745,north,east,valid,10760
19.60792,56.43172,north,east,valid,10761
19.61665,56.42307,north,east,valid,10762
19.59957,56.43208,north,east,valid,10763
19.64468,56.44043,north,east,valid,10764
19.74033,56.30298,north,east,valid,10765
19.74078,56.30678,north,east,valid,10766
19.74997,56.30958,north,east,valid,10767
19.75672,56.29053,north,east,valid,10768
19.74113,56.30922,north,east,valid,10769
19.7606,56.30812,north,east,valid,10770
19.7378,56.32143,north,east,valid,10771
19.73183,56.32925,north,east,valid,10772
19.7675,56.33492,north,east,valid,10773
19.73252,56.34167,north,east,valid,10774
19.754,56.34238,north,east,valid,10775
19.77063,56.35233,north,east,valid,10776
19.77558,56.35355,north,east,valid,10777
19.7858,56.35675,north,east,valid,10778
19.86423,56.37512,north,east,valid,10779
19.88373,56.33652,north,east,valid,10780
19.81037,56.4533,north,east,valid,10781
19.80973,56.4547,north,east,valid,10782
19.8144,56.47422,north,east,valid,10783
19.82223,56.44185,north,east,valid,10784
19.83892,56.43922,north,east,valid,10785
19.84388,56.4504,north,east,valid,10786
19.83555,56.44693,north,east,valid,10787
19.81938,56.44277,north,east,valid,10788
19.81418,56.44562,north,east,valid,10789
19.84522,56.46942,north,east,valid,10790
19.82593,56.40448,north,east,valid,10791
19.87345,56.38538,north,east,valid,10792
19.79833,56.4884,north,east,valid,10793
19.78565,55.8535,north,east,valid,10794
19.97133,56.43006,north,east,valid,10795
19.97525,56.42839,north,east,valid,10796
19.97875,56.41939,north,east,valid,10797
19.97892,56.43194,north,east,valid,10798
19.97778,56.42361,north,east,valid,10799
19.97531,56.42192,north,east,valid,10800
19.97567,56.418,north,east,valid,10801
19.96825,56.41514,north,east,valid,10802
19.96886,56.41678,north,east,valid,10803
19.97683,56.41108,north,east,valid,10804
19.98056,56.41206,north,east,valid,10805
19.98147,56.41744,north,east,valid,10806
19.7845,56.41668,north,east,valid,10807
19.78573,56.42622,north,east,valid,10808
19.78508,56.41243,north,east,valid,10809
19.7857,56.4135,north,east,valid,10810
19.79147,56.41468,north,east,valid,10811
19.79218,56.40977,north,east,valid,10812
19.77988,56.41342,north,east,valid,10813
19.75227,56.30963,north,east,valid,10814
19.75313,56.30913,north,east,valid,10815
19.75522,56.30673,north,east,valid,10816
19.75223,56.3106,north,east,valid,10817
19.75273,56.3103,north,east,valid,10818
19.69418,55.6748,north,east,valid,10819
19.67495,55.64743,north,east,valid,10820
19.67897,55.52115,north,east,valid,10821
19.66977,55.5124,north,east,valid,10822
19.63783,55.56237,north,east,valid,10823
19.63498,55.56403,north,east,valid,10824
19.54188,55.15273,north,east,valid,10825
19.53085,55.17998,north,east,valid,10826
19.53098,55.17978,north,east,valid,10827
19.52662,55.19542,north,east,valid,10828
19.54963,55.24668,north,east,valid,10829
19.41078,55.11403,north,east,valid,10830
19.50153,55.17292,north,east,valid,10831
19.53042,55.18007,north,east,valid,10832
19.5306,55.18097,north,east,valid,10833
19.53048,55.18135,north,east,valid,10834
19.53048,55.18157,north,east,valid,10835
19.5317,55.18148,north,east,valid,10836
19.53182,55.18183,north,east,valid,10837
19.53122,55.17975,north,east,valid,10838
19.53323,55.17502,north,east,valid,10839
19.53333,55.17557,north,east,valid,10840
19.53373,55.17553,north,east,valid,10841
19.53428,55.17403,north,east,valid,10842
19.53348,55.1749,north,east,valid,10843
19.53415,55.17548,north,east,valid,10844
19.53378,55.17478,north,east,valid,10845
19.54055,55.16707,north,east,valid,10846
19.53848,55.16965,north,east,valid,10847
19.53602,55.16712,north,east,valid,10848
19.54402,55.16508,north,east,valid,10849
19.53667,55.17385,north,east,valid,10850
19.5453,55.16248,north,east,valid,10851
19.54527,55.16233,north,east,valid,10852
19.53575,55.1625,north,east,valid,10853
19.53657,55.16298,north,east,valid,10854
19.61122,55.22913,north,east,valid,10855
19.53807,55.16788,north,east,valid,10856
19.54752,55.16568,north,east,valid,10857
19.53665,55.16277,north,east,valid,10858
19.53663,55.16012,north,east,valid,10859
19.5382,55.16833,north,east,valid,10860
19.53102,55.18237,north,east,valid,10861
19.53858,55.20168,north,east,valid,10862
19.53697,55.17742,north,east,valid,10863
19.52913,55.18165,north,east,valid,10864
19.525,55.18333,north,east,valid,10865
19.5987,55.18773,north,east,valid,10866
19.59995,55.18603,north,east,valid,10867
19.57205,55.48655,north,east,valid,10868
19.65715,55.58987,north,east,valid,10869
19.64485,55.64228,north,east,valid,10870
19.76382,56.11798,north,east,valid,10871
19.83992,56.10517,north,east,valid,10872
19.85603,56.10577,north,east,valid,10873
19.8993,56.17267,north,east,valid,10874
19.83263,56.21317,north,east,valid,10875
19.6712,56.19767,north,east,valid,10876
19.68675,56.14413,north,east,valid,10877
19.83422,56.48563,north,east,valid,10878
19.7875,56.42015,north,east,valid,10879
19.70128,56.36713,north,east,valid,10880
19.74035,56.33962,north,east,valid,10881
19.7524,56.3304,north,east,valid,10882
19.75073,56.33088,north,east,valid,10883
19.75092,56.33105,north,east,valid,10884
19.75168,56.33057,north,east,valid,10885
19.75377,56.29692,north,east,valid,10886
19.75988,56.28608,north,east,valid,10887
19.74868,56.32008,north,east,valid,10888
19.73748,56.30732,north,east,valid,10889
19.7642,56.29888,north,east,valid,10890
19.35422,56.75287,north,east,valid,10891
19.42017,56.70155,north,east,valid,10892
19.42197,56.69908,north,east,valid,10893
19.42208,56.69943,north,east,valid,10894
19.42067,56.69928,north,east,valid,10895
19.7067,56.75127,north,east,valid,10896
19.43873,56.67748,north,east,valid,10897
19.74288,56.65062,north,east,valid,10898
19.80485,56.67047,north,east,valid,10899
19.62363,56.87883,north,east,valid,10900
19.33575,56.93793,north,east,valid,10901
19.4225,56.70018,north,east,valid,10902
19.4221,56.7003,north,east,valid,10903
19.42045,56.69963,north,east,valid,10904
19.42,56.70333,north,east,valid,10905
19.41842,56.69635,north,east,valid,10906
19.50875,56.64635,north,east,valid,10907
19.66148,56.43927,north,east,valid,10908
19.6561,56.37182,north,east,valid,10909
19.82772,55.67342,north,east,valid,10910
19.7965,55.68265,north,east,valid,10911
19.79552,55.6831,north,east,valid,10912
19.64415,55.73958,north,east,valid,10913
19.67827,55.86458,north,east,valid,10914
19.70455,55.8819,north,east,valid,10915
19.78957,55.97618,north,east,valid,10916
19.8629,56.00598,north,east,valid,10917
19.92943,55.92347,north,east,valid,10918
19.90803,55.9086,north,east,valid,10919
19.85902,55.94038,north,east,valid,10920
19.8598,55.94635,north,east,valid,10921
19.87235,55.98085,north,east,valid,10922
19.9576,56.06062,north,east,valid,10923
19.0097,55.34313,north,east,valid,10924
19.0092,55.33403,north,east,valid,10925
19.01055,55.31255,north,east,valid,10926
19.15512,55.43118,north,east,valid,10927
19.17135,55.4217,north,east,valid,10928
19.19395,55.41717,north,east,valid,10929
19.23997,55.37023,north,east,valid,10930
19.32625,55.3659,north,east,valid,10931
19.37127,55.36915,north,east,valid,10932
19.38518,55.3774,north,east,valid,10933
19.42165,55.36857,north,east,valid,10934
19.43098,55.36403,north,east,valid,10935
19.43198,55.36335,north,east,valid,10936
19.98133,56.46136,north,east,valid,10937
19.78483,55.95917,north,east,valid,10938
19.83956,55.76756,north,east,valid,10939
19.78991,55.96635,north,east,valid,10940
19.79759,55.89089,north,east,valid,10941
19.99521,56.50031,north,east,valid,10942
19.8846,56.51406,north,east,valid,10943
19.79851,56.35573,north,east,valid,10944
19.8356,56.40041,north,east,valid,10945
19.66889,55.7427,north,east,valid,10946
19.67709,55.74549,north,east,valid,10947
19.68364,55.74724,north,east,valid,10948
19.70517,55.75342,north,east,valid,10949
19.75844,55.71485,north,east,valid,10950
19.73667,55.67472,north,east,valid,10951
19.00756,55.17469,north,east,valid,10952
19.42575,56.59483,north,east,valid,10953
19.60592,56.69978,north,east,valid,10954
19.8122,56.67058,north,east,valid,10955
19.43827,56.60802,north,east,valid,10956
19.51878,56.666,north,east,valid,10957
19.81995,56.66037,north,east,valid,10958
19.40178,56.56593,north,east,valid,10959
19.4694,56.5578,north,east,valid,10960
19.50543,56.54333,north,east,valid,10961
19.68107,56.451,north,east,valid,10962
19.68102,56.45122,north,east,valid,10963
19.73278,56.38288,north,east,valid,10964
19.97092,56.4421,north,east,valid,10965
19.82982,56.4428,north,east,valid,10966
19.65282,55.74852,north,east,valid,10967
19.7803,56.5026,north,east,valid,10968
19.95119,56.32686,north,east,valid,10969
19.6973,56.706,north,east,valid,10970
19.8924,56.66768,north,east,valid,10971
19.90538,56.6547,north,east,valid,10972
19.83282,55.6858,north,east,valid,10973
19.82562,55.684,north,east,valid,10974
19.77842,55.59662,north,east,valid,10975
19.77022,55.594,north,east,valid,10976
19.78042,55.5979,north,east,valid,10977
19.76167,55.59152,north,east,valid,10978
19.71987,55.64522,north,east,valid,10979
19.65,55.7194,north,east,valid,10980
19.66005,55.70383,north,east,valid,10981
19.66055,55.70212,north,east,valid,10982
19.66002,55.70155,north,east,valid,10983
19.66163,55.69758,north,east,valid,10984
19.66393,55.69107,north,east,valid,10985
19.66395,55.69107,north,east,valid,10986
19.66465,55.69017,north,east,valid,10987
19.6658,55.6847,north,east,valid,10988
19.66767,55.68198,north,east,valid,10989
19.66892,55.68097,north,east,valid,10990
19.66883,55.68092,north,east,valid,10991
19.74087,55.60467,north,east,valid,10992
19.7548,55.59118,north,east,valid,10993
19.74373,55.57045,north,east,valid,10994
19.4996,55.5247,north,east,valid,10995
19.50785,55.51785,north,east,valid,10996
19.50883,55.51805,north,east,valid,10997
19.47695,55.48955,north,east,valid,10998
19.44323,55.46112,north,east,valid,10999
19.4305,55.44352,north,east,valid,11000
19.48505,55.44432,north,east,valid,11001
19.04955,55.5607,north,east,valid,11002
19.05173,55.56022,north,east,valid,11003
19.05345,55.55842,north,east,valid,11004
19.05548,55.55645,north,east,valid,11005
19.06243,55.55642,north,east,valid,11006
19.06683,55.55342,north,east,valid,11007
19.12782,55.55643,north,east,valid,11008
19.204,55.40347,north,east,valid,11009
19.20743,55.4016,north,east,valid,11010
19.18835,55.3866,north,east,valid,11011
19.20295,55.32853,north,east,valid,11012
19.20333,55.35002,north,east,valid,11013
19.20302,55.35093,north,east,valid,11014
19.25277,55.34193,north,east,valid,11015
19.28385,55.34087,north,east,valid,11016
19.32123,55.33573,north,east,valid,11017
19.32947,55.31665,north,east,valid,11018
19.38637,55.31918,north,east,valid,11019
19.41828,55.31805,north,east,valid,11020
19.54542,55.43347,north,east,valid,11021
19.5979,55.53353,north,east,valid,11022
19.84552,56.73,north,east,valid,11023
19.75308,56.73135,north,east,valid,11024
19.70205,56.72473,north,east,valid,11025
19.66132,56.6766,north,east,valid,11026
19.80792,56.45603,north,east,valid,11027
19.66056,55.73472,north,east,valid,11028
19.68611,55.68361,north,east,valid,11029
19.68722,55.68306,north,east,valid,11030
19.67417,55.63611,north,east,valid,11031
19.64056,55.57917,north,east,valid,11032
19.63972,55.60444,north,east,valid,11033
19.74806,55.75528,north,east,valid,11034
19.69833,55.25472,north,east,valid,11035
19.69889,55.755,north,east,valid,11036
19.68111,55.69806,north,east,valid,11037
19.66278,55.56333,north,east,valid,11038
19.635,55.5825,north,east,valid,11039
19.56778,55.57056,north,east,valid,11040
19.69611,56.22694,north,east,valid,11041
19.56056,56.21417,north,east,valid,11042
19.18222,56.43056,north,east,valid,11043
19.50583,56.30389,north,east,valid,11044
19.82889,56.48278,north,east,valid,11045
19.7675,56.40333,north,east,valid,11046
19.76806,56.39778,north,east,valid,11047
19.83278,56.43583,north,east,valid,11048
19.78917,56.48472,north,east,valid,11049
19.81333,56.49028,north,east,valid,11050
19.82694,56.46972,north,east,valid,11051
19.83028,56.48194,north,east,valid,11052
19.845,56.45194,north,east,valid,11053
19.84528,56.46556,north,east,valid,11054
19.84972,56.43639,north,east,valid,11055
19.84917,56.43833,north,east,valid,11056
19.84806,56.44139,north,east,valid,11057
19.82306,56.46556,north,east,valid,11058
19.82889,56.44722,north,east,valid,11059
19.82361,56.44056,north,east,valid,11060
19.8475,56.45917,north,east,valid,11061
19.84917,56.46056,north,east,valid,11062
19.83528,56.46139,north,east,valid,11063
19.85944,56.45389,north,east,valid,11064
19.72139,55.70944,north,east,valid,11065
19.77472,55.6875,north,east,valid,11066
19.71556,55.71917,north,east,valid,11067
19.68194,55.59361,north,east,valid,11068
19.945,56.39194,north,east,valid,11069
19.84861,56.43611,north,east,valid,11070
19.84389,56.44167,north,east,valid,11071
19.80639,56.48167,north,east,valid,11072
19.80333,56.46917,north,east,valid,11073
19.81222,56.49083,north,east,valid,11074
19.81083,56.51083,north,east,valid,11075
19.81111,56.51056,north,east,valid,11076
19.81111,56.51139,north,east,valid,11077
19.81167,56.51194,north,east,valid,11078
19.81194,56.51056,north,east,valid,11079
19.81167,56.50972,north,east,valid,11080
19.81111,56.42222,north,east,valid,11081
19.81167,56.50917,north,east,valid,11082
19.81639,56.49028,north,east,valid,11083
19.82,56.445,north,east,valid,11084
19.83028,56.4375,north,east,valid,11085
19.84528,56.44389,north,east,valid,11086
19.7975,56.43361,north,east,valid,11087
19.79778,56.54472,north,east,valid,11088
19.84306,56.42056,north,east,valid,11089
19.84333,56.42083,north,east,valid,11090
19.99694,56.32667,north,east,valid,11091
19.84139,55.88722,north,east,valid,11092
19.81944,55.72139,north,east,valid,11093
19.73361,55.71778,north,east,valid,11094
19.70639,55.74222,north,east,valid,11095
19.70444,55.73306,north,east,valid,11096
19.72861,55.70389,north,east,valid,11097
19.81889,55.9325,north,east,valid,11098
19.92944,55.95778,north,east,valid,11099
19.96944,55.98778,north,east,valid,11100
19.88361,55.89528,north,east,valid,11101
19.80861,55.74861,north,east,valid,11102
19.73306,55.57111,north,east,valid,11103
19.975,56.42445,north,east,valid,11104
19.77278,56.38982,north,east,valid,11105
18.72878,56.38732,north,east,valid,11106
18.4254,56.82262,north,east,valid,11107
18.96889,56.42611,north,east,valid,11108
35.76667,-91.5,north,west,valid,11109
35.37788,-117.63728,north,west,valid,11110
-72.85833,161.13611,south,east,valid,11111
-72.89689,161.13747,south,east,valid,11112
-72.89486,161.14558,south,east,valid,11113
-72.89494,161.14481,south,east,valid,11114
-72.89917,161.13119,south,east,valid,11115
-72.89953,161.12953,south,east,valid,11116
-72.89953,161.12878,south,east,valid,11117
-72.89964,161.12836,south,east,valid,11118
-72.89989,161.129,south,east,valid,11119
-72.89656,161.08053,south,east,valid,11120
-72.89642,161.08053,south,east,valid,11121
-72.9,161.00194,south,east,valid,11122
-72.90194,161.16644,south,east,valid,11123
-72.85325,161.02511,south,east,valid,11124
-72.833,161.22319,south,east,valid,11125
-72.8995,161.12933,south,east,valid,11126
-72.8995,161.12944,south,east,valid,11127
-72.89994,161.12886,south,east,valid,11128
-30.33333,126.36667,south,east,valid,11129
37.55,-101.68333,north,west,valid,11130
30.625,-97.53333,north,west,valid,11131
36.3,-82.46667,north,west,valid,11132
28.41667,-105.08333,north,west,valid,11133
-37.55,-60.15,south,west,valid,11134
-25.91667,119.3,south,east,valid,11135
39.975,-102.26667,north,west,valid,11136
-26.0,-69.25,south,west,valid,11137
30.5,-99.83333,north,west,valid,11138
40.89055,-118.36278,north,west,valid,11139
40.89805,-118.35388,north,west,valid,11140
40.95805,-118.35305,north,west,valid,11141
58.4,22.66667,north,east,valid,11142
39.76667,62.51667,north,east,valid,11143
39.71633,-97.8545,north,west,valid,11144
34.62333,-101.91667,north,west,valid,11145
34.67167,-101.815,north,west,valid,11146
41.48333,-96.16667,north,west,valid,11147
-20.9818,22.9766,south,east,valid,11148
-32.61667,134.85,south,east,valid,11149
44.64694,-85.13667,north,west,valid,11150
7.31667,80.55,north,east,valid,11151
38.08333,-100.25,north,west,valid,11152
39.51667,140.36667,north,east,valid,11153
54.0,52.2,north,east,valid,11154
39.1,-94.63333,north,west,valid,11155
39.27556,-96.25944,north,west,valid,11156
33.3,130.36667,north,east,valid,11157
-33.25,135.53333,south,east,valid,11158
-34.31667,138.93333,south,east,valid,11159
51.11667,57.91667,north,east,valid,11160
-27.66667,18.96667,south,east,valid,11161
57.78117,47.67967,north,east,valid,11162
-31.6,25.8,south,east,valid,11163
55.88333,64.3,north,east,valid,11164
38.71667,-103.51667,north,west,valid,11165
32.58333,-96.41667,north,west,valid,11166
40.68333,-99.06667,north,west,valid,11167
37.21667,-82.0,north,west,valid,11168
40.46667,-103.03333,north,west,valid,11169
29.4,-98.5,north,west,valid,11170
33.9,-103.55333,north,west,valid,11171
33.70833,-103.76667,north,west,valid,11172
38.81667,-84.6,north,west,valid,11173
47.65,-2.76667,north,west,valid,11174
36.71667,-102.5,north,west,valid,11175
36.28402,-96.43701,north,west,valid,11176
31.1325,25.04717,north,east,valid,11177
25.43333,50.78333,north,east,valid,11178
62.65316,174.50043,north,east,valid,11179
-33.6,136.1,south,east,valid,11180
64.4,172.7,north,east,valid,11181
-33.21667,136.41667,south,east,valid,11182
30.41667,-99.4,north,west,valid,11183
-40.07139,175.73028,south,east,valid,11184
-30.46667,125.7,south,east,valid,11185
-20.69944,139.80417,south,east,valid,11186
35.92333,-114.10167,north,west,valid,11187
35.83333,-97.93333,north,west,valid,11188
32.9,-107.73333,north,west,valid,11189
52.04667,-107.23333,north,west,valid,11190
53.2,-111.43333,north,west,valid,11191
59.54833,32.11333,north,east,valid,11192
54.86667,50.88333,north,east,valid,11193
-28.03333,138.13333,south,east,valid,11194
64.45,27.56667,north,east,valid,11195
42.16667,-121.85,north,west,valid,11196
-86.93333,-144.3,south,west,valid,11197
36.9,-100.21667,north,west,valid,11198
10.26667,77.4,north,east,valid,11199
33.5,-114.0,north,west,valid,11200
40.48333,-86.36667,north,west,valid,11201
-30.55,29.41667,south,east,valid,11202
54.7505,36.978,north,east,valid,11203
51.26667,13.9,north,east,valid,11204
-29.3,21.15,south,east,valid,11205
-35.1,143.4,south,east,valid,11206
-25.2,18.08333,south,east,valid,11207
-26.0,122.0,south,east,valid,11208
40.66667,-84.35,north,west,valid,11209
-13.01667,34.2,south,east,valid,11210
-33.61667,24.0,south,east,valid,11211
38.3925,-104.17667,north,west,valid,11212
45.00569,39.20519,north,east,valid,11213
54.9,91.8,north,east,valid,11214
34.35833,-101.73,north,west,valid,11215
34.33833,-101.71667,north,west,valid,11216
34.38333,-101.71667,north,west,valid,11217
34.46667,-103.92167,north,west,valid,11218
50.375,21.73333,north,east,valid,11219
31.99317,-2.99347,north,west,valid,11220
32.681,9.72872,north,east,valid,11221
32.80625,9.83283,north,east,valid,11222
32.80157,9.8411,north,east,valid,11223
32.81755,9.95518,north,east,valid,11224
32.84078,9.90705,north,east,valid,11225
32.80628,9.83767,north,east,valid,11226
32.75832,9.8593,north,east,valid,11227
32.76107,9.86632,north,east,valid,11228
32.76277,9.86542,north,east,valid,11229
32.806,9.833,north,east,valid,11230
32.891,9.913,north,east,valid,11231
24.47333,23.04333,north,east,valid,11232
34.1,132.08333,north,east,valid,11233
-34.15,141.78333,south,east,valid,11234
20.38333,45.08333,north,east,valid,11235
-24.91667,119.41667,south,east,valid,11236
40.37972,-119.08639,north,west,valid,11237
41.66889,93.17306,north,east,valid,11238
41.5,93.55,north,east,valid,11239
-33.28333,136.0,south,east,valid,11240
-31.18333,126.41667,south,east,valid,11241
-33.9,138.48333,south,east,valid,11242
29.975,-97.86667,north,west,valid,11243
24.35,-102.16667,north,west,valid,11244
43.73333,6.78333,north,east,valid,11245
30.20186,-111.93587,north,west,valid,11246
24.34167,-102.075,north,west,valid,11247
27.06667,-103.43333,north,west,valid,11248
38.4,-85.36667,north,west,valid,11249
34.45,-104.13333,north,west,valid,11250
33.00383,-105.85083,north,west,valid,11251
41.6,-86.71667,north,west,valid,11252
-19.91667,-69.81667,south,west,valid,11253
26.27167,-97.90167,north,west,valid,11254
-23.2705,-70.483,south,west,valid,11255
-23.29086,-70.47239,south,west,valid,11256
-23.28861,-70.47469,south,west,valid,11257
45.95,-73.91667,north,west,valid,11258
38.61667,-101.63333,north,west,valid,11259
40.41667,-86.88333,north,west,valid,11260
44.19167,7.20028,north,east,valid,11261
-48.58333,-67.41667,south,west,valid,11262
27.16667,-9.5,north,west,valid,11263
27.23033,-9.7505,north,west,valid,11264
27.23333,-9.7585,north,west,valid,11265
27.2335,-9.75817,north,west,valid,11266
27.23633,-9.74133,north,west,valid,11267
27.2335,-9.75767,north,west,valid,11268
27.23,-9.75667,north,west,valid,11269
27.2265,-9.74117,north,west,valid,11270
27.285,-9.59017,north,west,valid,11271
36.38333,-98.08333,north,west,valid,11272
-37.75,140.3,south,east,valid,11273
-31.0,118.5,south,east,valid,11274
-26.21667,122.5,south,east,valid,11275
-30.71061,140.15142,south,east,valid,11276
-33.06667,118.21667,south,east,valid,11277
-30.53333,134.75,south,east,valid,11278
-24.83333,139.8,south,east,valid,11279
34.1,-97.0,north,west,valid,11280
-31.03333,138.2,south,east,valid,11281
35.56667,-100.66667,north,west,valid,11282
34.53333,-101.7,north,west,valid,11283
32.62972,-104.35,north,west,valid,11284
32.88333,-101.88333,north,west,valid,11285
38.07778,-96.02639,north,west,valid,11286
40.66667,-96.75,north,west,valid,11287
38.9,-79.18333,north,west,valid,11288
-25.66667,117.0,south,east,valid,11289
46.81667,9.71667,north,east,valid,11290
36.53333,-91.8,north,west,valid,11291
-86.36667,-70.0,south,west,valid,11292
38.1995,-99.162,north,west,valid,11293
22.58333,-101.98333,north,west,valid,11294
-23.38316,-70.58605,south,west,valid,11295
-23.0,-69.5,south,west,valid,11296
42.83333,-74.5,north,west,valid,11297
-29.75,116.43333,south,east,valid,11298
35.16867,-114.455,north,west,valid,11299
-31.53333,127.1,south,east,valid,11300
-31.53333,127.01667,south,east,valid,11301
-31.46667,126.93333,south,east,valid,11302
34.5,-82.03333,north,west,valid,11303
-30.8,-53.9,south,west,valid,11304
38.96667,-95.16667,north,west,valid,11305
-71.95,11.5,south,east,valid,11306
34.5,-102.75,north,west,valid,11307
32.03333,-103.15,north,west,valid,11308
32.03333,-103.16667,north,west,valid,11309
32.04333,-103.15333,north,west,valid,11310
30.6,-97.9,north,west,valid,11311
55.95,125.4,north,east,valid,11312
-40.73333,146.96667,south,east,valid,11313
61.26667,6.85,north,east,valid,11314
45.93333,-102.18333,north,west,valid,11315
49.0,21.0,north,east,valid,11316
37.66667,-96.76667,north,west,valid,11317
-28.84519,121.397,south,east,valid,11318
39.63333,-100.46722,north,west,valid,11319
39.60833,-100.475,north,west,valid,11320
29.6,103.7,north,east,valid,11321
34.61139,-100.855,north,west,valid,11322
-84.29185,161.31334,south,east,valid,11323
-84.28402,161.3713,south,east,valid,11324
-84.26719,161.36527,south,east,valid,11325
-84.26606,161.37782,south,east,valid,11326
-84.28729,161.37001,south,east,valid,11327
-84.28229,161.36826,south,east,valid,11328
-84.27899,161.40634,south,east,valid,11329
-84.28258,161.68055,south,east,valid,11330
-84.2698,161.46,south,east,valid,11331
-84.27313,161.44788,south,east,valid,11332
-84.28779,161.35699,south,east,valid,11333
-84.27391,161.377,south,east,valid,11334
-84.28481,161.34965,south,east,valid,11335
-84.27532,161.40427,south,east,valid,11336
-84.2738,161.36764,south,east,valid,11337
-84.28333,161.08333,south,east,valid,11338
-84.26398,161.39532,south,east,valid,11339
-84.26223,161.41628,south,east,valid,11340
-84.29821,161.31934,south,east,valid,11341
-84.27376,161.37696,south,east,valid,11342
-84.28681,161.35491,south,east,valid,11343
-84.28756,161.62538,south,east,valid,11344
-84.28464,161.37553,south,east,valid,11345
-84.26611,161.31667,south,east,valid,11346
-84.28641,161.62298,south,east,valid,11347
-84.26709,161.36497,south,east,valid,11348
-84.28302,161.33362,south,east,valid,11349
-84.29006,161.33639,south,east,valid,11350
-84.29547,161.30152,south,east,valid,11351
-84.26932,161.38759,south,east,valid,11352
-84.28593,161.36361,south,east,valid,11353
-84.28347,161.38655,south,east,valid,11354
-84.27373,161.3548,south,east,valid,11355
-84.26548,161.39258,south,east,valid,11356
-84.28677,161.3542,south,east,valid,11357
-84.28505,161.36984,south,east,valid,11358
-84.28501,161.36158,south,east,valid,11359
-84.27738,161.37745,south,east,valid,11360
-84.27285,161.45092,south,east,valid,11361
-84.27707,161.38781,south,east,valid,11362
-84.27099,161.41336,south,east,valid,11363
-84.28027,161.34666,south,east,valid,11364
-84.27657,161.38582,south,east,valid,11365
-84.27623,161.39033,south,east,valid,11366
-84.27577,161.38204,south,east,valid,11367
-84.27745,161.40972,south,east,valid,11368
-84.2664,161.39514,south,east,valid,11369
-84.27642,161.41063,south,east,valid,11370
-84.2739,161.37531,south,east,valid,11371
-84.27583,161.41269,south,east,valid,11372
-84.28478,161.3493,south,east,valid,11373
-84.27445,161.41209,south,east,valid,11374
-84.27999,161.38547,south,east,valid,11375
-84.2804,161.40028,south,east,valid,11376
-84.26492,161.49933,south,east,valid,11377
-84.27555,161.36501,south,east,valid,11378
-84.27101,161.39736,south,east,valid,11379
-84.26741,161.35943,south,east,valid,11380
-84.2706,161.39567,south,east,valid,11381
-84.2736,161.41554,south,east,valid,11382
-84.27926,161.29517,south,east,valid,11383
-84.27109,161.42201,south,east,valid,11384
-84.27538,161.41078,south,east,valid,11385
-84.2827,161.38307,south,east,valid,11386
-84.28137,161.37695,south,east,valid,11387
-84.28674,161.35728,south,east,valid,11388
-84.2748,161.37622,south,east,valid,11389
-84.27891,161.40527,south,east,valid,11390
-84.27985,161.42624,south,east,valid,11391
-84.26383,161.39532,south,east,valid,11392
-84.27474,161.39028,south,east,valid,11393
-84.26807,161.39849,south,east,valid,11394
-84.2933,161.32152,south,east,valid,11395
-84.27741,161.34874,south,east,valid,11396
-84.26203,161.34716,south,east,valid,11397
-84.27965,161.34812,south,east,valid,11398
-84.27423,161.34604,south,east,valid,11399
-84.27872,161.37077,south,east,valid,11400
-84.27188,161.31281,south,east,valid,11401
-84.28489,161.34938,south,east,valid,11402
-84.27476,161.38711,south,east,valid,11403
-84.27453,161.38845,south,east,valid,11404
-84.28247,161.36839,south,east,valid,11405
-84.27024,161.41685,south,east,valid,11406
-84.27536,161.40498,south,east,valid,11407
-84.26719,161.40263,south,east,valid,11408
-84.28155,161.40995,south,east,valid,11409
-84.27715,161.40267,south,east,valid,11410
-84.28221,161.39819,south,east,valid,11411
-84.28049,161.39122,south,east,valid,11412
-84.28793,161.35837,south,east,valid,11413
-84.28096,161.3695,south,east,valid,11414
-84.26917,161.39696,south,east,valid,11415
-84.26791,161.43561,south,east,valid,11416
-84.2687,161.39834,south,east,valid,11417
-84.28061,161.39733,south,east,valid,11418
-84.27403,161.34811,south,east,valid,11419
-84.27729,161.41445,south,east,valid,11420
-84.28168,161.40187,south,east,valid,11421
-84.28901,161.35154,south,east,valid,11422
-84.27165,161.38018,south,east,valid,11423
-84.26214,161.35379,south,east,valid,11424
-84.2772,161.38022,south,east,valid,11425
-84.27493,161.37323,south,east,valid,11426
-84.2887,161.34915,south,east,valid,11427
-84.27625,161.41219,south,east,valid,11428
-84.28214,161.33705,south,east,valid,11429
-84.26936,161.4195,south,east,valid,11430
-84.27746,161.40726,south,east,valid,11431
-84.26913,161.41737,south,east,valid,11432
-84.26229,161.35165,south,east,valid,11433
-84.28489,161.39009,south,east,valid,11434
-84.27677,161.40598,south,east,valid,11435
-84.29221,161.32321,south,east,valid,11436
-84.27098,161.4176,south,east,valid,11437
-84.2713,161.4155,south,east,valid,11438
-84.26836,161.31266,south,east,valid,11439
-84.27327,161.41296,south,east,valid,11440
-84.26428,161.37907,south,east,valid,11441
-84.25942,161.35196,south,east,valid,11442
-84.27605,161.38788,south,east,valid,11443
-84.27938,161.38048,south,east,valid,11444
-84.2813,161.39741,south,east,valid,11445
-84.27347,161.41274,south,east,valid,11446
-84.26439,161.39515,south,east,valid,11447
-84.2882,161.33793,south,east,valid,11448
-84.28076,161.39572,south,east,valid,11449
-84.27714,161.40205,south,east,valid,11450
-84.26708,161.3688,south,east,valid,11451
-84.26802,161.41925,south,east,valid,11452
-84.28082,161.36321,south,east,valid,11453
-84.28204,161.3576,south,east,valid,11454
-84.27884,161.37152,south,east,valid,11455
-84.278,161.38288,south,east,valid,11456
-84.27195,161.42405,south,east,valid,11457
-84.2709,161.43712,south,east,valid,11458
-84.2706,161.43441,south,east,valid,11459
-84.28541,161.33212,south,east,valid,11460
-84.28675,161.34374,south,east,valid,11461
-84.27771,161.40337,south,east,valid,11462
-84.2806,161.393,south,east,valid,11463
-84.28708,161.32719,south,east,valid,11464
-84.28199,161.37372,south,east,valid,11465
-84.27689,161.37595,south,east,valid,11466
-84.27705,161.40245,south,east,valid,11467
-84.2849,161.35001,south,east,valid,11468
-84.27765,161.4036,south,east,valid,11469
-84.28122,161.39987,south,east,valid,11470
-84.29258,161.32146,south,east,valid,11471
-84.27641,161.38979,south,east,valid,11472
-84.26992,161.41717,south,east,valid,11473
-84.28659,161.34146,south,east,valid,11474
-84.28587,161.34037,south,east,valid,11475
-84.27633,161.38667,south,east,valid,11476
-84.26537,161.3989,south,east,valid,11477
-84.27655,161.34771,south,east,valid,11478
-84.27195,161.41218,south,east,valid,11479
-84.27428,161.36723,south,east,valid,11480
-84.27998,161.38837,south,east,valid,11481
-84.27667,161.41094,south,east,valid,11482
-84.2851,161.62627,south,east,valid,11483
-84.28082,161.46918,south,east,valid,11484
-84.25469,161.39928,south,east,valid,11485
-84.26906,161.36266,south,east,valid,11486
-84.25483,161.42152,south,east,valid,11487
-84.25484,161.44217,south,east,valid,11488
-84.25807,161.41638,south,east,valid,11489
-84.25552,161.46562,south,east,valid,11490
-84.25648,161.42514,south,east,valid,11491
-84.25793,161.41149,south,east,valid,11492
-84.25721,161.43109,south,east,valid,11493
-84.23589,161.5352,south,east,valid,11494
-84.27992,161.61113,south,east,valid,11495
-84.27739,161.63678,south,east,valid,11496
-84.27678,161.64698,south,east,valid,11497
-84.25702,161.3452,south,east,valid,11498
-84.26049,161.37262,south,east,valid,11499
-84.28473,161.5859,south,east,valid,11500
-84.26459,161.23374,south,east,valid,11501
-84.27666,161.64926,south,east,valid,11502
-84.27647,161.65025,south,east,valid,11503
-84.28687,161.56467,south,east,valid,11504
-84.25386,161.3511,south,east,valid,11505
-84.23169,161.52968,south,east,valid,11506
-84.31892,161.76298,south,east,valid,11507
-84.28617,161.58303,south,east,valid,11508
-84.23783,161.50315,south,east,valid,11509
-84.25265,161.39099,south,east,valid,11510
-84.27374,161.69076,south,east,valid,11511
-84.27374,161.69257,south,east,valid,11512
-84.27374,161.69222,south,east,valid,11513
-84.27373,161.69192,south,east,valid,11514
-84.27363,161.69347,south,east,valid,11515
-84.2588,161.33802,south,east,valid,11516
-84.25344,161.38833,south,east,valid,11517
-84.27375,161.69202,south,east,valid,11518
-84.2737,161.69154,south,east,valid,11519
-84.2537,161.3505,south,east,valid,11520
-84.25352,161.38919,south,east,valid,11521
-84.25269,161.39531,south,east,valid,11522
-84.25394,161.37079,south,east,valid,11523
-84.25331,161.3942,south,east,valid,11524
-84.2737,161.69157,south,east,valid,11525
-84.25879,161.41884,south,east,valid,11526
-84.27377,161.69153,south,east,valid,11527
-84.27375,161.69205,south,east,valid,11528
-84.27371,161.69175,south,east,valid,11529
-84.27385,161.69072,south,east,valid,11530
-84.28484,161.58335,south,east,valid,11531
-84.27383,161.68987,south,east,valid,11532
-84.27373,161.69228,south,east,valid,11533
-84.2737,161.69158,south,east,valid,11534
-84.27376,161.69043,south,east,valid,11535
-84.27368,161.69204,south,east,valid,11536
-84.25105,161.35923,south,east,valid,11537
-84.25238,161.36184,south,east,valid,11538
-84.27368,161.69162,south,east,valid,11539
-84.25163,161.3654,south,east,valid,11540
-84.25817,161.40303,south,east,valid,11541
-84.27377,161.69209,south,east,valid,11542
-84.25151,161.38736,south,east,valid,11543
-84.25817,161.38257,south,east,valid,11544
-84.25254,161.39806,south,east,valid,11545
-84.2737,161.69159,south,east,valid,11546
-84.27388,161.6935,south,east,valid,11547
-84.25881,161.4208,south,east,valid,11548
-84.27374,161.69169,south,east,valid,11549
-84.25185,161.39507,south,east,valid,11550
-84.27369,161.69165,south,east,valid,11551
-84.2737,161.69153,south,east,valid,11552
-84.27374,161.69091,south,east,valid,11553
-84.25345,161.39103,south,east,valid,11554
-84.2738,161.69275,south,east,valid,11555
-84.27374,161.6907,south,east,valid,11556
-84.25027,161.38373,south,east,valid,11557
-84.27378,161.69237,south,east,valid,11558
-84.27377,161.69207,south,east,valid,11559
-84.24972,161.38418,south,east,valid,11560
-84.27372,161.69053,south,east,valid,11561
-84.27369,161.69162,south,east,valid,11562
-84.25107,161.35765,south,east,valid,11563
-84.27889,161.61096,south,east,valid,11564
-84.27373,161.6909,south,east,valid,11565
-84.27923,161.61095,south,east,valid,11566
-84.27894,161.61353,south,east,valid,11567
-84.27375,161.69071,south,east,valid,11568
-84.27382,161.69196,south,east,valid,11569
-84.28526,161.58238,south,east,valid,11570
-84.25828,161.34092,south,east,valid,11571
-84.27885,161.61701,south,east,valid,11572
-84.25813,161.39688,south,east,valid,11573
-84.27855,161.6194,south,east,valid,11574
-84.25744,161.48632,south,east,valid,11575
-84.26009,161.35212,south,east,valid,11576
-84.27858,161.61749,south,east,valid,11577
-84.27858,161.61748,south,east,valid,11578
-84.25645,161.34377,south,east,valid,11579
-84.25945,161.34653,south,east,valid,11580
-84.27375,161.69148,south,east,valid,11581
-84.27373,161.69099,south,east,valid,11582
-84.26032,161.38016,south,east,valid,11583
-84.24971,161.38443,south,east,valid,11584
-84.25934,161.3914,south,east,valid,11585
-84.27372,161.69167,south,east,valid,11586
-84.2501,161.38329,south,east,valid,11587
-84.25719,161.35229,south,east,valid,11588
-84.25691,161.34294,south,east,valid,11589
-84.25487,161.3436,south,east,valid,11590
-84.25769,161.40851,south,east,valid,11591
-84.25771,161.38104,south,east,valid,11592
-84.25687,161.37053,south,east,valid,11593
-84.25699,161.40284,south,east,valid,11594
-84.25718,161.47882,south,east,valid,11595
-84.25729,161.39368,south,east,valid,11596
-84.25711,161.38653,south,east,valid,11597
-84.25934,161.35931,south,east,valid,11598
-84.25796,161.40188,south,east,valid,11599
-84.25633,161.35847,south,east,valid,11600
-84.25773,161.38703,south,east,valid,11601
-84.25638,161.4076,south,east,valid,11602
-84.25751,161.36679,south,east,valid,11603
-84.25676,161.41325,south,east,valid,11604
-84.25867,161.41623,south,east,valid,11605
-84.25485,161.34317,south,east,valid,11606
-84.25699,161.41762,south,east,valid,11607
-84.25862,161.41322,south,east,valid,11608
-84.25658,161.41217,south,east,valid,11609
-84.25661,161.36341,south,east,valid,11610
-84.2567,161.44728,south,east,valid,11611
-84.25739,161.34258,south,east,valid,11612
-84.2566,161.44679,south,east,valid,11613
-84.25783,161.4132,south,east,valid,11614
-84.2571,161.4014,south,east,valid,11615
-84.25724,161.36078,south,east,valid,11616
-84.2581,161.41952,south,east,valid,11617
-84.30921,161.92738,south,east,valid,11618
-84.25704,161.39527,south,east,valid,11619
-84.25681,161.40281,south,east,valid,11620
-84.25792,161.34166,south,east,valid,11621
-84.25638,161.37743,south,east,valid,11622
-84.25761,161.45947,south,east,valid,11623
-84.25613,161.34998,south,east,valid,11624
-84.2576,161.36651,south,east,valid,11625
-84.25705,161.4721,south,east,valid,11626
-84.25868,161.34873,south,east,valid,11627
-84.25942,161.36625,south,east,valid,11628
-84.25837,161.40172,south,east,valid,11629
-84.25691,161.3546,south,east,valid,11630
-84.25715,161.38959,south,east,valid,11631
-84.25747,161.40135,south,east,valid,11632
-84.2568,161.40239,south,east,valid,11633
-84.25819,161.39785,south,east,valid,11634
-84.25682,161.41569,south,east,valid,11635
-84.25755,161.34853,south,east,valid,11636
-84.25914,161.37845,south,east,valid,11637
-84.25835,161.43031,south,east,valid,11638
-84.32291,161.95242,south,east,valid,11639
-84.25486,161.343,south,east,valid,11640
-84.25651,161.35153,south,east,valid,11641
-84.25909,161.41026,south,east,valid,11642
-84.25687,161.34346,south,east,valid,11643
-84.26164,161.35686,south,east,valid,11644
-84.25715,161.391,south,east,valid,11645
-84.25865,161.37228,south,east,valid,11646
-84.25748,161.48621,south,east,valid,11647
-84.25487,161.3437,south,east,valid,11648
-84.25712,161.34279,south,east,valid,11649
-84.25799,161.39458,south,east,valid,11650
-84.25692,161.37667,south,east,valid,11651
-84.25758,161.47106,south,east,valid,11652
-84.25634,161.40377,south,east,valid,11653
-84.25789,161.38251,south,east,valid,11654
-84.25789,161.38159,south,east,valid,11655
-84.25861,161.41604,south,east,valid,11656
-84.25849,161.39663,south,east,valid,11657
-84.2585,161.38813,south,east,valid,11658
-84.25587,161.34647,south,east,valid,11659
-84.25846,161.34923,south,east,valid,11660
-84.25695,161.35493,south,east,valid,11661
-84.25817,161.34294,south,east,valid,11662
-84.25817,161.34324,south,east,valid,11663
-84.25752,161.37819,south,east,valid,11664
-84.25753,161.41169,south,east,valid,11665
-84.25862,161.41297,south,east,valid,11666
-84.25806,161.34775,south,east,valid,11667
-84.25709,161.37906,south,east,valid,11668
-84.25478,161.34315,south,east,valid,11669
-84.25645,161.36202,south,east,valid,11670
-84.27366,161.69394,south,east,valid,11671
-84.2688,161.36236,south,east,valid,11672
-84.27382,161.68676,south,east,valid,11673
-84.27366,161.69375,south,east,valid,11674
-84.2538,161.3513,south,east,valid,11675
-84.25313,161.34988,south,east,valid,11676
-84.27369,161.6869,south,east,valid,11677
-84.25578,161.38401,south,east,valid,11678
-84.2679,161.37118,south,east,valid,11679
-84.25478,161.34293,south,east,valid,11680
-84.26644,161.36411,south,east,valid,11681
-84.25562,161.38191,south,east,valid,11682
-84.25557,161.39087,south,east,valid,11683
-84.25643,161.37728,south,east,valid,11684
-84.25295,161.35012,south,east,valid,11685
-84.27377,161.68691,south,east,valid,11686
-84.25592,161.3721,south,east,valid,11687
-84.31177,161.25171,south,east,valid,11688
-84.25449,161.36413,south,east,valid,11689
-84.25466,161.35175,south,east,valid,11690
-84.27394,161.68562,south,east,valid,11691
-84.2527,161.35424,south,east,valid,11692
-84.27371,161.69393,south,east,valid,11693
-84.25525,161.36958,south,east,valid,11694
-84.25442,161.34898,south,east,valid,11695
-84.27378,161.68787,south,east,valid,11696
-84.25618,161.37273,south,east,valid,11697
-84.25466,161.34381,south,east,valid,11698
-84.26184,161.35958,south,east,valid,11699
-84.27397,161.68717,south,east,valid,11700
-84.27394,161.68552,south,east,valid,11701
-84.27398,161.68713,south,east,valid,11702
-84.27366,161.69391,south,east,valid,11703
-84.25464,161.39995,south,east,valid,11704
-84.26836,161.37121,south,east,valid,11705
-84.25423,161.39683,south,east,valid,11706
-84.2739,161.68744,south,east,valid,11707
-84.25509,161.37615,south,east,valid,11708
-84.27382,161.68591,south,east,valid,11709
-84.27387,161.68763,south,east,valid,11710
-84.25621,161.39112,south,east,valid,11711
-84.25567,161.38189,south,east,valid,11712
-84.27032,161.36955,south,east,valid,11713
-84.25433,161.34459,south,east,valid,11714
-84.27381,161.6875,south,east,valid,11715
-84.27376,161.68668,south,east,valid,11716
-84.25204,161.3893,south,east,valid,11717
-84.27371,161.68664,south,east,valid,11718
-84.25628,161.39613,south,east,valid,11719
-84.25614,161.38741,south,east,valid,11720
-84.2538,161.37158,south,east,valid,11721
-84.25594,161.38097,south,east,valid,11722
-84.27375,161.68793,south,east,valid,11723
-84.27397,161.68804,south,east,valid,11724
-84.25372,161.35108,south,east,valid,11725
-84.27381,161.68785,south,east,valid,11726
-84.27362,161.69377,south,east,valid,11727
-84.25478,161.39753,south,east,valid,11728
-84.27367,161.69406,south,east,valid,11729
-84.25457,161.36621,south,east,valid,11730
-84.25614,161.38132,south,east,valid,11731
-84.25512,161.38693,south,east,valid,11732
-84.27382,161.68795,south,east,valid,11733
-84.26367,161.42074,south,east,valid,11734
-84.27399,161.68703,south,east,valid,11735
-84.26421,161.39632,south,east,valid,11736
-84.27372,161.68663,south,east,valid,11737
-84.25424,161.39722,south,east,valid,11738
-84.25206,161.39083,south,east,valid,11739
-84.25441,161.38531,south,east,valid,11740
-84.27378,161.68797,south,east,valid,11741
-84.25512,161.39903,south,east,valid,11742
-84.25459,161.36919,south,east,valid,11743
-84.27394,161.68774,south,east,valid,11744
-84.25494,161.391,south,east,valid,11745
-84.27396,161.68813,south,east,valid,11746
-84.27379,161.68673,south,east,valid,11747
-84.27384,161.68624,south,east,valid,11748
-84.2518,161.38922,south,east,valid,11749
-84.27378,161.69397,south,east,valid,11750
-84.25417,161.35252,south,east,valid,11751
-84.27379,161.68789,south,east,valid,11752
-84.27376,161.68699,south,east,valid,11753
-84.28036,161.39621,south,east,valid,11754
-84.28617,161.34667,south,east,valid,11755
-84.27376,161.69047,south,east,valid,11756
-84.27649,161.35895,south,east,valid,11757
-84.24524,161.44844,south,east,valid,11758
-84.25276,161.40336,south,east,valid,11759
-84.27706,161.34768,south,east,valid,11760
-84.27379,161.6898,south,east,valid,11761
-84.27376,161.69016,south,east,valid,11762
-84.27048,161.40849,south,east,valid,11763
-84.27381,161.68923,south,east,valid,11764
-84.27363,161.41336,south,east,valid,11765
-84.27376,161.69017,south,east,valid,11766
-84.27387,161.68963,south,east,valid,11767
-84.27023,161.41375,south,east,valid,11768
-84.27374,161.69019,south,east,valid,11769
-84.29103,161.32518,south,east,valid,11770
-84.23624,161.41772,south,east,valid,11771
-84.27386,161.68661,south,east,valid,11772
-84.27379,161.68915,south,east,valid,11773
-84.27387,161.68663,south,east,valid,11774
-84.2713,161.43136,south,east,valid,11775
-84.27004,161.41019,south,east,valid,11776
-84.27015,161.40904,south,east,valid,11777
-84.27387,161.68949,south,east,valid,11778
-84.29647,161.31977,south,east,valid,11779
-84.29439,161.31133,south,east,valid,11780
-84.27387,161.68661,south,east,valid,11781
-84.27382,161.68978,south,east,valid,11782
-84.27379,161.68976,south,east,valid,11783
-84.27639,161.34562,south,east,valid,11784
-84.2739,161.68679,south,east,valid,11785
-84.2739,161.68942,south,east,valid,11786
-84.27385,161.68571,south,east,valid,11787
-84.27381,161.68954,south,east,valid,11788
-84.27374,161.4136,south,east,valid,11789
-84.28658,161.35697,south,east,valid,11790
-84.27371,161.6936,south,east,valid,11791
-84.27376,161.69052,south,east,valid,11792
-84.27387,161.68641,south,east,valid,11793
-84.2739,161.68664,south,east,valid,11794
-84.27283,161.41455,south,east,valid,11795
-84.2706,161.41011,south,east,valid,11796
-84.27382,161.68889,south,east,valid,11797
-84.27388,161.6865,south,east,valid,11798
-84.28986,161.28593,south,east,valid,11799
-84.27145,161.4175,south,east,valid,11800
-84.27379,161.69016,south,east,valid,11801
-84.27384,161.68604,south,east,valid,11802
-84.27395,161.68721,south,east,valid,11803
-84.27388,161.68599,south,east,valid,11804
-84.27052,161.4121,south,east,valid,11805
-84.27756,161.35435,south,east,valid,11806
-84.29118,161.33328,south,east,valid,11807
-84.27383,161.68894,south,east,valid,11808
-84.27378,161.68969,south,east,valid,11809
-84.27382,161.68953,south,east,valid,11810
-84.2739,161.68941,south,east,valid,11811
-84.26962,161.41687,south,east,valid,11812
-84.27158,161.41895,south,east,valid,11813
-84.27985,161.35251,south,east,valid,11814
-84.27467,161.40213,south,east,valid,11815
-84.25767,161.38104,south,east,valid,11816
-84.27373,161.69025,south,east,valid,11817
-84.2918,161.3294,south,east,valid,11818
-84.2738,161.6897,south,east,valid,11819
-84.27633,161.35942,south,east,valid,11820
-84.25338,161.38503,south,east,valid,11821
-84.27766,161.35575,south,east,valid,11822
-84.27015,161.41279,south,east,valid,11823
-84.27,161.41035,south,east,valid,11824
-84.26965,161.41847,south,east,valid,11825
-84.27398,161.68815,south,east,valid,11826
-84.27387,161.68651,south,east,valid,11827
-84.27385,161.68603,south,east,valid,11828
-84.27379,161.69013,south,east,valid,11829
-84.27384,161.68973,south,east,valid,11830
-84.27385,161.68562,south,east,valid,11831
-84.27382,161.68975,south,east,valid,11832
-84.27142,161.42937,south,east,valid,11833
-84.27384,161.68986,south,east,valid,11834
-84.27278,161.41506,south,east,valid,11835
-84.27386,161.68873,south,east,valid,11836
-84.2777,161.35364,south,east,valid,11837
-84.29212,161.33398,south,east,valid,11838
-84.29669,161.31934,south,east,valid,11839
-84.26943,161.41031,south,east,valid,11840
-84.27392,161.68942,south,east,valid,11841
-84.26952,161.41156,south,east,valid,11842
-84.2529,161.40305,south,east,valid,11843
-84.25606,161.41442,south,east,valid,11844
-84.25216,161.41163,south,east,valid,11845
-84.25524,161.48118,south,east,valid,11846
-84.27375,161.69362,south,east,valid,11847
-84.27373,161.69317,south,east,valid,11848
-84.2554,161.41838,south,east,valid,11849
-84.27377,161.69368,south,east,valid,11850
-84.25503,161.42898,south,east,valid,11851
-84.25595,161.40013,south,east,valid,11852
-84.27373,161.6933,south,east,valid,11853
-84.25625,161.43107,south,east,valid,11854
-84.25507,161.40694,south,east,valid,11855
-84.27377,161.69328,south,east,valid,11856
-84.25521,161.42141,south,east,valid,11857
-84.27378,161.69387,south,east,valid,11858
-84.2546,161.40302,south,east,valid,11859
-84.25464,161.40762,south,east,valid,11860
-84.25596,161.40087,south,east,valid,11861
-84.25515,161.4072,south,east,valid,11862
-84.25471,161.40156,south,east,valid,11863
-84.25533,161.44042,south,east,valid,11864
-84.25578,161.39972,south,east,valid,11865
-84.25249,161.40494,south,east,valid,11866
-84.25221,161.39955,south,east,valid,11867
-84.25589,161.42723,south,east,valid,11868
-84.25469,161.40646,south,east,valid,11869
-84.2737,161.69302,south,east,valid,11870
-84.27377,161.69382,south,east,valid,11871
-84.25529,161.43171,south,east,valid,11872
-84.25482,161.39917,south,east,valid,11873
-84.25504,161.41864,south,east,valid,11874
-84.25497,161.43091,south,east,valid,11875
-84.25539,161.43595,south,east,valid,11876
-84.25581,161.40856,south,east,valid,11877
-84.25607,161.41559,south,east,valid,11878
-84.25607,161.41563,south,east,valid,11879
-84.27374,161.69299,south,east,valid,11880
-84.2558,161.44739,south,east,valid,11881
-84.2549,161.39106,south,east,valid,11882
-84.25524,161.43398,south,east,valid,11883
-84.27374,161.69301,south,east,valid,11884
-84.25555,161.44472,south,east,valid,11885
-84.27377,161.69387,south,east,valid,11886
-84.25499,161.40492,south,east,valid,11887
-84.2556,161.42491,south,east,valid,11888
-84.25407,161.39322,south,east,valid,11889
-84.25631,161.42005,south,east,valid,11890
-84.25555,161.43227,south,east,valid,11891
-84.25511,161.40605,south,east,valid,11892
-84.25477,161.40453,south,east,valid,11893
-84.25534,161.42357,south,east,valid,11894
-84.27371,161.69339,south,east,valid,11895
-84.25621,161.43656,south,east,valid,11896
-84.25501,161.40627,south,east,valid,11897
-84.27372,161.6925,south,east,valid,11898
-84.25567,161.43494,south,east,valid,11899
-84.2561,161.42018,south,east,valid,11900
-84.27375,161.69293,south,east,valid,11901
-84.27373,161.6925,south,east,valid,11902
-84.25579,161.41538,south,east,valid,11903
-84.25534,161.40834,south,east,valid,11904
-84.25595,161.40117,south,east,valid,11905
-84.27377,161.69341,south,east,valid,11906
-84.27396,161.68166,south,east,valid,11907
-84.27411,161.67816,south,east,valid,11908
-84.27404,161.67881,south,east,valid,11909
-84.26936,161.42773,south,east,valid,11910
-84.24445,161.40631,south,east,valid,11911
-84.27402,161.67932,south,east,valid,11912
-84.2694,161.41639,south,east,valid,11913
-84.2738,161.68572,south,east,valid,11914
-84.27422,161.67648,south,east,valid,11915
-84.27422,161.67635,south,east,valid,11916
-84.27406,161.68131,south,east,valid,11917
-84.27417,161.6765,south,east,valid,11918
-84.27424,161.67671,south,east,valid,11919
-84.27412,161.67904,south,east,valid,11920
-84.27425,161.67671,south,east,valid,11921
-84.27389,161.68425,south,east,valid,11922
-84.27396,161.68193,south,east,valid,11923
-84.27396,161.6814,south,east,valid,11924
-84.27411,161.67841,south,east,valid,11925
-84.274,161.68216,south,east,valid,11926
-84.27431,161.67679,south,east,valid,11927
-84.27406,161.67817,south,east,valid,11928
-84.27411,161.67837,south,east,valid,11929
-84.27424,161.67704,south,east,valid,11930
-84.27402,161.67934,south,east,valid,11931
-84.27424,161.67689,south,east,valid,11932
-84.27414,161.67823,south,east,valid,11933
-84.27413,161.67828,south,east,valid,11934
-84.27398,161.68365,south,east,valid,11935
-84.26487,161.40626,south,east,valid,11936
-84.274,161.6823,south,east,valid,11937
-84.27422,161.67685,south,east,valid,11938
-84.27412,161.67838,south,east,valid,11939
-84.2739,161.68536,south,east,valid,11940
-84.27304,161.41483,south,east,valid,11941
-84.27408,161.68151,south,east,valid,11942
-84.27396,161.6825,south,east,valid,11943
-84.27403,161.6788,south,east,valid,11944
-84.27412,161.67724,south,east,valid,11945
-84.27311,161.36876,south,east,valid,11946
-84.27386,161.68599,south,east,valid,11947
-84.27426,161.67644,south,east,valid,11948
-84.27403,161.67978,south,east,valid,11949
-84.2741,161.6779,south,east,valid,11950
-84.24547,161.39332,south,east,valid,11951
-84.27628,161.65134,south,east,valid,11952
-84.25413,161.35013,south,east,valid,11953
-84.26703,161.41027,south,east,valid,11954
-84.27642,161.65011,south,east,valid,11955
-84.26731,161.42471,south,east,valid,11956
-84.26626,161.39601,south,east,valid,11957
-84.26733,161.42405,south,east,valid,11958
-84.24519,161.39823,south,east,valid,11959
-84.27674,161.64402,south,east,valid,11960
-84.29822,161.29944,south,east,valid,11961
-84.27594,161.65786,south,east,valid,11962
-84.27593,161.65789,south,east,valid,11963
-84.276,161.65706,south,east,valid,11964
-84.26657,161.39826,south,east,valid,11965
-84.26583,161.40174,south,east,valid,11966
-84.24642,161.38596,south,east,valid,11967
-84.29543,161.3217,south,east,valid,11968
-84.29179,161.29519,south,east,valid,11969
-84.27625,161.65214,south,east,valid,11970
-84.27625,161.65207,south,east,valid,11971
-84.27579,161.65905,south,east,valid,11972
-84.26714,161.39023,south,east,valid,11973
-84.27515,161.35505,south,east,valid,11974
-84.23498,161.55462,south,east,valid,11975
-84.24323,161.41322,south,east,valid,11976
-84.27455,161.40126,south,east,valid,11977
-84.23535,161.43986,south,east,valid,11978
-84.2476,161.44308,south,east,valid,11979
-84.25044,161.42372,south,east,valid,11980
-84.25044,161.42376,south,east,valid,11981
-84.27116,161.35147,south,east,valid,11982
-84.25447,161.40868,south,east,valid,11983
-84.26857,161.34523,south,east,valid,11984
-84.27189,161.35412,south,east,valid,11985
-84.23923,161.44448,south,east,valid,11986
-84.27542,161.34441,south,east,valid,11987
-84.24344,161.43724,south,east,valid,11988
-84.23195,161.48472,south,east,valid,11989
-84.23197,161.45583,south,east,valid,11990
-84.2701,161.35767,south,east,valid,11991
-84.23213,161.47837,south,east,valid,11992
-84.26756,161.3631,south,east,valid,11993
-84.24792,161.53479,south,east,valid,11994
-84.24278,161.41831,south,east,valid,11995
-84.24443,161.41022,south,east,valid,11996
-84.23546,161.53559,south,east,valid,11997
-84.24331,161.41815,south,east,valid,11998
-84.24447,161.40879,south,east,valid,11999
-84.27121,161.35133,south,east,valid,12000
-84.23546,161.44099,south,east,valid,12001
-84.24333,161.43806,south,east,valid,12002
-84.23433,161.54226,south,east,valid,12003
-84.29389,161.32657,south,east,valid,12004
-84.24938,161.42692,south,east,valid,12005
-84.24942,161.42911,south,east,valid,12006
-84.25435,161.40881,south,east,valid,12007
-84.34355,161.36389,south,east,valid,12008
-84.36388,161.27977,south,east,valid,12009
-84.34375,161.37554,south,east,valid,12010
-84.36015,161.31654,south,east,valid,12011
-84.34415,161.40939,south,east,valid,12012
-84.34449,161.47054,south,east,valid,12013
-84.34255,161.35696,south,east,valid,12014
-84.35688,161.29148,south,east,valid,12015
-84.34037,161.40075,south,east,valid,12016
-84.34415,161.46675,south,east,valid,12017
-84.34541,161.4778,south,east,valid,12018
-84.34415,161.46674,south,east,valid,12019
-84.25364,161.35908,south,east,valid,12020
-84.34489,161.47413,south,east,valid,12021
-84.34415,161.46676,south,east,valid,12022
-84.34665,161.48015,south,east,valid,12023
-84.34738,161.48221,south,east,valid,12024
-84.34492,161.47161,south,east,valid,12025
-84.34472,161.47056,south,east,valid,12026
-84.34387,161.29695,south,east,valid,12027
-84.25403,161.40301,south,east,valid,12028
-84.34658,161.32478,south,east,valid,12029
-84.25304,161.39896,south,east,valid,12030
-84.34868,161.39783,south,east,valid,12031
-84.34391,161.3776,south,east,valid,12032
-84.34704,161.34955,south,east,valid,12033
-84.3403,161.40292,south,east,valid,12034
-84.37804,161.12475,south,east,valid,12035
-84.34819,161.36359,south,east,valid,12036
-84.35558,161.30681,south,east,valid,12037
-84.35363,161.35933,south,east,valid,12038
-84.34866,161.39599,south,east,valid,12039
-84.27265,161.71794,south,east,valid,12040
-84.36776,161.25817,south,east,valid,12041
-84.34629,161.28953,south,east,valid,12042
-84.36734,161.25271,south,east,valid,12043
-84.36628,161.20142,south,east,valid,12044
-84.35317,161.42588,south,east,valid,12045
-84.35073,161.32162,south,east,valid,12046
-84.35338,161.35777,south,east,valid,12047
-84.34682,161.32187,south,east,valid,12048
-84.348,161.4824,south,east,valid,12049
-84.25388,161.4806,south,east,valid,12050
-84.34673,161.47977,south,east,valid,12051
-84.25427,161.47107,south,east,valid,12052
-84.38052,162.03964,south,east,valid,12053
-84.34532,161.47809,south,east,valid,12054
-84.34665,161.32562,south,east,valid,12055
-84.25395,161.35338,south,east,valid,12056
-84.34627,161.46862,south,east,valid,12057
-84.34781,161.48251,south,east,valid,12058
-84.26002,161.36496,south,east,valid,12059
-84.25424,161.36028,south,east,valid,12060
-84.25397,161.37394,south,east,valid,12061
-84.2536,161.38995,south,east,valid,12062
-84.2533,161.38804,south,east,valid,12063
-84.25429,161.3866,south,east,valid,12064
-84.25485,161.38506,south,east,valid,12065
-84.25415,161.38611,south,east,valid,12066
-84.25501,161.43314,south,east,valid,12067
-84.25388,161.38958,south,east,valid,12068
-84.25418,161.38986,south,east,valid,12069
-84.25388,161.37425,south,east,valid,12070
-84.2544,161.39124,south,east,valid,12071
-84.25297,161.38359,south,east,valid,12072
-84.25315,161.37159,south,east,valid,12073
-84.25435,161.38585,south,east,valid,12074
-84.25297,161.38362,south,east,valid,12075
-84.2532,161.38091,south,east,valid,12076
-84.25404,161.38367,south,east,valid,12077
-84.2533,161.39064,south,east,valid,12078
-84.25331,161.38968,south,east,valid,12079
-84.25393,161.38384,south,east,valid,12080
-84.25361,161.37072,south,east,valid,12081
-84.25442,161.36757,south,east,valid,12082
-84.25428,161.38454,south,east,valid,12083
-84.25319,161.39534,south,east,valid,12084
-84.25384,161.40019,south,east,valid,12085
-84.25477,161.41271,south,east,valid,12086
-84.3405,161.39529,south,east,valid,12087
-84.34436,161.46749,south,east,valid,12088
-84.34426,161.41092,south,east,valid,12089
-84.2533,161.41061,south,east,valid,12090
-84.34026,161.40309,south,east,valid,12091
-84.35064,161.38614,south,east,valid,12092
-84.34494,161.41295,south,east,valid,12093
-84.34436,161.46748,south,east,valid,12094
-84.25429,161.39843,south,east,valid,12095
-84.25309,161.40077,south,east,valid,12096
-84.34527,161.30434,south,east,valid,12097
-84.25369,161.40946,south,east,valid,12098
-84.34184,161.40539,south,east,valid,12099
-84.25403,161.39633,south,east,valid,12100
-84.34434,161.37806,south,east,valid,12101
-84.25423,161.39817,south,east,valid,12102
-84.25312,161.39355,south,east,valid,12103
-84.25416,161.40847,south,east,valid,12104
-84.25328,161.40596,south,east,valid,12105
-84.25469,161.4102,south,east,valid,12106
-84.36326,161.26607,south,east,valid,12107
-84.36538,161.36975,south,east,valid,12108
-84.25321,161.39572,south,east,valid,12109
-84.25419,161.40837,south,east,valid,12110
-84.25377,161.40002,south,east,valid,12111
-84.36589,161.18416,south,east,valid,12112
-84.25369,161.40591,south,east,valid,12113
-84.25385,161.40095,south,east,valid,12114
-84.2546,161.419,south,east,valid,12115
-84.25328,161.42077,south,east,valid,12116
-84.25356,161.40979,south,east,valid,12117
-84.25397,161.4394,south,east,valid,12118
-84.25489,161.46072,south,east,valid,12119
-84.25363,161.46833,south,east,valid,12120
-84.25344,161.43918,south,east,valid,12121
-84.25366,161.41427,south,east,valid,12122
-84.25476,161.45524,south,east,valid,12123
-84.25423,161.44968,south,east,valid,12124
-84.25411,161.42881,south,east,valid,12125
-84.25426,161.45519,south,east,valid,12126
-84.25435,161.41602,south,east,valid,12127
-84.25359,161.40915,south,east,valid,12128
-84.25345,161.41661,south,east,valid,12129
-84.25453,161.42763,south,east,valid,12130
-84.25443,161.41696,south,east,valid,12131
-84.35573,161.3572,south,east,valid,12132
-84.35934,161.37322,south,east,valid,12133
-84.34934,161.32419,south,east,valid,12134
-84.27242,161.72012,south,east,valid,12135
-84.34528,161.37865,south,east,valid,12136
-84.34646,161.32724,south,east,valid,12137
-84.36245,161.37431,south,east,valid,12138
-84.36293,161.22363,south,east,valid,12139
-84.34235,161.26095,south,east,valid,12140
-84.34666,161.27397,south,east,valid,12141
-84.3558,161.30629,south,east,valid,12142
-84.34518,161.30575,south,east,valid,12143
-84.36207,161.37196,south,east,valid,12144
-84.3585,161.39491,south,east,valid,12145
-84.36025,161.22818,south,east,valid,12146
-84.34383,161.37702,south,east,valid,12147
-84.34853,161.32502,south,east,valid,12148
-84.36508,161.37478,south,east,valid,12149
-84.34634,161.25089,south,east,valid,12150
-84.34525,161.37866,south,east,valid,12151
-84.34176,161.2433,south,east,valid,12152
-84.34808,161.32439,south,east,valid,12153
-84.35703,161.36291,south,east,valid,12154
-84.34653,161.34114,south,east,valid,12155
-84.34273,161.39884,south,east,valid,12156
-84.36777,161.29976,south,east,valid,12157
-84.34408,161.43646,south,east,valid,12158
-84.36976,161.22536,south,east,valid,12159
-84.34664,161.32782,south,east,valid,12160
-84.35432,161.19974,south,east,valid,12161
-84.354,161.38306,south,east,valid,12162
-84.3479,161.4431,south,east,valid,12163
-84.35231,161.20166,south,east,valid,12164
-84.35436,161.13518,south,east,valid,12165
-84.34674,161.32979,south,east,valid,12166
-84.34434,161.46808,south,east,valid,12167
-84.27465,161.40475,south,east,valid,12168
-84.27162,161.38952,south,east,valid,12169
-84.34858,161.40691,south,east,valid,12170
-84.27345,161.70253,south,east,valid,12171
-84.27339,161.70039,south,east,valid,12172
-84.27329,161.70185,south,east,valid,12173
-84.27337,161.70274,south,east,valid,12174
-84.27247,161.71967,south,east,valid,12175
-84.2725,161.71705,south,east,valid,12176
-84.27255,161.718,south,east,valid,12177
-84.25366,161.40634,south,east,valid,12178
-84.27332,161.70061,south,east,valid,12179
-84.2725,161.71975,south,east,valid,12180
-84.34881,161.44719,south,east,valid,12181
-84.34675,161.32205,south,east,valid,12182
-84.37997,161.18202,south,east,valid,12183
-84.27357,161.69559,south,east,valid,12184
-84.27322,161.70356,south,east,valid,12185
-84.27357,161.69601,south,east,valid,12186
-84.38407,162.09283,south,east,valid,12187
-84.2732,161.69924,south,east,valid,12188
-84.27257,161.71645,south,east,valid,12189
-84.27359,161.69498,south,east,valid,12190
-84.27341,161.70262,south,east,valid,12191
-84.2726,161.71632,south,east,valid,12192
-84.27234,161.72048,south,east,valid,12193
-84.27342,161.69847,south,east,valid,12194
-84.34524,161.41005,south,east,valid,12195
-84.3724,161.1059,south,east,valid,12196
-84.2726,161.71641,south,east,valid,12197
-84.34223,161.42208,south,east,valid,12198
-84.34242,161.25252,south,east,valid,12199
-84.27294,161.71018,south,east,valid,12200
-84.27265,161.71679,south,east,valid,12201
-84.27284,161.71344,south,east,valid,12202
-84.34513,161.30576,south,east,valid,12203
-84.27242,161.71902,south,east,valid,12204
-84.34234,161.25139,south,east,valid,12205
-84.34411,161.19458,south,east,valid,12206
-84.27268,161.71756,south,east,valid,12207
-84.3704,161.3181,south,east,valid,12208
-84.36419,161.32061,south,east,valid,12209
-84.27297,161.71039,south,east,valid,12210
-84.3732,161.20289,south,east,valid,12211
-84.357,161.36443,south,east,valid,12212
-84.35632,161.32918,south,east,valid,12213
-84.35516,161.36864,south,east,valid,12214
-84.34201,161.39314,south,east,valid,12215
-84.27281,161.7129,south,east,valid,12216
-84.36199,161.29308,south,east,valid,12217
-84.34417,161.466,south,east,valid,12218
-84.27275,161.71594,south,east,valid,12219
-84.34651,161.3197,south,east,valid,12220
-84.34221,161.39347,south,east,valid,12221
-84.27288,161.71293,south,east,valid,12222
-84.34563,161.31058,south,east,valid,12223
-84.27283,161.7127,south,east,valid,12224
-84.27281,161.71292,south,east,valid,12225
-84.35382,161.42945,south,east,valid,12226
-84.35991,161.16657,south,east,valid,12227
-84.34187,161.39352,south,east,valid,12228
-84.35864,161.39523,south,east,valid,12229
-84.34145,161.4094,south,east,valid,12230
-84.34038,161.40096,south,east,valid,12231
-84.34417,161.46599,south,east,valid,12232
-84.34604,161.31273,south,east,valid,12233
-84.27303,161.70791,south,east,valid,12234
-84.27261,161.71609,south,east,valid,12235
-84.2724,161.71903,south,east,valid,12236
-84.27249,161.71793,south,east,valid,12237
-84.27234,161.72047,south,east,valid,12238
-84.34249,161.25522,south,east,valid,12239
-84.27247,161.71806,south,east,valid,12240
-84.27271,161.71523,south,east,valid,12241
-84.27269,161.7146,south,east,valid,12242
-84.34719,161.40423,south,east,valid,12243
-84.3468,161.3442,south,east,valid,12244
-84.27251,161.71862,south,east,valid,12245
-84.3514,161.37662,south,east,valid,12246
-84.27326,161.70494,south,east,valid,12247
-84.27259,161.71762,south,east,valid,12248
-84.2725,161.71777,south,east,valid,12249
-84.27251,161.71766,south,east,valid,12250
-84.34186,161.24541,south,east,valid,12251
-84.2725,161.71775,south,east,valid,12252
-84.27258,161.71717,south,east,valid,12253
-84.27264,161.71623,south,east,valid,12254
-84.27262,161.71596,south,east,valid,12255
-84.27258,161.71625,south,east,valid,12256
-84.27262,161.71756,south,east,valid,12257
-84.27249,161.71814,south,east,valid,12258
-84.36195,161.29181,south,east,valid,12259
-84.27289,161.7124,south,east,valid,12260
-84.27307,161.70801,south,east,valid,12261
-84.27251,161.71789,south,east,valid,12262
-84.2724,161.71845,south,east,valid,12263
-84.34646,161.32157,south,east,valid,12264
-84.27293,161.7105,south,east,valid,12265
-84.2727,161.71481,south,east,valid,12266
-84.27255,161.7162,south,east,valid,12267
-84.37358,161.12355,south,east,valid,12268
-84.27236,161.71826,south,east,valid,12269
-84.27289,161.71234,south,east,valid,12270
-84.34551,161.31021,south,east,valid,12271
-84.34467,161.47061,south,east,valid,12272
-84.36404,161.3835,south,east,valid,12273
-84.27547,161.44985,south,east,valid,12274
-84.2804,161.36849,south,east,valid,12275
-84.27467,161.37784,south,east,valid,12276
-84.24947,161.38777,south,east,valid,12277
-84.2816,161.34144,south,east,valid,12278
-84.27591,161.41072,south,east,valid,12279
-84.23854,161.48636,south,east,valid,12280
-84.27378,161.3755,south,east,valid,12281
-84.23579,161.47413,south,east,valid,12282
-84.28042,161.38763,south,east,valid,12283
-84.2477,161.42524,south,east,valid,12284
-84.27604,161.34151,south,east,valid,12285
-84.27744,161.64044,south,east,valid,12286
-84.25098,161.40332,south,east,valid,12287
-84.24397,161.42497,south,east,valid,12288
-84.28793,161.32257,south,east,valid,12289
-84.23224,161.57817,south,east,valid,12290
-84.23202,161.57646,south,east,valid,12291
-84.26679,161.33674,south,east,valid,12292
-84.24974,161.38359,south,east,valid,12293
-84.25164,161.39897,south,east,valid,12294
-84.24689,161.52939,south,east,valid,12295
-84.25077,161.40199,south,east,valid,12296
-84.24671,161.46114,south,east,valid,12297
-84.25132,161.40133,south,east,valid,12298
-84.23672,161.5276,south,east,valid,12299
-84.24349,161.41674,south,east,valid,12300
-84.2437,161.41893,south,east,valid,12301
-84.24692,161.45952,south,east,valid,12302
-84.24613,161.4638,south,east,valid,12303
-84.25152,161.39353,south,east,valid,12304
-84.25082,161.40318,south,east,valid,12305
-84.25155,161.39749,south,east,valid,12306
-84.24538,161.46989,south,east,valid,12307
-84.24554,161.50052,south,east,valid,12308
-84.24385,161.42425,south,east,valid,12309
-84.25098,161.40465,south,east,valid,12310
-84.24626,161.46764,south,east,valid,12311
-84.24533,161.42408,south,east,valid,12312
-84.24334,161.4258,south,east,valid,12313
-84.24712,161.45428,south,east,valid,12314
-84.24568,161.4447,south,east,valid,12315
-84.24553,161.43385,south,east,valid,12316
-84.24793,161.47828,south,east,valid,12317
-84.24622,161.47499,south,east,valid,12318
-84.2432,161.42401,south,east,valid,12319
-84.25092,161.40393,south,east,valid,12320
-84.25174,161.40353,south,east,valid,12321
-84.24507,161.44897,south,east,valid,12322
-84.25085,161.39477,south,east,valid,12323
-84.25173,161.39564,south,east,valid,12324
-84.24588,161.44441,south,east,valid,12325
-84.25152,161.39855,south,east,valid,12326
-84.24634,161.45273,south,east,valid,12327
-84.24509,161.49137,south,east,valid,12328
-84.25168,161.40149,south,east,valid,12329
-84.24292,161.42643,south,east,valid,12330
-84.24578,161.4396,south,east,valid,12331
-84.24719,161.47906,south,east,valid,12332
-84.24536,161.45055,south,east,valid,12333
-84.24527,161.40606,south,east,valid,12334
-84.24473,161.41512,south,east,valid,12335
-84.24403,161.43203,south,east,valid,12336
-84.25265,161.41543,south,east,valid,12337
-84.24499,161.41825,south,east,valid,12338
-84.24498,161.40753,south,east,valid,12339
-84.24539,161.4515,south,east,valid,12340
-84.2527,161.41326,south,east,valid,12341
-84.2527,161.41948,south,east,valid,12342
-84.24489,161.41421,south,east,valid,12343
-84.25306,161.39009,south,east,valid,12344
-84.24541,161.44752,south,east,valid,12345
-84.2449,161.42359,south,east,valid,12346
-84.24496,161.40661,south,east,valid,12347
-84.24546,161.42012,south,east,valid,12348
-84.24411,161.42107,south,east,valid,12349
-84.25274,161.38893,south,east,valid,12350
-84.25214,161.39776,south,east,valid,12351
-84.25286,161.39416,south,east,valid,12352
-84.24513,161.405,south,east,valid,12353
-84.25285,161.40481,south,east,valid,12354
-84.24513,161.41736,south,east,valid,12355
-84.24473,161.42959,south,east,valid,12356
-84.25245,161.40247,south,east,valid,12357
-84.2449,161.41244,south,east,valid,12358
-84.25222,161.40951,south,east,valid,12359
-84.25234,161.41725,south,east,valid,12360
-84.25267,161.38954,south,east,valid,12361
-84.25216,161.38367,south,east,valid,12362
-84.25208,161.40562,south,east,valid,12363
-84.25264,161.3956,south,east,valid,12364
-84.25284,161.38465,south,east,valid,12365
-84.25263,161.40654,south,east,valid,12366
-84.25256,161.40572,south,east,valid,12367
-84.25234,161.39705,south,east,valid,12368
-84.25192,161.4008,south,east,valid,12369
-84.25112,161.40629,south,east,valid,12370
-84.25259,161.36945,south,east,valid,12371
-84.23522,161.47954,south,east,valid,12372
-84.24675,161.42207,south,east,valid,12373
-84.25283,161.37754,south,east,valid,12374
-84.25533,161.40158,south,east,valid,12375
-84.25536,161.40218,south,east,valid,12376
-84.27698,161.353,south,east,valid,12377
-84.25248,161.38069,south,east,valid,12378
-84.25164,161.37829,south,east,valid,12379
-84.27445,161.40848,south,east,valid,12380
-84.25243,161.37108,south,east,valid,12381
-84.27448,161.40246,south,east,valid,12382
-84.2533,161.40759,south,east,valid,12383
-84.25332,161.39463,south,east,valid,12384
-84.25151,161.3678,south,east,valid,12385
-84.25325,161.39431,south,east,valid,12386
-84.25183,161.37509,south,east,valid,12387
-84.25244,161.35721,south,east,valid,12388
-84.25167,161.36664,south,east,valid,12389
-84.25284,161.3734,south,east,valid,12390
-84.27578,161.41066,south,east,valid,12391
-84.25256,161.36577,south,east,valid,12392
-84.25453,161.38273,south,east,valid,12393
-84.2528,161.37471,south,east,valid,12394
-84.27473,161.40813,south,east,valid,12395
-84.25303,161.4031,south,east,valid,12396
-84.26779,161.40828,south,east,valid,12397
-84.23427,161.60503,south,east,valid,12398
-84.25048,161.4421,south,east,valid,12399
-84.27719,161.38404,south,east,valid,12400
-84.2419,161.4389,south,east,valid,12401
-84.24526,161.38972,south,east,valid,12402
-84.26492,161.36281,south,east,valid,12403
-84.24651,161.39562,south,east,valid,12404
-84.24555,161.40203,south,east,valid,12405
-84.24551,161.41124,south,east,valid,12406
-84.27451,161.40707,south,east,valid,12407
-84.24587,161.39983,south,east,valid,12408
-84.24548,161.41758,south,east,valid,12409
-84.2455,161.40545,south,east,valid,12410
-84.24554,161.41582,south,east,valid,12411
-84.24661,161.38584,south,east,valid,12412
-84.24567,161.42829,south,east,valid,12413
-84.24539,161.41212,south,east,valid,12414
-84.24646,161.39773,south,east,valid,12415
-84.24545,161.41087,south,east,valid,12416
-84.27543,161.40962,south,east,valid,12417
-84.27481,161.40899,south,east,valid,12418
-84.24608,161.40195,south,east,valid,12419
-84.27542,161.41166,south,east,valid,12420
-84.27496,161.40915,south,east,valid,12421
-84.27575,161.41114,south,east,valid,12422
-84.24273,161.42397,south,east,valid,12423
-84.24907,161.38393,south,east,valid,12424
-84.25184,161.39013,south,east,valid,12425
-84.24786,161.3768,south,east,valid,12426
-84.26271,161.34984,south,east,valid,12427
-84.25087,161.41703,south,east,valid,12428
-84.25069,161.40078,south,east,valid,12429
-84.2375,161.43452,south,east,valid,12430
-84.24735,161.37944,south,east,valid,12431
-84.23792,161.46094,south,east,valid,12432
-84.2377,161.4591,south,east,valid,12433
-84.24828,161.37957,south,east,valid,12434
-84.2509,161.37779,south,east,valid,12435
-84.24793,161.37895,south,east,valid,12436
-84.24933,161.49368,south,east,valid,12437
-84.2495,161.49332,south,east,valid,12438
-84.23933,161.44384,south,east,valid,12439
-84.23704,161.43765,south,east,valid,12440
-84.2421,161.42462,south,east,valid,12441
-84.24857,161.36736,south,east,valid,12442
-84.23816,161.43873,south,east,valid,12443
-84.25077,161.4139,south,east,valid,12444
-84.24236,161.44864,south,east,valid,12445
-84.2836,161.33288,south,east,valid,12446
-84.24656,161.40563,south,east,valid,12447
-84.23855,161.45615,south,east,valid,12448
-84.25125,161.38381,south,east,valid,12449
-84.28388,161.37213,south,east,valid,12450
-84.27162,161.36108,south,east,valid,12451
-84.2871,161.33389,south,east,valid,12452
-84.28179,161.39203,south,east,valid,12453
-84.28335,161.32949,south,east,valid,12454
-84.27532,161.35901,south,east,valid,12455
-84.27196,161.366,south,east,valid,12456
-84.28289,161.38572,south,east,valid,12457
-84.28246,161.37748,south,east,valid,12458
-84.27604,161.37182,south,east,valid,12459
-84.28252,161.38731,south,east,valid,12460
-84.27179,161.36451,south,east,valid,12461
-84.27985,161.34894,south,east,valid,12462
-84.2769,161.35427,south,east,valid,12463
-84.27165,161.36511,south,east,valid,12464
-84.27792,161.34233,south,east,valid,12465
-84.28055,161.33778,south,east,valid,12466
-84.28817,161.36782,south,east,valid,12467
-84.23379,161.58093,south,east,valid,12468
-84.28149,161.33277,south,east,valid,12469
-84.27643,161.39314,south,east,valid,12470
-84.24827,161.39649,south,east,valid,12471
-84.24796,161.41655,south,east,valid,12472
-84.25073,161.37956,south,east,valid,12473
-84.28813,161.37442,south,east,valid,12474
-84.24786,161.39021,south,east,valid,12475
-84.2511,161.43649,south,east,valid,12476
-84.25119,161.38519,south,east,valid,12477
-84.28749,161.37695,south,east,valid,12478
-84.24663,161.43812,south,east,valid,12479
-84.24297,161.52348,south,east,valid,12480
-84.24708,161.3911,south,east,valid,12481
-84.25054,161.38681,south,east,valid,12482
-84.24982,161.3773,south,east,valid,12483
-84.24982,161.42381,south,east,valid,12484
-84.24263,161.46527,south,east,valid,12485
-84.25101,161.40598,south,east,valid,12486
-84.2512,161.37598,south,east,valid,12487
-84.28629,161.3477,south,east,valid,12488
-84.2848,161.33438,south,east,valid,12489
-84.23511,161.46197,south,east,valid,12490
-84.2825,161.35595,south,east,valid,12491
-84.23406,161.43604,south,east,valid,12492
-84.23236,161.42737,south,east,valid,12493
-84.2322,161.44726,south,east,valid,12494
-84.23496,161.46342,south,east,valid,12495
-84.2393,161.47124,south,east,valid,12496
-84.235,161.46128,south,east,valid,12497
-84.23553,161.44093,south,east,valid,12498
-84.23589,161.49176,south,east,valid,12499
-84.23762,161.42981,south,east,valid,12500
-84.23615,161.49567,south,east,valid,12501
-84.2348,161.45085,south,east,valid,12502
-84.23797,161.42603,south,east,valid,12503
-84.23456,161.4599,south,east,valid,12504
-84.24263,161.4795,south,east,valid,12505
-84.23746,161.49297,south,east,valid,12506
-84.2332,161.44568,south,east,valid,12507
-84.23683,161.46512,south,east,valid,12508
-84.28206,161.34472,south,east,valid,12509
-84.2344,161.46298,south,east,valid,12510
-84.2335,161.44783,south,east,valid,12511
-84.23484,161.46594,south,east,valid,12512
-84.23564,161.42242,south,east,valid,12513
-84.23477,161.43281,south,east,valid,12514
-84.24101,161.45556,south,east,valid,12515
-84.23863,161.42761,south,east,valid,12516
-84.24231,161.45914,south,east,valid,12517
-84.23735,161.47098,south,east,valid,12518
-84.28408,161.34963,south,east,valid,12519
-84.23535,161.46533,south,east,valid,12520
-84.24221,161.45957,south,east,valid,12521
-84.23735,161.50437,south,east,valid,12522
-84.2394,161.50343,south,east,valid,12523
-84.28332,161.33978,south,east,valid,12524
-84.2838,161.34972,south,east,valid,12525
-84.24183,161.45447,south,east,valid,12526
-84.28456,161.33846,south,east,valid,12527
-84.27604,161.34038,south,east,valid,12528
-84.2838,161.34398,south,east,valid,12529
-84.23897,161.42395,south,east,valid,12530
-84.23203,161.44299,south,east,valid,12531
-84.23809,161.42085,south,east,valid,12532
-84.23486,161.45207,south,east,valid,12533
-84.23801,161.50106,south,east,valid,12534
-84.24248,161.48698,south,east,valid,12535
-84.27904,161.42701,south,east,valid,12536
-84.28606,161.33797,south,east,valid,12537
-84.23772,161.48392,south,east,valid,12538
-84.23666,161.44729,south,east,valid,12539
-84.23873,161.48049,south,east,valid,12540
-84.23543,161.46274,south,east,valid,12541
-84.23183,161.45801,south,east,valid,12542
-84.23654,161.44034,south,east,valid,12543
-84.28415,161.34579,south,east,valid,12544
-84.23249,161.43758,south,east,valid,12545
-84.28238,161.359,south,east,valid,12546
-84.23664,161.47099,south,east,valid,12547
-84.23753,161.46805,south,east,valid,12548
-84.23641,161.45106,south,east,valid,12549
-84.24203,161.45386,south,east,valid,12550
-84.23674,161.47003,south,east,valid,12551
-84.24289,161.48879,south,east,valid,12552
-84.23156,161.43132,south,east,valid,12553
-84.24055,161.46391,south,east,valid,12554
-84.23687,161.48269,south,east,valid,12555
-84.2363,161.42151,south,east,valid,12556
-84.23827,161.42347,south,east,valid,12557
-84.23506,161.46034,south,east,valid,12558
-84.23586,161.41952,south,east,valid,12559
-84.24091,161.45851,south,east,valid,12560
-84.24262,161.48344,south,east,valid,12561
-84.28652,161.34567,south,east,valid,12562
-84.23947,161.47461,south,east,valid,12563
-84.27834,161.42372,south,east,valid,12564
-84.23804,161.41633,south,east,valid,12565
-84.26908,161.36101,south,east,valid,12566
-84.26973,161.40801,south,east,valid,12567
-84.27537,161.33935,south,east,valid,12568
-84.27016,161.40541,south,east,valid,12569
-84.27023,161.36818,south,east,valid,12570
-84.2881,161.34246,south,east,valid,12571
-84.28848,161.376,south,east,valid,12572
-84.28888,161.33265,south,east,valid,12573
-84.26947,161.40292,south,east,valid,12574
-84.27022,161.34874,south,east,valid,12575
-84.25146,161.37793,south,east,valid,12576
-84.26438,161.39286,south,east,valid,12577
-84.27519,161.40313,south,east,valid,12578
-84.2771,161.4052,south,east,valid,12579
-84.27256,161.40443,south,east,valid,12580
-84.29519,161.3213,south,east,valid,12581
-84.27618,161.40151,south,east,valid,12582
-84.28193,161.33924,south,east,valid,12583
-84.26618,161.41493,south,east,valid,12584
-84.2895,161.32891,south,east,valid,12585
-84.26684,161.3574,south,east,valid,12586
-84.23722,161.4601,south,east,valid,12587
-84.23946,161.41144,south,east,valid,12588
-84.28266,161.34164,south,east,valid,12589
-84.23609,161.47294,south,east,valid,12590
-84.24124,161.49011,south,east,valid,12591
-84.23478,161.44981,south,east,valid,12592
-84.24103,161.49164,south,east,valid,12593
-84.28267,161.36279,south,east,valid,12594
-84.23886,161.50595,south,east,valid,12595
-84.23618,161.45516,south,east,valid,12596
-84.27284,161.40335,south,east,valid,12597
-84.27299,161.4049,south,east,valid,12598
-84.28529,161.32588,south,east,valid,12599
-84.23663,161.44815,south,east,valid,12600
-84.29089,161.33099,south,east,valid,12601
-84.23856,161.42519,south,east,valid,12602
-84.27217,161.40222,south,east,valid,12603
-84.25146,161.38461,south,east,valid,12604
-84.23524,161.44633,south,east,valid,12605
-84.26981,161.40412,south,east,valid,12606
-84.27378,161.40689,south,east,valid,12607
-84.26994,161.40738,south,east,valid,12608
-84.26814,161.34362,south,east,valid,12609
-84.28941,161.33649,south,east,valid,12610
-84.26909,161.3713,south,east,valid,12611
-84.27105,161.4078,south,east,valid,12612
-84.27479,161.40248,south,east,valid,12613
-84.25199,161.41068,south,east,valid,12614
-84.26916,161.38569,south,east,valid,12615
-84.25549,161.38819,south,east,valid,12616
-84.25381,161.39349,south,east,valid,12617
-84.251,161.40528,south,east,valid,12618
-84.27045,161.40509,south,east,valid,12619
-84.25133,161.38723,south,east,valid,12620
-84.27422,161.39633,south,east,valid,12621
-84.24585,161.40079,south,east,valid,12622
-84.25283,161.4517,south,east,valid,12623
-84.25147,161.38936,south,east,valid,12624
-84.25434,161.39192,south,east,valid,12625
-84.25082,161.40652,south,east,valid,12626
-84.25176,161.38344,south,east,valid,12627
-84.25582,161.40523,south,east,valid,12628
-84.25306,161.42748,south,east,valid,12629
-84.25138,161.38948,south,east,valid,12630
-84.25157,161.37715,south,east,valid,12631
-84.25316,161.45499,south,east,valid,12632
-84.23976,161.45238,south,east,valid,12633
-84.2393,161.45625,south,east,valid,12634
-84.24146,161.4745,south,east,valid,12635
-84.24226,161.43806,south,east,valid,12636
-84.23847,161.43369,south,east,valid,12637
-84.24076,161.43594,south,east,valid,12638
-84.23754,161.46154,south,east,valid,12639
-84.24203,161.44334,south,east,valid,12640
-84.23775,161.45147,south,east,valid,12641
-84.2384,161.43169,south,east,valid,12642
-84.24343,161.43664,south,east,valid,12643
-84.23838,161.456,south,east,valid,12644
-84.23886,161.44105,south,east,valid,12645
-84.23963,161.4443,south,east,valid,12646
-84.24278,161.42591,south,east,valid,12647
-84.24353,161.44253,south,east,valid,12648
-84.24025,161.43394,south,east,valid,12649
-84.24348,161.44685,south,east,valid,12650
-84.23757,161.44826,south,east,valid,12651
-84.23971,161.43717,south,east,valid,12652
-84.23689,161.43716,south,east,valid,12653
-84.24173,161.43651,south,east,valid,12654
-84.23723,161.43878,south,east,valid,12655
-84.23686,161.43795,south,east,valid,12656
-84.23824,161.46329,south,east,valid,12657
-84.24242,161.46873,south,east,valid,12658
-84.24071,161.44273,south,east,valid,12659
-84.23827,161.44772,south,east,valid,12660
-84.23986,161.43715,south,east,valid,12661
-84.24302,161.43479,south,east,valid,12662
-84.23906,161.43889,south,east,valid,12663
-84.23548,161.61552,south,east,valid,12664
-84.23903,161.46376,south,east,valid,12665
-84.23785,161.44366,south,east,valid,12666
-84.24232,161.43172,south,east,valid,12667
-84.24124,161.44208,south,east,valid,12668
-84.23782,161.46436,south,east,valid,12669
-84.24357,161.44753,south,east,valid,12670
-84.23832,161.43635,south,east,valid,12671
-84.24595,161.46706,south,east,valid,12672
-84.24206,161.44084,south,east,valid,12673
-84.23729,161.45043,south,east,valid,12674
-84.23734,161.44746,south,east,valid,12675
-84.2424,161.43913,south,east,valid,12676
-84.23857,161.44248,south,east,valid,12677
-84.23809,161.44635,south,east,valid,12678
-84.24349,161.44035,south,east,valid,12679
-84.23937,161.44369,south,east,valid,12680
-84.24255,161.4343,south,east,valid,12681
-84.23754,161.44435,south,east,valid,12682
-84.24138,161.44118,south,east,valid,12683
-84.23725,161.44913,south,east,valid,12684
-84.2439,161.43669,south,east,valid,12685
-84.24292,161.44112,south,east,valid,12686
-84.24819,161.38562,south,east,valid,12687
-84.28742,161.32654,south,east,valid,12688
-84.25077,161.37561,south,east,valid,12689
-84.25064,161.42843,south,east,valid,12690
-84.2497,161.38334,south,east,valid,12691
-84.23964,161.47393,south,east,valid,12692
-84.23605,161.4952,south,east,valid,12693
-84.24917,161.38357,south,east,valid,12694
-84.24641,161.43001,south,east,valid,12695
-84.24277,161.48895,south,east,valid,12696
-84.28158,161.34122,south,east,valid,12697
-84.24991,161.38311,south,east,valid,12698
-84.24694,161.39456,south,east,valid,12699
-84.25091,161.38536,south,east,valid,12700
-84.24801,161.39405,south,east,valid,12701
-84.24854,161.42989,south,east,valid,12702
-84.24913,161.41599,south,east,valid,12703
-84.24824,161.39389,south,east,valid,12704
-84.25009,161.42383,south,east,valid,12705
-84.25072,161.38765,south,east,valid,12706
-84.2509,161.43148,south,east,valid,12707
-84.23719,161.45159,south,east,valid,12708
-84.25089,161.38403,south,east,valid,12709
-84.24884,161.42585,south,east,valid,12710
-84.24695,161.41842,south,east,valid,12711
-84.24828,161.43777,south,east,valid,12712
-84.24652,161.44252,south,east,valid,12713
-84.24779,161.44123,south,east,valid,12714
-84.24806,161.41293,south,east,valid,12715
-84.24676,161.46262,south,east,valid,12716
-84.25083,161.37802,south,east,valid,12717
-84.24855,161.4377,south,east,valid,12718
-84.24909,161.38358,south,east,valid,12719
-84.25012,161.38838,south,east,valid,12720
-84.2492,161.38101,south,east,valid,12721
-84.24915,161.40461,south,east,valid,12722
-84.24135,161.46529,south,east,valid,12723
-84.24829,161.39342,south,east,valid,12724
-84.29766,161.28768,south,east,valid,12725
-84.24813,161.42359,south,east,valid,12726
-84.2484,161.45831,south,east,valid,12727
-84.23541,161.48537,south,east,valid,12728
-84.24785,161.39529,south,east,valid,12729
-84.24832,161.45039,south,east,valid,12730
-84.24709,161.44378,south,east,valid,12731
-84.24749,161.46423,south,east,valid,12732
-84.24908,161.38143,south,east,valid,12733
-84.24937,161.40723,south,east,valid,12734
-84.25033,161.38099,south,east,valid,12735
-84.24764,161.38951,south,east,valid,12736
-84.2482,161.38706,south,east,valid,12737
-84.24904,161.37914,south,east,valid,12738
-84.24762,161.42705,south,east,valid,12739
-84.24831,161.42964,south,east,valid,12740
-84.24814,161.40106,south,east,valid,12741
-84.24695,161.44572,south,east,valid,12742
-84.24922,161.37585,south,east,valid,12743
-84.24721,161.43094,south,east,valid,12744
-84.24794,161.40963,south,east,valid,12745
-84.24828,161.46054,south,east,valid,12746
-84.24795,161.38673,south,east,valid,12747
-84.25027,161.38805,south,east,valid,12748
-84.24769,161.39357,south,east,valid,12749
-84.24774,161.436,south,east,valid,12750
-84.24823,161.42196,south,east,valid,12751
-84.25064,161.38747,south,east,valid,12752
-84.25107,161.43009,south,east,valid,12753
-84.25055,161.3855,south,east,valid,12754
-84.24944,161.38802,south,east,valid,12755
-84.25171,161.42745,south,east,valid,12756
-84.24811,161.39274,south,east,valid,12757
-84.24834,161.3951,south,east,valid,12758
-84.24618,161.42644,south,east,valid,12759
-84.2508,161.38827,south,east,valid,12760
-84.2476,161.39109,south,east,valid,12761
-84.24774,161.4039,south,east,valid,12762
-84.28876,161.33559,south,east,valid,12763
-84.2906,161.3303,south,east,valid,12764
-84.24683,161.39533,south,east,valid,12765
-84.24613,161.41065,south,east,valid,12766
-84.24926,161.44112,south,east,valid,12767
-84.2504,161.40409,south,east,valid,12768
-84.24974,161.4041,south,east,valid,12769
-84.24683,161.39532,south,east,valid,12770
-84.24937,161.39739,south,east,valid,12771
-84.24341,161.50155,south,east,valid,12772
-84.2491,161.43296,south,east,valid,12773
-84.25055,161.44703,south,east,valid,12774
-84.25041,161.4328,south,east,valid,12775
-84.25051,161.40302,south,east,valid,12776
-84.25066,161.40771,south,east,valid,12777
-84.24659,161.41231,south,east,valid,12778
-84.24977,161.39898,south,east,valid,12779
-84.23679,161.44687,south,east,valid,12780
-84.24747,161.3751,south,east,valid,12781
-84.24963,161.42926,south,east,valid,12782
-84.25134,161.42621,south,east,valid,12783
-84.25055,161.40314,south,east,valid,12784
-84.25099,161.45854,south,east,valid,12785
-84.24659,161.41187,south,east,valid,12786
-84.24917,161.45634,south,east,valid,12787
-84.25032,161.44414,south,east,valid,12788
-84.26383,161.35011,south,east,valid,12789
-84.25112,161.4443,south,east,valid,12790
-84.25227,161.46706,south,east,valid,12791
-84.25159,161.4063,south,east,valid,12792
-84.25191,161.41098,south,east,valid,12793
-84.25034,161.40574,south,east,valid,12794
-84.25048,161.40201,south,east,valid,12795
-84.24737,161.37612,south,east,valid,12796
-84.24892,161.36982,south,east,valid,12797
-84.23969,161.51438,south,east,valid,12798
-84.28379,161.32766,south,east,valid,12799
-84.23877,161.48428,south,east,valid,12800
-84.24906,161.40959,south,east,valid,12801
-84.25006,161.39479,south,east,valid,12802
-84.24955,161.38592,south,east,valid,12803
-84.25147,161.38242,south,east,valid,12804
-84.25341,161.42077,south,east,valid,12805
-84.2452,161.4456,south,east,valid,12806
-84.25285,161.39952,south,east,valid,12807
-84.25203,161.4034,south,east,valid,12808
-84.25368,161.4615,south,east,valid,12809
-84.25115,161.37117,south,east,valid,12810
-84.24515,161.44419,south,east,valid,12811
-84.24447,161.43169,south,east,valid,12812
-84.24499,161.45477,south,east,valid,12813
-84.24433,161.44455,south,east,valid,12814
-84.25509,161.40797,south,east,valid,12815
-84.2536,161.40318,south,east,valid,12816
-84.25102,161.37055,south,east,valid,12817
-84.25137,161.36952,south,east,valid,12818
-84.25553,161.40432,south,east,valid,12819
-84.25439,161.3875,south,east,valid,12820
-84.24623,161.41018,south,east,valid,12821
-84.25124,161.44914,south,east,valid,12822
-84.24715,161.41938,south,east,valid,12823
-84.24958,161.3836,south,east,valid,12824
-84.25011,161.40498,south,east,valid,12825
-84.251,161.43876,south,east,valid,12826
-84.24623,161.40761,south,east,valid,12827
-84.25061,161.40731,south,east,valid,12828
-84.24885,161.37186,south,east,valid,12829
-84.24937,161.39646,south,east,valid,12830
-84.24904,161.46363,south,east,valid,12831
-84.2466,161.40761,south,east,valid,12832
-84.25086,161.46048,south,east,valid,12833
-84.24968,161.40339,south,east,valid,12834
-84.24617,161.40878,south,east,valid,12835
-84.25115,161.45757,south,east,valid,12836
-84.25191,161.43067,south,east,valid,12837
-84.24748,161.41356,south,east,valid,12838
-84.24849,161.38293,south,east,valid,12839
-84.24693,161.407,south,east,valid,12840
-84.25108,161.41354,south,east,valid,12841
-84.25022,161.40597,south,east,valid,12842
-84.25049,161.37013,south,east,valid,12843
-84.25191,161.40714,south,east,valid,12844
-84.25076,161.41866,south,east,valid,12845
-84.25231,161.45413,south,east,valid,12846
-84.25299,161.40173,south,east,valid,12847
-84.25083,161.41339,south,east,valid,12848
-84.27332,161.408,south,east,valid,12849
-84.28975,161.33605,south,east,valid,12850
-84.26985,161.37707,south,east,valid,12851
-84.26912,161.3885,south,east,valid,12852
-84.26873,161.40963,south,east,valid,12853
-84.27367,161.38798,south,east,valid,12854
-84.27551,161.40034,south,east,valid,12855
-84.26905,161.42376,south,east,valid,12856
-84.26959,161.41655,south,east,valid,12857
-84.26849,161.42488,south,east,valid,12858
-84.26939,161.3959,south,east,valid,12859
-84.27043,161.41802,south,east,valid,12860
-84.28803,161.34058,south,east,valid,12861
-84.26951,161.36454,south,east,valid,12862
-84.26735,161.36541,south,east,valid,12863
-84.26851,161.37063,south,east,valid,12864
-84.26979,161.37879,south,east,valid,12865
-84.26961,161.37881,south,east,valid,12866
-84.2695,161.37171,south,east,valid,12867
-84.26995,161.37761,south,east,valid,12868
-84.2675,161.35395,south,east,valid,12869
-84.27007,161.39499,south,east,valid,12870
-84.27013,161.42221,south,east,valid,12871
-84.26835,161.37585,south,east,valid,12872
-84.25272,161.45559,south,east,valid,12873
-84.25149,161.38879,south,east,valid,12874
-84.25135,161.37168,south,east,valid,12875
-84.25168,161.40899,south,east,valid,12876
-84.25343,161.44329,south,east,valid,12877
-84.27174,161.39959,south,east,valid,12878
-84.27112,161.42573,south,east,valid,12879
-84.27689,161.40813,south,east,valid,12880
-84.26728,161.4481,south,east,valid,12881
-84.27148,161.40633,south,east,valid,12882
-84.27271,161.41314,south,east,valid,12883
-84.2709,161.38728,south,east,valid,12884
-84.27344,161.41433,south,east,valid,12885
-84.27231,161.40262,south,east,valid,12886
-84.27257,161.37908,south,east,valid,12887
-84.2709,161.4058,south,east,valid,12888
-84.27483,161.39407,south,east,valid,12889
-84.27304,161.40643,south,east,valid,12890
-84.29352,161.32904,south,east,valid,12891
-84.27464,161.42617,south,east,valid,12892
-84.27186,161.40562,south,east,valid,12893
-84.27332,161.40238,south,east,valid,12894
-84.27082,161.3694,south,east,valid,12895
-84.27728,161.40405,south,east,valid,12896
-84.27276,161.41093,south,east,valid,12897
-84.29084,161.33845,south,east,valid,12898
-84.27156,161.4048,south,east,valid,12899
-84.27218,161.37185,south,east,valid,12900
-84.26449,161.37011,south,east,valid,12901
-84.2747,161.39153,south,east,valid,12902
-84.27333,161.37853,south,east,valid,12903
-84.29526,161.32207,south,east,valid,12904
-84.27076,161.3692,south,east,valid,12905
-84.26703,161.41912,south,east,valid,12906
-84.2759,161.40675,south,east,valid,12907
-84.27504,161.39797,south,east,valid,12908
-84.26649,161.41164,south,east,valid,12909
-84.27756,161.40201,south,east,valid,12910
-84.27123,161.41638,south,east,valid,12911
-84.27188,161.39979,south,east,valid,12912
-84.29272,161.35319,south,east,valid,12913
-84.27145,161.36688,south,east,valid,12914
-84.27659,161.4107,south,east,valid,12915
-84.27683,161.40602,south,east,valid,12916
-84.2775,161.40526,south,east,valid,12917
-84.27484,161.41767,south,east,valid,12918
-84.26652,161.35724,south,east,valid,12919
-84.27135,161.41234,south,east,valid,12920
-84.2724,161.40549,south,east,valid,12921
-84.27617,161.41204,south,east,valid,12922
-84.2762,161.4097,south,east,valid,12923
-84.27177,161.41129,south,east,valid,12924
-84.29382,161.3224,south,east,valid,12925
-84.27597,161.40691,south,east,valid,12926
-84.27864,161.39564,south,east,valid,12927
-84.2749,161.38457,south,east,valid,12928
-84.28564,161.32731,south,east,valid,12929
-84.27731,161.40681,south,east,valid,12930
-84.27687,161.40604,south,east,valid,12931
-84.2772,161.40091,south,east,valid,12932
-84.27213,161.4123,south,east,valid,12933
-84.27105,161.38646,south,east,valid,12934
-84.27345,161.40329,south,east,valid,12935
-84.27222,161.40483,south,east,valid,12936
-84.27857,161.40607,south,east,valid,12937
-84.27103,161.36843,south,east,valid,12938
-84.27651,161.4115,south,east,valid,12939
-84.27174,161.40449,south,east,valid,12940
-84.27477,161.39651,south,east,valid,12941
-84.27139,161.40438,south,east,valid,12942
-84.27217,161.4111,south,east,valid,12943
-84.27177,161.40183,south,east,valid,12944
-84.27807,161.39748,south,east,valid,12945
-84.27665,161.40603,south,east,valid,12946
-84.27851,161.40118,south,east,valid,12947
-84.27674,161.4087,south,east,valid,12948
-84.27529,161.37972,south,east,valid,12949
-84.272,161.36517,south,east,valid,12950
-84.27388,161.36094,south,east,valid,12951
-84.23113,161.48675,south,east,valid,12952
-84.23712,161.59466,south,east,valid,12953
-84.2337,161.56943,south,east,valid,12954
-84.2744,161.36508,south,east,valid,12955
-84.2769,161.39563,south,east,valid,12956
-84.23213,161.5174,south,east,valid,12957
-84.27248,161.3626,south,east,valid,12958
-84.23055,161.55964,south,east,valid,12959
-84.28213,161.37688,south,east,valid,12960
-84.27455,161.35524,south,east,valid,12961
-84.27517,161.37684,south,east,valid,12962
-84.23302,161.5467,south,east,valid,12963
-84.28294,161.37676,south,east,valid,12964
-84.2764,161.35768,south,east,valid,12965
-84.23405,161.54386,south,east,valid,12966
-84.2719,161.36734,south,east,valid,12967
-84.28552,161.35956,south,east,valid,12968
-84.2324,161.47689,south,east,valid,12969
-84.25338,161.51454,south,east,valid,12970
-84.27821,161.36118,south,east,valid,12971
-84.23305,161.54639,south,east,valid,12972
-84.2859,161.3486,south,east,valid,12973
-84.28093,161.36788,south,east,valid,12974
-84.27189,161.35599,south,east,valid,12975
-84.23198,161.5134,south,east,valid,12976
-84.27165,161.36125,south,east,valid,12977
-84.23163,161.50905,south,east,valid,12978
-84.27985,161.35766,south,east,valid,12979
-84.22997,161.55373,south,east,valid,12980
-84.28433,161.36173,south,east,valid,12981
-84.23238,161.55301,south,east,valid,12982
-84.2872,161.38448,south,east,valid,12983
-84.28506,161.37982,south,east,valid,12984
-84.23132,161.47584,south,east,valid,12985
-84.28434,161.36339,south,east,valid,12986
-84.23412,161.47919,south,east,valid,12987
-84.27197,161.35985,south,east,valid,12988
-84.28738,161.34227,south,east,valid,12989
-84.27905,161.37169,south,east,valid,12990
-84.2875,161.34364,south,east,valid,12991
-84.28433,161.3873,south,east,valid,12992
-84.28399,161.36486,south,east,valid,12993
-84.23531,161.51537,south,east,valid,12994
-84.23364,161.4898,south,east,valid,12995
-84.23532,161.51184,south,east,valid,12996
-84.28537,161.38651,south,east,valid,12997
-84.28049,161.39261,south,east,valid,12998
-84.27365,161.36201,south,east,valid,12999
-84.23368,161.46315,south,east,valid,13000
-84.23507,161.4876,south,east,valid,13001
-84.27843,161.35143,south,east,valid,13002
-84.28352,161.32426,south,east,valid,13003
-84.27997,161.38005,south,east,valid,13004
-84.23135,161.4647,south,east,valid,13005
-84.27201,161.41056,south,east,valid,13006
-84.27045,161.39259,south,east,valid,13007
-84.2339,161.49871,south,east,valid,13008
-84.28622,161.37579,south,east,valid,13009
-84.24585,161.40139,south,east,valid,13010
-84.23295,161.47552,south,east,valid,13011
-84.23112,161.46335,south,east,valid,13012
-84.23403,161.47591,south,east,valid,13013
-84.23236,161.52292,south,east,valid,13014
-84.23174,161.54752,south,east,valid,13015
-84.28011,161.36336,south,east,valid,13016
-84.23494,161.5688,south,east,valid,13017
-84.27863,161.37296,south,east,valid,13018
-84.28735,161.356,south,east,valid,13019
-84.2508,161.36939,south,east,valid,13020
-84.25065,161.45922,south,east,valid,13021
-84.23556,161.44866,south,east,valid,13022
-84.24404,161.43124,south,east,valid,13023
-84.26988,161.40123,south,east,valid,13024
-84.25319,161.41933,south,east,valid,13025
-84.25303,161.40416,south,east,valid,13026
-84.24466,161.42542,south,east,valid,13027
-84.23111,161.44613,south,east,valid,13028
-84.24989,161.42846,south,east,valid,13029
-84.23741,161.49372,south,east,valid,13030
-84.25232,161.38808,south,east,valid,13031
-84.24076,161.44866,south,east,valid,13032
-84.29139,161.51972,south,east,valid,13033
-84.26265,161.44965,south,east,valid,13034
-84.27297,161.72079,south,east,valid,13035
-84.27411,161.68011,south,east,valid,13036
-84.28911,161.37415,south,east,valid,13037
-84.38366,162.0802,south,east,valid,13038
-84.273,161.72106,south,east,valid,13039
-84.27399,161.68038,south,east,valid,13040
-84.27385,161.68648,south,east,valid,13041
-84.27398,161.68045,south,east,valid,13042
-84.26502,161.40554,south,east,valid,13043
-84.27395,161.68488,south,east,valid,13044
-84.27386,161.68359,south,east,valid,13045
-84.27385,161.68323,south,east,valid,13046
-84.2739,161.68448,south,east,valid,13047
-84.27378,161.68879,south,east,valid,13048
-84.27402,161.67908,south,east,valid,13049
-84.27392,161.68476,south,east,valid,13050
-84.27372,161.68479,south,east,valid,13051
-84.27385,161.6855,south,east,valid,13052
-84.27388,161.68544,south,east,valid,13053
-84.274,161.68062,south,east,valid,13054
-84.27233,161.41277,south,east,valid,13055
-84.27398,161.68286,south,east,valid,13056
-84.27408,161.67855,south,east,valid,13057
-84.27386,161.68397,south,east,valid,13058
-84.27386,161.68437,south,east,valid,13059
-84.27386,161.68563,south,east,valid,13060
-84.27386,161.68738,south,east,valid,13061
-84.27392,161.68763,south,east,valid,13062
-84.27383,161.68483,south,east,valid,13063
-84.27384,161.68393,south,east,valid,13064
-84.23337,161.48176,south,east,valid,13065
-84.27394,161.68403,south,east,valid,13066
-84.27386,161.68357,south,east,valid,13067
-84.25408,161.39396,south,east,valid,13068
-84.27388,161.68711,south,east,valid,13069
-84.35811,161.24509,south,east,valid,13070
-84.27377,161.68544,south,east,valid,13071
-84.27375,161.68904,south,east,valid,13072
-84.27388,161.68468,south,east,valid,13073
-84.27372,161.68917,south,east,valid,13074
-84.27383,161.68573,south,east,valid,13075
-84.27394,161.68329,south,east,valid,13076
-84.27386,161.68472,south,east,valid,13077
-84.27371,161.68486,south,east,valid,13078
-84.27378,161.68545,south,east,valid,13079
-84.23543,161.43983,south,east,valid,13080
-84.2739,161.68472,south,east,valid,13081
-84.27387,161.68554,south,east,valid,13082
-84.27384,161.68376,south,east,valid,13083
-84.27391,161.68428,south,east,valid,13084
-84.27375,161.68588,south,east,valid,13085
-84.27239,161.41307,south,east,valid,13086
-84.27386,161.68358,south,east,valid,13087
-84.26126,161.35465,south,east,valid,13088
-84.27396,161.68221,south,east,valid,13089
-84.27385,161.68514,south,east,valid,13090
-84.27204,161.40762,south,east,valid,13091
-84.25964,161.36012,south,east,valid,13092
-84.237,161.51187,south,east,valid,13093
-84.27384,161.68406,south,east,valid,13094
-84.27378,161.68888,south,east,valid,13095
-84.27379,161.68546,south,east,valid,13096
-84.27383,161.68582,south,east,valid,13097
-84.27386,161.68474,south,east,valid,13098
-84.26544,161.40627,south,east,valid,13099
-84.27391,161.68431,south,east,valid,13100
-84.27366,161.68668,south,east,valid,13101
-84.27395,161.68204,south,east,valid,13102
-84.27259,161.41424,south,east,valid,13103
-84.27382,161.68455,south,east,valid,13104
-84.27233,161.41046,south,east,valid,13105
-84.27613,161.37197,south,east,valid,13106
-84.26899,161.39551,south,east,valid,13107
-84.26777,161.41272,south,east,valid,13108
-84.26309,161.39308,south,east,valid,13109
-84.26789,161.40298,south,east,valid,13110
-84.28928,161.37015,south,east,valid,13111
-84.24332,161.449,south,east,valid,13112
-84.24169,161.47922,south,east,valid,13113
-84.24284,161.44999,south,east,valid,13114
-84.24357,161.4531,south,east,valid,13115
-84.2858,161.33204,south,east,valid,13116
-84.27375,161.6853,south,east,valid,13117
-84.26667,161.5,south,east,valid,13118
34.00833,-103.60278,north,west,valid,13119
34.0,-81.25,north,west,valid,13120
40.5,112.5,north,east,valid,13121
35.66667,-80.25,north,west,valid,13122
34.655,-101.64,north,west,valid,13123
31.55,-87.51667,north,west,valid,13124
39.36667,-103.16667,north,west,valid,13125
35.86667,-81.91667,north,west,valid,13126
41.43333,-96.96667,north,west,valid,13127
49.08333,42.51667,north,east,valid,13128
-35.95,143.33333,south,east,valid,13129
34.38667,-112.02833,north,west,valid,13130
33.69177,-113.63612,north,west,valid,13131
-24.13833,115.87167,south,east,valid,13132
38.38333,-98.01667,north,west,valid,13133
38.44,-98.06667,north,west,valid,13134
37.68333,-105.7,north,west,valid,13135
34.51667,-117.98333,north,west,valid,13136
45.6,-110.58333,north,west,valid,13137
36.41667,-85.25,north,west,valid,13138
29.85167,111.59833,north,east,valid,13139
30.52213,-99.73698,north,west,valid,13140
34.15,-101.3,north,west,valid,13141
33.33333,-84.1,north,west,valid,13142
36.58333,-100.2,north,west,valid,13143
46.1,-111.4,north,west,valid,13144
39.41667,-79.15,north,west,valid,13145
50.00957,-95.38537,north,west,valid,13146
34.25972,-101.40833,north,west,valid,13147
41.5,-91.47917,north,west,valid,13148
-81.33333,152.83333,south,east,valid,13149
39.93333,-99.6,north,west,valid,13150
29.3,105.3,north,east,valid,13151
27.35,108.5,north,east,valid,13152
-30.09056,128.80583,south,east,valid,13153
40.46667,-99.5,north,west,valid,13154
-30.6,127.16667,south,east,valid,13155
-30.13,127.38267,south,east,valid,13156
-30.53583,127.33967,south,east,valid,13157
32.99167,-102.38833,north,west,valid,13158
32.98333,-102.38833,north,west,valid,13159
41.03333,-102.88333,north,west,valid,13160
26.01667,-111.36667,north,west,valid,13161
-28.9725,-63.341111,south,west,valid,13162
34.8125,-106.79167,north,west,valid,13163
19.26667,-97.28333,north,west,valid,13164
-29.41667,-66.85,south,west,valid,13165
-24.7,-69.75,south,west,valid,13166
-24.68333,-69.76667,south,west,valid,13167
39.12417,-98.16778,north,west,valid,13168
33.28944,-102.54306,north,west,valid,13169
37.65,-105.73333,north,west,valid,13170
34.25,-84.5,north,west,valid,13171
-8.65,115.21667,south,east,valid,13172
-34.45,140.56667,south,east,valid,13173
33.6,-101.73333,north,west,valid,13174
34.5,-116.95,north,west,valid,13175
34.50133,-116.96467,north,west,valid,13176
34.5095,-116.95583,north,west,valid,13177
34.5125,-116.95083,north,west,valid,13178
34.48793,-116.9488,north,west,valid,13179
34.48868,-116.94985,north,west,valid,13180
34.4918,-116.943,north,west,valid,13181
34.49312,-116.94662,north,west,valid,13182
34.49058,-116.95032,north,west,valid,13183
34.49095,-116.95038,north,west,valid,13184
34.49553,-116.9471,north,west,valid,13185
34.51087,-116.93545,north,west,valid,13186
34.5001,-116.94217,north,west,valid,13187
34.48715,-116.95337,north,west,valid,13188
34.4875,-116.95567,north,west,valid,13189
34.487,-116.956,north,west,valid,13190
34.48708,-116.95797,north,west,valid,13191
34.4871,-116.9578,north,west,valid,13192
34.49015,-116.94985,north,west,valid,13193
34.4868,-116.95837,north,west,valid,13194
34.48793,-116.95638,north,west,valid,13195
34.48887,-116.95223,north,west,valid,13196
34.4921,-116.94308,north,west,valid,13197
34.48975,-116.94277,north,west,valid,13198
34.48595,-116.9637,north,west,valid,13199
34.48457,-116.96255,north,west,valid,13200
34.48413,-116.96083,north,west,valid,13201
34.487,-116.96512,north,west,valid,13202
34.48742,-116.9735,north,west,valid,13203
34.48613,-116.9739,north,west,valid,13204
34.48667,-116.95833,north,west,valid,13205
34.48472,-116.96107,north,west,valid,13206
34.48728,-116.95833,north,west,valid,13207
34.525,-116.95333,north,west,valid,13208
34.486,-116.97275,north,west,valid,13209
34.51092,-116.93962,north,west,valid,13210
34.48972,-116.98128,north,west,valid,13211
34.48823,-116.97797,north,west,valid,13212
34.48075,-116.9788,north,west,valid,13213
34.48148,-116.95325,north,west,valid,13214
34.4887,-116.9788,north,west,valid,13215
34.48712,-116.96147,north,west,valid,13216
34.48657,-116.9592,north,west,valid,13217
34.48662,-116.9564,north,west,valid,13218
34.48565,-116.95673,north,west,valid,13219
34.48703,-116.95595,north,west,valid,13220
34.48733,-116.96055,north,west,valid,13221
34.48738,-116.96065,north,west,valid,13222
34.48598,-116.95593,north,west,valid,13223
34.48388,-116.9501,north,west,valid,13224
17.9,-77.63333,north,west,valid,13225
32.83611,-99.60417,north,west,valid,13226
34.0,-106.96667,north,west,valid,13227
-34.66667,-59.36667,south,west,valid,13228
38.39918,-115.9967,north,west,valid,13229
39.11667,-98.68333,north,west,valid,13230
40.74972,-97.74972,north,west,valid,13231
42.76667,-104.35,north,west,valid,13232
-27.0,-70.0,south,west,valid,13233
-31.01667,127.21667,south,east,valid,13234
-31.39953,127.14467,south,east,valid,13235
-21.3,24.1028,south,east,valid,13236
-84.21667,160.5,south,east,valid,13237
-76.96667,162.0,south,east,valid,13238
34.21667,-103.91667,north,west,valid,13239
44.5,-77.46667,north,west,valid,13240
-16.9025,30.40722,south,east,valid,13241
49.33333,19.48333,north,east,valid,13242
50.0,8.26667,north,east,valid,13243
25.59567,15.4225,north,east,valid,13244
40.6265,-118.41033,north,west,valid,13245
40.62832,-118.4167,north,west,valid,13246
40.63078,-118.40918,north,west,valid,13247
40.61667,-118.38472,north,west,valid,13248
-46.31667,168.4,south,east,valid,13249
63.33333,148.16667,north,east,valid,13250
-24.91667,16.98333,south,east,valid,13251
40.89201,-118.55319,north,west,valid,13252
-33.56667,136.65,south,east,valid,13253
34.849,-99.704,north,west,valid,13254
45.44,-79.87556,north,west,valid,13255
44.33333,106.5,north,east,valid,13256
-23.45,-70.11667,south,west,valid,13257
42.18333,-95.71667,north,west,valid,13258
-30.3,131.26667,south,east,valid,13259
50.81667,8.76667,north,east,valid,13260
42.29111,-88.62556,north,west,valid,13261
-22.3,-45.36667,south,west,valid,13262
-22.33333,-69.66667,south,west,valid,13263
33.25,-112.05,north,west,valid,13264
47.9,37.5,north,east,valid,13265
38.36667,-97.03333,north,west,valid,13266
52.4,79.8,north,east,valid,13267
52.42405,79.68128,north,east,valid,13268
34.6,-97.91667,north,west,valid,13269
37.0,-88.25,north,west,valid,13270
42.45,-103.3,north,west,valid,13271
31.5,-96.88333,north,west,valid,13272
54.25,84.33333,north,east,valid,13273
-29.95,128.08333,south,east,valid,13274
11.35,16.15,north,east,valid,13275
-21.0909,26.4859,south,east,valid,13276
39.47444,-96.925,north,west,valid,13277
53.775,-115.03333,north,west,valid,13278
37.30833,-97.545,north,west,valid,13279
36.38333,-79.86667,north,west,valid,13280
-9.11667,33.06667,south,east,valid,13281
33.75,-100.93333,north,west,valid,13282
40.02,-100.78333,north,west,valid,13283
38.525,-99.81,north,west,valid,13284
32.925,-102.625,north,west,valid,13285
33.18333,-96.71667,north,west,valid,13286
35.23333,-100.6,north,west,valid,13287
33.33139,-102.26889,north,west,valid,13288
-23.1,-70.5,south,west,valid,13289
-28.85,116.28333,south,east,valid,13290
49.78333,35.6,north,east,valid,13291
34.38333,-103.61667,north,west,valid,13292
34.39833,-103.605,north,west,valid,13293
38.525,-95.78056,north,west,valid,13294
-33.16667,141.75,south,east,valid,13295
-32.91667,141.88333,south,east,valid,13296
-33.13333,141.71667,south,east,valid,13297
-34.66667,-59.33333,south,west,valid,13298
-26.33333,-70.28333,south,west,valid,13299
31.42611,-100.13333,north,west,valid,13300
-1.94617,354.47333,south,east,invalid,13301
31.26667,-100.83333,north,west,valid,13302
-32.75833,21.68333,south,east,valid,13303
37.16667,-108.5,north,west,valid,13304
33.35,10.4,north,east,valid,13305
33.35,10.43333,north,east,valid,13306
33.40333,10.45833,north,east,valid,13307
33.25027,10.38917,north,east,valid,13308
-79.68333,159.75,south,east,valid,13309
-79.68333,155.75,south,east,valid,13310
60.65,27.06667,north,east,valid,13311
35.66667,-100.6,north,west,valid,13312
44.75,-79.88333,north,west,valid,13313
-27.83333,150.33333,south,east,valid,13314
50.79722,-114.30944,north,west,valid,13315
32.83528,-81.87389,north,west,valid,13316
38.625,-96.02278,north,west,valid,13317
-72.68417,161.31583,south,east,valid,13318
-72.70225,160.33747,south,east,valid,13319
-72.69358,160.26831,south,east,valid,13320
-72.67,160.24272,south,east,valid,13321
-71.90355,160.48982,south,east,valid,13322
-83.25,157.0,south,east,valid,13323
29.91667,-5.58333,north,west,valid,13324
-26.33333,121.0,south,east,valid,13325
36.23,-104.11889,north,west,valid,13326
-26.11667,116.66667,south,east,valid,13327
33.63333,-103.33333,north,west,valid,13328
40.2875,-95.37667,north,west,valid,13329
-18.5,-44.0,south,west,valid,13330
36.55,-93.1,north,west,valid,13331
29.90889,29.90833,north,east,valid,13332
43.31667,-100.76667,north,west,valid,13333
16.8,-97.1,north,west,valid,13334
-35.95,144.51667,south,east,valid,13335
36.55722,-114.42694,north,west,valid,13336
29.8,-109.66667,north,west,valid,13337
32.73,-113.71,north,west,valid,13338
55.9,66.7,north,east,valid,13339
-33.28333,148.88333,south,east,valid,13340
31.48333,-102.88333,north,west,valid,13341
49.55,4.86667,north,east,valid,13342
-29.4,139.98333,south,east,valid,13343
36.95,-84.9,north,west,valid,13344
-23.93333,-68.28333,south,west,valid,13345
32.50333,-102.74333,north,west,valid,13346
-30.91667,151.28333,south,east,valid,13347
-30.01667,141.06667,south,east,valid,13348
-28.91667,136.25,south,east,valid,13349
52.46667,16.9,north,east,valid,13350
-30.5,142.33333,south,east,valid,13351
34.98333,-106.05,north,west,valid,13352
27.05,-105.43333,north,west,valid,13353
39.33333,-100.06667,north,west,valid,13354
-26.37247,23.52395,south,east,valid,13355
62.0,7.66667,north,east,valid,13356
42.18333,-103.93333,north,west,valid,13357
36.2,-83.38333,north,west,valid,13358
-27.0,-51.0,south,west,valid,13359
-24.24667,-68.85333,south,west,valid,13360
45.5,-119.5,north,west,valid,13361
33.71667,-102.76667,north,west,valid,13362
-44.81667,171.13333,south,east,valid,13363
37.63333,-105.83333,north,west,valid,13364
-30.1,28.71667,south,east,valid,13365
35.75,-103.93333,north,west,valid,13366
-33.31667,144.78333,south,east,valid,13367
-31.1,138.26667,south,east,valid,13368
-30.81667,29.35,south,east,valid,13369
-77.58389,160.32639,south,east,valid,13370
-77.58389,160.37361,south,east,valid,13371
-77.20919,159.76117,south,east,valid,13372
-77.2,159.83333,south,east,valid,13373
-29.45,119.71667,south,east,valid,13374
-32.33333,151.2,south,east,valid,13375
-22.5,116.16667,south,east,valid,13376
-24.76667,117.7,south,east,valid,13377
-87.36667,-149.5,south,west,valid,13378
39.78333,-77.21667,north,west,valid,13379
-25.87667,119.07333,south,east,valid,13380
-28.16667,118.5,south,east,valid,13381
-28.83333,122.18333,south,east,valid,13382
2.5,34.75,north,east,valid,13383
42.7,-77.88333,north,west,valid,13384
44.0,-89.25,north,west,valid,13385
38.41667,-106.21667,north,west,valid,13386
-25.66667,118.1,south,east,valid,13387
-86.56667,-165.11667,south,west,valid,13388
-23.83333,134.03333,south,east,valid,13389
36.93333,-87.4,north,west,valid,13390
-72.45,160.335,south,east,valid,13391
-72.44867,160.33969,south,east,valid,13392
-80.7,-23.58333,south,west,valid,13393
-86.45,-165.43333,south,west,valid,13394
33.13333,-5.56667,north,west,valid,13395
-30.08333,130.03333,south,east,valid,13396
-30.05,130.21667,south,east,valid,13397
-30.1755,130.089,south,east,valid,13398
-30.36667,130.08333,south,east,valid,13399
-30.3695,130.05533,south,east,valid,13400
-30.35,130.03333,south,east,valid,13401
-30.28583,129.957,south,east,valid,13402
-30.06667,129.8475,south,east,valid,13403
-30.06,130.025,south,east,valid,13404
-30.21333,129.87333,south,east,valid,13405
-30.21083,129.96833,south,east,valid,13406
-30.34533,130.1,south,east,valid,13407
-30.41667,129.85,south,east,valid,13408
37.8594,-117.02097,north,west,valid,13409
4.9,-61.2,north,west,valid,13410
16.9245,53.785,north,east,valid,13411
47.28333,11.41667,north,east,valid,13412
-34.1,18.46667,south,east,valid,13413
-30.91667,118.2,south,east,valid,13414
35.63333,-100.13333,north,west,valid,13415
34.12167,-102.695,north,west,valid,13416
-30.18333,126.36667,south,east,valid,13417
-30.2,126.36667,south,east,valid,13418
-30.78333,127.55,south,east,valid,13419
-30.88333,127.55,south,east,valid,13420
-30.85,127.53333,south,east,valid,13421
-30.75833,127.525,south,east,valid,13422
-30.475,127.51667,south,east,valid,13423
-30.00833,127.70833,south,east,valid,13424
-30.01667,127.60833,south,east,valid,13425
-30.8,127.61667,south,east,valid,13426
-30.01667,127.7,south,east,valid,13427
-30.33333,127.61667,south,east,valid,13428
-30.93333,127.5,south,east,valid,13429
-30.12633,127.41033,south,east,valid,13430
-30.14267,127.39383,south,east,valid,13431
-30.12167,127.38683,south,east,valid,13432
-30.7845,127.69733,south,east,valid,13433
-30.5,127.5,south,east,valid,13434
-30.50583,127.43417,south,east,valid,13435
-30.83333,127.5,south,east,valid,13436
-30.77972,127.52306,south,east,valid,13437
-28.93333,148.95,south,east,valid,13438
67.8,23.1,north,east,valid,13439
-26.66667,119.0,south,east,valid,13440
35.83333,-86.41667,north,west,valid,13441
-29.58333,139.9,south,east,valid,13442
34.91667,-117.83333,north,west,valid,13443
35.1,-84.03333,north,west,valid,13444
23.8,12.31667,north,east,valid,13445
55.3,53.2,north,east,valid,13446
25.59983,28.45217,north,east,valid,13447
28.95,-97.40278,north,west,valid,13448
-30.45383,137.99017,south,east,valid,13449
46.98333,17.7,north,east,valid,13450
-40.53333,-66.63333,south,west,valid,13451
19.93333,51.21667,north,east,valid,13452
42.83333,120.66667,north,east,valid,13453
29.36667,79.43333,north,east,valid,13454
-31.96667,126.25,south,east,valid,13455
-24.75,15.36667,south,east,valid,13456
25.1,107.7,north,east,valid,13457
-29.53333,143.98333,south,east,valid,13458
-29.5,144.06667,south,east,valid,13459
-31.0,124.83333,south,east,valid,13460
-34.25,147.7,south,east,valid,13461
30.95,-98.26667,north,west,valid,13462
30.95,-98.28333,north,west,valid,13463
-28.6,141.15,south,east,valid,13464
59.18333,12.21667,north,east,valid,13465
35.96667,-77.96667,north,west,valid,13466
37.45,-98.41667,north,west,valid,13467
35.33333,-109.5,north,west,valid,13468
32.5,-111.28,north,west,valid,13469
34.5,-102.25,north,west,valid,13470
34.58333,-102.08333,north,west,valid,13471
34.52667,-102.105,north,west,valid,13472
34.44417,-114.8325,north,west,valid,13473
34.04472,-102.79917,north,west,valid,13474
34.8,-118.5,north,west,valid,13475
-19.88333,-69.83333,south,west,valid,13476
37.75,-85.5,north,west,valid,13477
50.96667,13.95,north,east,valid,13478
-83.25,-55.0,south,west,valid,13479
38.5,-99.6,north,west,valid,13480
38.48333,-99.91667,north,west,valid,13481
54.23333,35.15,north,east,valid,13482
39.66667,-100.0,north,west,valid,13483
40.0,-78.85,north,west,valid,13484
33.721,-101.8389,north,west,valid,13485
46.36667,-101.95,north,west,valid,13486
33.17,-101.63833,north,west,valid,13487
34.5,-107.0,north,west,valid,13488
33.11667,-102.11667,north,west,valid,13489
33.11833,-102.11333,north,west,valid,13490
40.62583,-103.84033,north,west,valid,13491
39.8,-84.81667,north,west,valid,13492
35.6,-91.26667,north,west,valid,13493
37.6,-105.83333,north,west,valid,13494
48.0,-97.93333,north,west,valid,13495
-38.85028,-62.87889,south,west,valid,13496
52.83333,13.93333,north,east,valid,13497
-31.08333,138.3,south,east,valid,13498
-31.51667,117.96667,south,east,valid,13499
59.98333,117.58333,north,east,valid,13500
-29.86667,144.21667,south,east,valid,13501
25.7025,-10.78167,north,west,valid,13502
-37.31667,139.85,south,east,valid,13503
39.81667,-100.2,north,west,valid,13504
28.86667,-97.61667,north,west,valid,13505
36.9,-76.3,north,west,valid,13506
51.85,107.91667,north,east,valid,13507
-37.71667,-70.61667,south,west,valid,13508
32.51667,-82.55,north,west,valid,13509
-23.0,-69.0,south,west,valid,13510
-30.03333,129.01667,south,east,valid,13511
-30.5,128.1,south,east,valid,13512
30.33333,-5.83333,north,west,valid,13513
-30.21667,126.21667,south,east,valid,13514
41.0,-8.0,north,west,valid,13515
-30.0,128.91667,south,east,valid,13516
-30.6,127.81667,south,east,valid,13517
-30.76667,128.01667,south,east,valid,13518
42.31667,-72.63333,north,west,valid,13519
39.99167,-98.34167,north,west,valid,13520
30.46667,13.55,north,east,valid,13521
31.5,-4.25,north,west,valid,13522
31.33333,-4.33333,north,west,valid,13523
30.36667,-5.05,north,west,valid,13524
30.9,-3.96667,north,west,valid,13525
32.05,-3.03333,north,west,valid,13526
30.9,-3.98333,north,west,valid,13527
31.11667,-5.18333,north,west,valid,13528
31.83333,-2.93333,north,west,valid,13529
30.808,-5.85583,north,west,valid,13530
28.00083,-9.27,north,west,valid,13531
31.6,-4.38333,north,west,valid,13532
31.5,-4.85,north,west,valid,13533
31.33333,-4.0,north,west,valid,13534
31.38333,-4.25,north,west,valid,13535
30.08333,-5.66667,north,west,valid,13536
29.53333,-3.18333,north,west,valid,13537
21.0,-13.0,north,west,valid,13538
31.7,-3.3,north,west,valid,13539
31.59167,-5.76667,north,west,valid,13540
27.81667,-7.83333,north,west,valid,13541
30.91667,-4.9,north,west,valid,13542
27.96667,-7.95,north,west,valid,13543
27.81667,-7.85,north,west,valid,13544
28.16667,-7.9,north,west,valid,13545
28.2,-7.75,north,west,valid,13546
27.93333,-7.78333,north,west,valid,13547
27.76667,-7.66667,north,west,valid,13548
28.5,-7.9,north,west,valid,13549
28.58333,-7.96667,north,west,valid,13550
28.6,-7.98333,north,west,valid,13551
27.93333,-7.9,north,west,valid,13552
27.73333,-7.85,north,west,valid,13553
27.8,-7.95,north,west,valid,13554
27.91667,-7.5,north,west,valid,13555
28.66667,-7.53333,north,west,valid,13556
28.75,-7.58333,north,west,valid,13557
28.1,-7.51667,north,west,valid,13558
28.23333,-7.88333,north,west,valid,13559
27.85,-7.8,north,west,valid,13560
27.98333,-7.58333,north,west,valid,13561
27.95,-7.83333,north,west,valid,13562
32.31667,-4.06667,north,west,valid,13563
32.26667,-3.46667,north,west,valid,13564
21.6,-16.5,north,west,valid,13565
26.784,-12.8335,north,west,valid,13566
31.36817,-4.01683,north,west,valid,13567
30.31708,-4.94288,north,west,valid,13568
31.98333,-4.18667,north,west,valid,13569
31.975,-4.16667,north,west,valid,13570
31.96833,-4.14667,north,west,valid,13571
31.96,-4.12833,north,west,valid,13572
32.02167,-4.13833,north,west,valid,13573
32.04333,-4.13667,north,west,valid,13574
32.02833,-4.15833,north,west,valid,13575
32.03333,-4.17667,north,west,valid,13576
32.03667,-4.195,north,west,valid,13577
30.66667,-4.98333,north,west,valid,13578
23.6,-5.0,north,west,valid,13579
30.13333,-6.88333,north,west,valid,13580
31.1,-5.18333,north,west,valid,13581
30.45625,-5.48672,north,west,valid,13582
30.51667,-4.3,north,west,valid,13583
30.928,-4.85833,north,west,valid,13584
30.9715,-4.94983,north,west,valid,13585
24.64283,-14.68783,north,west,valid,13586
32.37167,-6.36,north,west,valid,13587
28.002467,-11.131583,north,west,valid,13588
26.01043,-10.33618,north,west,valid,13589
31.15,-4.25,north,west,valid,13590
29.88333,-5.5,north,west,valid,13591
30.23333,-5.86667,north,west,valid,13592
30.6,-5.05,north,west,valid,13593
31.03333,-4.0,north,west,valid,13594
30.33333,-5.75,north,west,valid,13595
30.55,-4.96667,north,west,valid,13596
32.33333,-3.5,north,west,valid,13597
30.61667,-4.11667,north,west,valid,13598
22.2,-13.15,north,west,valid,13599
22.83333,-6.18333,north,west,valid,13600
30.25,-4.41667,north,west,valid,13601
24.13333,-13.16667,north,west,valid,13602
22.94781,-13.38527,north,west,valid,13603
31.56667,-4.51667,north,west,valid,13604
24.77583,-14.56283,north,west,valid,13605
30.63583,-5.08833,north,west,valid,13606
31.7025,-4.96833,north,west,valid,13607
20.34667,-11.83383,north,west,valid,13608
26.56,-11.5555,north,west,valid,13609
26.44933,-11.6935,north,west,valid,13610
26.76667,-12.81667,north,west,valid,13611
29.41667,-5.26667,north,west,valid,13612
31.83333,-3.66667,north,west,valid,13613
31.41667,-4.18333,north,west,valid,13614
31.96667,-4.41667,north,west,valid,13615
30.3,-5.91667,north,west,valid,13616
27.38833,-9.01733,north,west,valid,13617
30.19267,-9.03667,north,west,valid,13618
30.40667,-5.89233,north,west,valid,13619
-39.06667,146.35,south,east,valid,13620
-29.43333,-50.91667,south,west,valid,13621
51.88333,71.25,north,east,valid,13622
55.0,82.9,north,east,valid,13623
27.5,-99.5,north,west,valid,13624
24.26,-102.14083,north,west,valid,13625
-27.83333,123.86667,south,east,valid,13626
-21.86667,120.11667,south,east,valid,13627
-31.0,132.0,south,east,valid,13628
36.29533,-105.04833,north,west,valid,13629
-30.66667,126.4,south,east,valid,13630
-30.45,126.6,south,east,valid,13631
-30.78333,126.45,south,east,valid,13632
-30.49117,126.4625,south,east,valid,13633
-30.46,126.38333,south,east,valid,13634
-30.46867,126.39133,south,east,valid,13635
-30.49083,126.39067,south,east,valid,13636
-30.89617,126.44817,south,east,valid,13637
-29.78,126.45667,south,east,valid,13638
-29.62833,126.32167,south,east,valid,13639
-29.73167,126.23833,south,east,valid,13640
-31.58333,127.7,south,east,valid,13641
42.33333,-113.7,north,west,valid,13642
38.95,-101.01667,north,west,valid,13643
34.22833,-103.35833,north,west,valid,13644
39.8,-100.51667,north,west,valid,13645
52.26667,9.1,north,east,valid,13646
32.83333,-116.06667,north,west,valid,13647
34.13228,-112.70225,north,west,valid,13648
49.31667,31.51667,north,east,valid,13649
31.71667,-102.4,north,west,valid,13650
46.5,30.76667,north,east,valid,13651
32.91217,-101.91867,north,west,valid,13652
41.16667,-101.66667,north,west,valid,13653
-21.98333,16.93333,south,east,valid,13654
26.68333,-80.8,north,west,valid,13655
33.5,-89.0,north,west,valid,13656
34.85958,-116.22113,north,west,valid,13657
-31.16667,127.75,south,east,valid,13658
-31.35,127.51667,south,east,valid,13659
-31.45278,127.8905,south,east,valid,13660
34.46667,-115.23333,north,west,valid,13661
-33.0,121.0,south,east,valid,13662
33.67248,-114.2917,north,west,valid,13663
41.2,-103.68333,north,west,valid,13664
34.16722,-102.13361,north,west,valid,13665
-30.75,131.16667,south,east,valid,13666
-30.99311,131.33253,south,east,valid,13667
-30.98622,131.33211,south,east,valid,13668
-30.62472,131.47064,south,east,valid,13669
-30.65364,131.47389,south,east,valid,13670
-30.657,131.47814,south,east,valid,13671
-30.69047,131.47353,south,east,valid,13672
-30.75806,131.44803,south,east,valid,13673
-30.93383,131.36169,south,east,valid,13674
-30.93417,131.36111,south,east,valid,13675
-30.89344,131.39,south,east,valid,13676
-30.89281,131.39142,south,east,valid,13677
-30.88561,131.38197,south,east,valid,13678
-30.88517,131.38011,south,east,valid,13679
-30.53842,131.25525,south,east,valid,13680
-30.54019,131.25508,south,east,valid,13681
-30.54478,131.25928,south,east,valid,13682
-30.98789,131.34067,south,east,valid,13683
-30.98036,131.34456,south,east,valid,13684
-30.57269,131.48094,south,east,valid,13685
63.16667,137.66667,north,east,valid,13686
-30.54603,131.9705,south,east,valid,13687
49.96667,17.9,north,east,valid,13688
-32.12333,141.07972,south,east,valid,13689
-30.0,25.0,south,east,valid,13690
60.58333,25.58333,north,east,valid,13691
56.0,76.75,north,east,valid,13692
32.37167,-106.25833,north,west,valid,13693
39.68333,-121.63333,north,west,valid,13694
33.63333,-106.38333,north,west,valid,13695
44.07694,-88.56278,north,west,valid,13696
47.63333,-80.08333,north,west,valid,13697
58.58333,13.43333,north,east,valid,13698
-16.5,14.0,south,east,valid,13699
24.18333,-105.03333,north,west,valid,13700
38.53333,-99.05,north,west,valid,13701
35.16667,-105.98333,north,west,valid,13702
24.16667,0.08333,north,east,valid,13703
26.8,13.58333,north,east,valid,13704
28.29583,0.025,north,east,valid,13705
-75.83333,158.2,south,east,valid,13706
30.8,-4.18333,north,west,valid,13707
38.96667,-94.66667,north,west,valid,13708
40.96667,-102.4,north,west,valid,13709
40.75833,-102.375,north,west,valid,13710
37.46667,-118.0,north,west,valid,13711
40.16667,-99.66667,north,west,valid,13712
72.68333,143.53333,north,east,valid,13713
54.9,62.8,north,east,valid,13714
30.73333,-101.3,north,west,valid,13715
44.6125,18.41806,north,east,valid,13716
39.16667,-101.28333,north,west,valid,13717
-34.55,-58.43333,south,west,valid,13718
49.86667,46.61167,north,east,valid,13719
-14.3675,-43.02278,south,west,valid,13720
36.4665,-88.60283,north,west,valid,13721
36.5,-104.5,north,west,valid,13722
34.71457,-114.19142,north,west,valid,13723
34.9,-101.21667,north,west,valid,13724
-23.2,-70.43333,south,west,valid,13725
-23.18333,-70.43333,south,west,valid,13726
-24.16667,-69.83333,south,west,valid,13727
-23.15639,-70.47458,south,west,valid,13728
-23.21406,-70.44756,south,west,valid,13729
-23.26331,-70.45458,south,west,valid,13730
-23.20481,-70.45019,south,west,valid,13731
-23.22139,-70.46394,south,west,valid,13732
-23.21292,-70.45458,south,west,valid,13733
-23.22911,-70.45575,south,west,valid,13734
-23.18819,-70.51653,south,west,valid,13735
-23.27031,-70.45822,south,west,valid,13736
-23.20222,-70.43528,south,west,valid,13737
-23.13606,-70.49194,south,west,valid,13738
-23.16222,-70.43633,south,west,valid,13739
-23.22347,-70.44022,south,west,valid,13740
-23.23017,-70.42219,south,west,valid,13741
-26.68333,-61.08333,south,west,valid,13742
-24.45,-69.57167,south,west,valid,13743
-26.5,-69.5,south,west,valid,13744
35.33333,-101.38333,north,west,valid,13745
-32.04167,126.18333,south,east,valid,13746
-25.14333,-70.32,south,west,valid,13747
-25.0,-70.46667,south,west,valid,13748
-19.86667,-44.61667,south,west,valid,13749
39.11,-100.36167,north,west,valid,13750
43.8,-117.0,north,west,valid,13751
-18.58333,-46.53333,south,west,valid,13752
32.5,-102.03333,north,west,valid,13753
-80.28555,-81.81348,south,west,valid,13754
-85.07424,-64.46576,south,west,valid,13755
-84.71667,-64.5,south,west,valid,13756
-84.78978,-62.2733,south,west,valid,13757
-84.96584,-67.50881,south,west,valid,13758
-84.96515,-67.48303,south,west,valid,13759
-84.96347,-67.5315,south,west,valid,13760
-84.71981,-62.46436,south,west,valid,13761
-84.96005,-67.58217,south,west,valid,13762
-84.96612,-67.50071,south,west,valid,13763
-85.09565,-65.43677,south,west,valid,13764
-84.96811,-67.46166,south,west,valid,13765
-84.96146,-67.51771,south,west,valid,13766
-84.96241,-67.57757,south,west,valid,13767
-84.9617,-67.50455,south,west,valid,13768
-84.96585,-67.52201,south,west,valid,13769
-84.96352,-67.52507,south,west,valid,13770
-84.96438,-67.49231,south,west,valid,13771
-84.95909,-67.57309,south,west,valid,13772
-84.96509,-67.44501,south,west,valid,13773
-84.96754,-67.45964,south,west,valid,13774
-84.96163,-67.45795,south,west,valid,13775
-84.96828,-67.4163,south,west,valid,13776
-84.96778,-67.44574,south,west,valid,13777
-84.96747,-67.48559,south,west,valid,13778
-84.96759,-67.45956,south,west,valid,13779
-84.79042,-62.25241,south,west,valid,13780
-84.96187,-67.54243,south,west,valid,13781
-84.96349,-67.51533,south,west,valid,13782
-84.962,-67.54447,south,west,valid,13783
-84.58538,-61.80954,south,west,valid,13784
-84.96249,-67.54042,south,west,valid,13785
-84.96909,-67.47444,south,west,valid,13786
-84.45438,-62.84104,south,west,valid,13787
-84.6434,-61.49788,south,west,valid,13788
-84.96184,-67.57967,south,west,valid,13789
-84.96255,-67.54226,south,west,valid,13790
-84.7802,-62.20491,south,west,valid,13791
-84.96407,-67.50322,south,west,valid,13792
-84.75515,-62.52034,south,west,valid,13793
-84.58396,-61.81861,south,west,valid,13794
-84.55657,-61.99592,south,west,valid,13795
-84.7916,-61.88361,south,west,valid,13796
-84.58367,-61.81806,south,west,valid,13797
-84.52961,-62.37571,south,west,valid,13798
-84.54691,-62.28766,south,west,valid,13799
-84.57525,-62.14942,south,west,valid,13800
-84.58396,-61.81693,south,west,valid,13801
-84.55914,-62.04472,south,west,valid,13802
-84.58367,-61.81949,south,west,valid,13803
-84.96321,-67.53917,south,west,valid,13804
-84.56833,-61.73123,south,west,valid,13805
-84.58523,-61.8084,south,west,valid,13806
34.0,-84.8,north,west,valid,13807
51.16667,77.33333,north,east,valid,13808
33.18667,-114.91783,north,west,valid,13809
34.23333,-111.4,north,west,valid,13810
32.0,-102.0,north,west,valid,13811
-85.6661,-69.04142,south,west,valid,13812
-85.6668,-69.04028,south,west,valid,13813
-85.68527,-68.80617,south,west,valid,13814
-85.68432,-68.79237,south,west,valid,13815
-85.68425,-68.79143,south,west,valid,13816
-85.68352,-68.80075,south,west,valid,13817
-85.6842,-68.80223,south,west,valid,13818
-85.68527,-68.77355,south,west,valid,13819
-85.6841,-68.807,south,west,valid,13820
-85.68623,-68.81845,south,west,valid,13821
-85.675,-68.802,south,west,valid,13822
-85.69,-68.83967,south,west,valid,13823
-85.68755,-68.8922,south,west,valid,13824
-85.68735,-68.88643,south,west,valid,13825
-85.68692,-68.9515,south,west,valid,13826
-85.69185,-68.95683,south,west,valid,13827
-85.69268,-68.97183,south,west,valid,13828
-85.68397,-68.86203,south,west,valid,13829
-85.68555,-68.79682,south,west,valid,13830
-85.68567,-68.79067,south,west,valid,13831
-85.673,-68.71758,south,west,valid,13832
-85.6755,-68.60183,south,west,valid,13833
-85.65317,-68.60317,south,west,valid,13834
-85.65283,-68.60717,south,west,valid,13835
-85.66953,-68.50912,south,west,valid,13836
-85.65205,-68.56933,south,west,valid,13837
-85.65187,-68.64183,south,west,valid,13838
-85.65233,-68.564,south,west,valid,13839
-85.65628,-68.63613,south,west,valid,13840
-85.65432,-68.57205,south,west,valid,13841
-85.65352,-68.65107,south,west,valid,13842
-85.65555,-68.65638,south,west,valid,13843
-85.65507,-68.66553,south,west,valid,13844
-85.68493,-68.82632,south,west,valid,13845
-85.63333,-68.7,south,west,valid,13846
-85.68566,-68.80758,south,west,valid,13847
-18.33333,-66.83333,south,west,valid,13848
-85.65764,-68.6496,south,west,valid,13849
-85.67925,-68.72432,south,west,valid,13850
-85.61621,-68.5873,south,west,valid,13851
-85.69109,-67.71308,south,west,valid,13852
-85.68658,-67.77839,south,west,valid,13853
-85.66214,-68.35,south,west,valid,13854
-85.67402,-68.1909,south,west,valid,13855
-85.68483,-67.89601,south,west,valid,13856
-85.65889,-68.59149,south,west,valid,13857
-85.60346,-68.4513,south,west,valid,13858
-85.66221,-68.28333,south,west,valid,13859
-85.66039,-68.4373,south,west,valid,13860
-85.67032,-68.2364,south,west,valid,13861
-85.65018,-68.62194,south,west,valid,13862
-85.65824,-68.59389,south,west,valid,13863
-85.67975,-68.72431,south,west,valid,13864
-85.67975,-68.72444,south,west,valid,13865
-85.65474,-68.61632,south,west,valid,13866
-85.66809,-68.25,south,west,valid,13867
-85.66909,-68.15,south,west,valid,13868
-85.67867,-68.72141,south,west,valid,13869
-85.68251,-68.20314,south,west,valid,13870
-85.66706,-67.88631,south,west,valid,13871
-85.67799,-69.0501,south,west,valid,13872
-85.68954,-68.95351,south,west,valid,13873
-85.67669,-69.05597,south,west,valid,13874
-85.69725,-67.67402,south,west,valid,13875
-85.68159,-68.77815,south,west,valid,13876
-85.67782,-69.07762,south,west,valid,13877
-85.6882,-68.33784,south,west,valid,13878
-85.68838,-68.34058,south,west,valid,13879
-85.67367,-69.02959,south,west,valid,13880
-85.66741,-69.00537,south,west,valid,13881
-85.67292,-68.98064,south,west,valid,13882
-85.67252,-68.97649,south,west,valid,13883
-85.67455,-69.00718,south,west,valid,13884
-85.68834,-68.33712,south,west,valid,13885
-85.68836,-68.34063,south,west,valid,13886
-85.6884,-68.34108,south,west,valid,13887
-85.66871,-69.05194,south,west,valid,13888
-85.53899,-70.71877,south,west,valid,13889
-85.68853,-68.33784,south,west,valid,13890
-85.68836,-68.34038,south,west,valid,13891
-85.68155,-68.4221,south,west,valid,13892
-85.68969,-68.57879,south,west,valid,13893
-85.60151,-68.46095,south,west,valid,13894
-85.65518,-68.86379,south,west,valid,13895
-85.69602,-68.99328,south,west,valid,13896
-85.67981,-68.69615,south,west,valid,13897
-85.68565,-68.9372,south,west,valid,13898
-85.68501,-68.76003,south,west,valid,13899
-85.69123,-69.05888,south,west,valid,13900
-85.67545,-68.40593,south,west,valid,13901
-85.68851,-69.01713,south,west,valid,13902
-85.57644,-68.53658,south,west,valid,13903
-85.68666,-68.71251,south,west,valid,13904
-85.68694,-68.77006,south,west,valid,13905
-85.68277,-68.84151,south,west,valid,13906
-85.67764,-69.06243,south,west,valid,13907
-85.66692,-68.14338,south,west,valid,13908
-85.57038,-68.48992,south,west,valid,13909
-85.56014,-68.35152,south,west,valid,13910
-85.68773,-68.90424,south,west,valid,13911
-85.69281,-69.06862,south,west,valid,13912
-85.57619,-68.52579,south,west,valid,13913
-85.66054,-68.35222,south,west,valid,13914
-85.61264,-68.21796,south,west,valid,13915
-85.69911,-68.96782,south,west,valid,13916
-85.68255,-68.745,south,west,valid,13917
-85.6946,-68.64606,south,west,valid,13918
-85.67735,-69.03926,south,west,valid,13919
-85.66256,-68.32276,south,west,valid,13920
-85.68357,-68.85525,south,west,valid,13921
-85.67655,-68.69519,south,west,valid,13922
-85.67853,-69.05517,south,west,valid,13923
-85.68265,-68.74337,south,west,valid,13924
-85.69288,-67.6487,south,west,valid,13925
-85.67694,-69.05946,south,west,valid,13926
-85.68235,-68.76527,south,west,valid,13927
-85.69303,-68.52676,south,west,valid,13928
-85.69199,-68.95795,south,west,valid,13929
-85.68787,-68.90658,south,west,valid,13930
-85.56735,-68.45281,south,west,valid,13931
-85.68186,-68.77367,south,west,valid,13932
-85.69115,-68.9619,south,west,valid,13933
-85.68025,-68.66945,south,west,valid,13934
-85.6811,-68.08675,south,west,valid,13935
-85.68577,-68.88239,south,west,valid,13936
-85.67881,-69.06659,south,west,valid,13937
-85.68258,-68.84262,south,west,valid,13938
-85.69629,-69.07182,south,west,valid,13939
-85.67956,-68.7454,south,west,valid,13940
-85.68378,-68.82427,south,west,valid,13941
-85.68006,-68.68107,south,west,valid,13942
-85.68134,-68.8249,south,west,valid,13943
-85.63524,-68.49896,south,west,valid,13944
-85.68144,-68.82871,south,west,valid,13945
-85.67649,-69.08277,south,west,valid,13946
-85.65094,-69.081,south,west,valid,13947
-85.66101,-69.02824,south,west,valid,13948
-85.68831,-68.34107,south,west,valid,13949
-85.65798,-69.03397,south,west,valid,13950
-85.68778,-68.35081,south,west,valid,13951
-85.66117,-68.66506,south,west,valid,13952
-85.65935,-69.0557,south,west,valid,13953
-85.65653,-69.02283,south,west,valid,13954
-85.65843,-69.09084,south,west,valid,13955
-85.65769,-69.06756,south,west,valid,13956
-85.68825,-68.34009,south,west,valid,13957
-85.68798,-68.34962,south,west,valid,13958
-85.65587,-69.0411,south,west,valid,13959
-85.65425,-69.09047,south,west,valid,13960
-85.68766,-68.37116,south,west,valid,13961
-85.64965,-69.07667,south,west,valid,13962
-85.68087,-68.37509,south,west,valid,13963
-85.59158,-68.52108,south,west,valid,13964
-85.6749,-68.27367,south,west,valid,13965
-85.57312,-68.46796,south,west,valid,13966
-85.56759,-68.43408,south,west,valid,13967
-85.68523,-67.77657,south,west,valid,13968
-85.66261,-68.44175,south,west,valid,13969
-85.6558,-68.18839,south,west,valid,13970
-85.58663,-68.58813,south,west,valid,13971
-85.65926,-68.19603,south,west,valid,13972
-85.59235,-68.56948,south,west,valid,13973
-85.66182,-68.62978,south,west,valid,13974
-85.55774,-68.33002,south,west,valid,13975
-85.65461,-68.57513,south,west,valid,13976
-85.67043,-68.33984,south,west,valid,13977
-85.67144,-68.4219,south,west,valid,13978
-85.66112,-68.34976,south,west,valid,13979
-85.66479,-68.52125,south,west,valid,13980
-85.67267,-68.54644,south,west,valid,13981
-85.66181,-68.16069,south,west,valid,13982
-85.66496,-68.58659,south,west,valid,13983
-85.5678,-68.43751,south,west,valid,13984
-85.68828,-67.73215,south,west,valid,13985
-85.68392,-67.74303,south,west,valid,13986
-85.65925,-68.19603,south,west,valid,13987
-85.56341,-68.37618,south,west,valid,13988
-85.6628,-68.66071,south,west,valid,13989
-85.66018,-68.53737,south,west,valid,13990
-85.65641,-68.30689,south,west,valid,13991
-85.68404,-68.87777,south,west,valid,13992
-85.67711,-69.053,south,west,valid,13993
-85.67037,-68.98431,south,west,valid,13994
-85.6669,-68.69184,south,west,valid,13995
-85.68623,-68.93952,south,west,valid,13996
-85.67651,-69.03395,south,west,valid,13997
-85.67694,-69.05965,south,west,valid,13998
-85.67646,-69.0354,south,west,valid,13999
-85.67698,-69.0521,south,west,valid,14000
-85.67693,-69.04531,south,west,valid,14001
-85.67881,-69.06762,south,west,valid,14002
-85.67696,-69.06041,south,west,valid,14003
-85.66704,-69.01564,south,west,valid,14004
-85.68208,-68.82332,south,west,valid,14005
-85.67809,-69.05486,south,west,valid,14006
-85.67645,-69.05236,south,west,valid,14007
-85.67195,-69.00021,south,west,valid,14008
-85.67814,-69.05953,south,west,valid,14009
-85.67317,-68.67519,south,west,valid,14010
-85.67657,-69.03003,south,west,valid,14011
-85.67355,-68.99614,south,west,valid,14012
-85.67858,-69.06277,south,west,valid,14013
-85.6828,-68.7806,south,west,valid,14014
-85.6762,-69.03281,south,west,valid,14015
-85.66681,-69.02116,south,west,valid,14016
-85.68302,-68.77736,south,west,valid,14017
-85.68646,-69.01476,south,west,valid,14018
-85.67789,-69.06038,south,west,valid,14019
-85.66799,-68.65075,south,west,valid,14020
-85.67687,-69.06133,south,west,valid,14021
-85.67693,-69.0587,south,west,valid,14022
-85.67653,-69.03224,south,west,valid,14023
-85.67713,-69.0493,south,west,valid,14024
-85.66088,-68.69819,south,west,valid,14025
-85.67891,-69.0595,south,west,valid,14026
-85.68627,-68.93891,south,west,valid,14027
-85.67399,-68.65725,south,west,valid,14028
-85.66216,-68.68403,south,west,valid,14029
-85.68234,-68.82991,south,west,valid,14030
-85.67746,-69.04883,south,west,valid,14031
-85.66165,-68.68282,south,west,valid,14032
-85.67624,-69.04787,south,west,valid,14033
-85.67854,-69.06433,south,west,valid,14034
-85.67812,-69.05846,south,west,valid,14035
-85.68043,-68.29586,south,west,valid,14036
-85.68183,-68.70539,south,west,valid,14037
-85.67389,-68.60118,south,west,valid,14038
-85.68497,-67.53987,south,west,valid,14039
-85.67555,-68.62278,south,west,valid,14040
-85.68132,-68.77053,south,west,valid,14041
-85.6745,-68.29674,south,west,valid,14042
-85.68782,-67.72854,south,west,valid,14043
-85.68266,-68.32954,south,west,valid,14044
-85.67738,-68.67116,south,west,valid,14045
-85.68193,-68.70424,south,west,valid,14046
-85.68028,-68.72284,south,west,valid,14047
-85.68345,-68.5168,south,west,valid,14048
-85.68706,-68.37847,south,west,valid,14049
-85.67932,-68.60506,south,west,valid,14050
-85.69727,-67.6137,south,west,valid,14051
-85.67974,-68.7224,south,west,valid,14052
-85.68164,-68.74195,south,west,valid,14053
-85.67248,-68.23092,south,west,valid,14054
-85.68702,-67.77661,south,west,valid,14055
-85.68077,-68.71315,south,west,valid,14056
-85.67661,-68.6314,south,west,valid,14057
-85.68018,-68.71329,south,west,valid,14058
-85.67646,-68.65228,south,west,valid,14059
-85.68027,-68.75423,south,west,valid,14060
-85.68437,-68.33207,south,west,valid,14061
-85.67794,-68.77859,south,west,valid,14062
-85.68144,-68.77936,south,west,valid,14063
-85.68153,-68.71682,south,west,valid,14064
-85.67594,-68.61062,south,west,valid,14065
-85.67781,-68.77884,south,west,valid,14066
-85.68086,-68.77451,south,west,valid,14067
-85.68555,-68.44243,south,west,valid,14068
-85.67974,-68.58997,south,west,valid,14069
-85.6778,-68.6617,south,west,valid,14070
-85.68323,-68.73928,south,west,valid,14071
-85.67801,-68.70831,south,west,valid,14072
-85.68795,-68.83073,south,west,valid,14073
-85.68622,-68.78279,south,west,valid,14074
-85.67972,-68.70106,south,west,valid,14075
-85.68554,-68.78366,south,west,valid,14076
-85.68497,-68.76222,south,west,valid,14077
-85.67258,-68.71682,south,west,valid,14078
-85.67656,-68.69178,south,west,valid,14079
-85.67652,-68.69715,south,west,valid,14080
-85.67545,-68.71658,south,west,valid,14081
-85.68518,-68.79625,south,west,valid,14082
-85.68528,-68.79137,south,west,valid,14083
-85.67496,-68.74428,south,west,valid,14084
-85.6743,-68.74552,south,west,valid,14085
-85.67968,-68.73714,south,west,valid,14086
-85.68027,-68.75903,south,west,valid,14087
-85.6803,-68.75704,south,west,valid,14088
-85.67498,-68.72478,south,west,valid,14089
-85.66427,-68.12523,south,west,valid,14090
-85.68159,-68.22718,south,west,valid,14091
-85.66194,-68.16816,south,west,valid,14092
-85.56546,-68.44305,south,west,valid,14093
-85.68353,-68.17794,south,west,valid,14094
-85.31547,-69.79681,south,west,valid,14095
-85.5768,-68.52665,south,west,valid,14096
-85.67709,-68.28907,south,west,valid,14097
-85.65932,-68.10165,south,west,valid,14098
-85.56659,-68.42572,south,west,valid,14099
-85.65939,-68.10003,south,west,valid,14100
-85.6575,-68.04776,south,west,valid,14101
-85.57651,-68.5291,south,west,valid,14102
-85.6863,-68.82337,south,west,valid,14103
-85.66624,-68.22216,south,west,valid,14104
-85.67758,-68.71822,south,west,valid,14105
-85.68029,-68.75661,south,west,valid,14106
-85.66975,-68.71588,south,west,valid,14107
-85.32312,-69.96451,south,west,valid,14108
-85.67026,-68.7155,south,west,valid,14109
-85.68534,-68.78964,south,west,valid,14110
-85.67494,-68.69065,south,west,valid,14111
-85.57306,-68.49805,south,west,valid,14112
-85.32119,-69.86116,south,west,valid,14113
-85.65823,-68.5966,south,west,valid,14114
-85.6648,-68.59069,south,west,valid,14115
-85.67922,-68.27649,south,west,valid,14116
-85.66787,-68.25751,south,west,valid,14117
-85.66348,-68.37096,south,west,valid,14118
-85.59112,-68.52967,south,west,valid,14119
-85.56474,-68.42532,south,west,valid,14120
-85.68214,-68.35661,south,west,valid,14121
-85.57393,-68.48493,south,west,valid,14122
-85.56642,-68.43619,south,west,valid,14123
-85.69357,-67.63729,south,west,valid,14124
-85.69089,-69.03401,south,west,valid,14125
-85.66805,-68.69353,south,west,valid,14126
-85.68216,-68.79709,south,west,valid,14127
-85.68156,-68.81937,south,west,valid,14128
-85.69699,-68.85339,south,west,valid,14129
-85.68896,-69.01215,south,west,valid,14130
-85.68273,-68.831,south,west,valid,14131
-85.69012,-69.09783,south,west,valid,14132
-85.67723,-68.70121,south,west,valid,14133
-85.68102,-68.76888,south,west,valid,14134
-85.69208,-67.64826,south,west,valid,14135
-85.67879,-68.73738,south,west,valid,14136
-85.66916,-68.71352,south,west,valid,14137
-85.69085,-68.96112,south,west,valid,14138
-85.68835,-68.90241,south,west,valid,14139
-85.6899,-69.02339,south,west,valid,14140
-85.68093,-68.7926,south,west,valid,14141
-85.68121,-68.79541,south,west,valid,14142
-85.67391,-68.75142,south,west,valid,14143
-85.69035,-68.94305,south,west,valid,14144
-85.68398,-68.77181,south,west,valid,14145
-85.68304,-68.79255,south,west,valid,14146
-85.68849,-67.71507,south,west,valid,14147
-85.67848,-68.2535,south,west,valid,14148
-85.68851,-68.89082,south,west,valid,14149
-85.6845,-68.81578,south,west,valid,14150
-85.691,-68.96836,south,west,valid,14151
-85.68783,-68.92775,south,west,valid,14152
-85.66929,-68.07831,south,west,valid,14153
-85.69024,-69.09646,south,west,valid,14154
-85.67946,-68.26503,south,west,valid,14155
-85.69364,-67.61795,south,west,valid,14156
-85.68999,-68.91822,south,west,valid,14157
-85.67451,-68.02475,south,west,valid,14158
-85.6988,-68.82036,south,west,valid,14159
-85.68074,-68.76914,south,west,valid,14160
-85.66882,-68.10949,south,west,valid,14161
-85.6899,-68.94321,south,west,valid,14162
-85.67505,-68.69331,south,west,valid,14163
-85.67923,-68.74367,south,west,valid,14164
-85.67658,-69.07235,south,west,valid,14165
-85.68684,-68.91178,south,west,valid,14166
-85.68079,-68.73696,south,west,valid,14167
-85.68245,-68.74539,south,west,valid,14168
-85.67879,-69.06829,south,west,valid,14169
-85.68182,-68.83396,south,west,valid,14170
-85.67566,-69.06349,south,west,valid,14171
-85.67864,-69.07062,south,west,valid,14172
-85.67938,-68.74356,south,west,valid,14173
-85.67812,-69.07335,south,west,valid,14174
-85.67662,-69.06894,south,west,valid,14175
-85.6763,-69.08507,south,west,valid,14176
-85.68258,-68.82106,south,west,valid,14177
-85.6727,-68.98124,south,west,valid,14178
-85.67671,-69.0633,south,west,valid,14179
-85.67838,-69.07178,south,west,valid,14180
-85.67437,-68.98393,south,west,valid,14181
-85.67909,-69.07656,south,west,valid,14182
-85.68174,-68.75488,south,west,valid,14183
-85.67993,-68.75044,south,west,valid,14184
-85.67811,-69.0677,south,west,valid,14185
-85.67872,-69.07009,south,west,valid,14186
-85.6767,-69.08265,south,west,valid,14187
-85.67923,-68.74265,south,west,valid,14188
-85.6819,-68.76504,south,west,valid,14189
-85.67856,-69.06969,south,west,valid,14190
-85.6767,-69.08035,south,west,valid,14191
-85.68161,-68.7891,south,west,valid,14192
-85.67792,-69.06472,south,west,valid,14193
-85.67845,-69.06783,south,west,valid,14194
-85.67442,-68.97933,south,west,valid,14195
-85.68292,-68.82981,south,west,valid,14196
-85.67985,-68.75014,south,west,valid,14197
-85.67852,-69.06646,south,west,valid,14198
-85.67706,-69.0804,south,west,valid,14199
-85.67691,-69.06912,south,west,valid,14200
-85.67633,-69.08425,south,west,valid,14201
-85.67781,-69.06499,south,west,valid,14202
-85.67838,-69.06468,south,west,valid,14203
-85.68217,-68.75794,south,west,valid,14204
-85.6815,-68.80952,south,west,valid,14205
-85.67872,-69.06797,south,west,valid,14206
-85.67711,-69.07393,south,west,valid,14207
-85.68201,-68.74666,south,west,valid,14208
-85.67734,-69.06165,south,west,valid,14209
-85.67554,-68.73924,south,west,valid,14210
-85.67467,-69.08776,south,west,valid,14211
-85.67839,-69.06841,south,west,valid,14212
-85.67736,-69.06034,south,west,valid,14213
-85.67623,-69.08566,south,west,valid,14214
-85.67808,-69.06362,south,west,valid,14215
-85.67808,-69.07012,south,west,valid,14216
-85.66043,-69.04611,south,west,valid,14217
-85.6578,-69.04448,south,west,valid,14218
-85.68836,-68.33928,south,west,valid,14219
-85.6881,-68.35014,south,west,valid,14220
-85.69913,-68.96201,south,west,valid,14221
-85.65818,-69.02361,south,west,valid,14222
-85.69784,-69.00393,south,west,valid,14223
-85.69922,-68.96758,south,west,valid,14224
-85.68809,-68.35024,south,west,valid,14225
-85.68822,-68.34139,south,west,valid,14226
-85.65905,-69.05721,south,west,valid,14227
-85.68066,-68.35374,south,west,valid,14228
-85.69004,-69.09557,south,west,valid,14229
-85.69737,-68.72953,south,west,valid,14230
-85.69471,-69.0752,south,west,valid,14231
-85.68602,-68.92607,south,west,valid,14232
-85.68767,-69.02217,south,west,valid,14233
-85.69914,-68.9618,south,west,valid,14234
-85.66605,-68.54123,south,west,valid,14235
-85.69049,-69.02725,south,west,valid,14236
-85.68586,-68.94273,south,west,valid,14237
-85.68994,-69.09884,south,west,valid,14238
-85.6927,-69.01495,south,west,valid,14239
-85.68828,-68.3393,south,west,valid,14240
-85.68838,-68.33979,south,west,valid,14241
-85.68789,-69.05137,south,west,valid,14242
-85.68994,-68.91388,south,west,valid,14243
-85.68764,-68.36274,south,west,valid,14244
-85.64599,-69.05071,south,west,valid,14245
-85.68779,-68.34962,south,west,valid,14246
-85.67376,-68.73391,south,west,valid,14247
-85.67129,-68.7591,south,west,valid,14248
-85.69895,-68.96915,south,west,valid,14249
-85.69224,-69.05878,south,west,valid,14250
-85.69992,-68.47189,south,west,valid,14251
-85.58234,-68.39884,south,west,valid,14252
-85.69266,-69.0141,south,west,valid,14253
-85.67069,-68.62513,south,west,valid,14254
-85.69187,-69.08121,south,west,valid,14255
-85.69465,-69.07431,south,west,valid,14256
-85.69061,-69.09422,south,west,valid,14257
-85.69025,-69.09803,south,west,valid,14258
-85.69865,-68.82044,south,west,valid,14259
-85.68991,-68.84543,south,west,valid,14260
-85.68834,-68.33969,south,west,valid,14261
-85.68832,-68.34102,south,west,valid,14262
-85.70003,-68.54934,south,west,valid,14263
-85.69516,-69.01524,south,west,valid,14264
-85.69025,-68.94491,south,west,valid,14265
-85.70188,-68.51262,south,west,valid,14266
-85.69048,-68.91223,south,west,valid,14267
-85.69023,-69.0905,south,west,valid,14268
-85.69321,-69.0472,south,west,valid,14269
-85.68839,-68.34103,south,west,valid,14270
-85.68977,-68.94836,south,west,valid,14271
-85.6932,-69.02152,south,west,valid,14272
-85.69055,-69.09059,south,west,valid,14273
-85.68776,-68.90476,south,west,valid,14274
-85.68684,-68.95035,south,west,valid,14275
-85.69376,-69.09772,south,west,valid,14276
-85.69206,-69.08598,south,west,valid,14277
-85.68768,-68.36234,south,west,valid,14278
-85.68291,-68.52591,south,west,valid,14279
-85.68693,-68.37471,south,west,valid,14280
-85.69246,-69.01361,south,west,valid,14281
-85.69088,-68.52405,south,west,valid,14282
-85.69246,-69.09583,south,west,valid,14283
-85.69009,-69.09991,south,west,valid,14284
-85.65111,-68.58767,south,west,valid,14285
-85.67015,-68.40572,south,west,valid,14286
-85.68217,-68.2347,south,west,valid,14287
-85.67654,-69.03311,south,west,valid,14288
-85.67609,-69.03787,south,west,valid,14289
-85.68261,-68.79651,south,west,valid,14290
-85.678,-69.06126,south,west,valid,14291
-85.65804,-68.63396,south,west,valid,14292
-85.67131,-67.92851,south,west,valid,14293
-85.67856,-69.05905,south,west,valid,14294
-85.66111,-68.35643,south,west,valid,14295
-85.65807,-68.17227,south,west,valid,14296
-85.65992,-68.4523,south,west,valid,14297
-85.66861,-68.06133,south,west,valid,14298
-85.65107,-68.60045,south,west,valid,14299
-85.67874,-69.06662,south,west,valid,14300
-85.65917,-68.16706,south,west,valid,14301
-85.6771,-69.04709,south,west,valid,14302
-85.66132,-68.33267,south,west,valid,14303
-85.67621,-69.0336,south,west,valid,14304
-85.67642,-69.03719,south,west,valid,14305
-85.65116,-68.58636,south,west,valid,14306
-85.66126,-68.11959,south,west,valid,14307
-85.68203,-68.17912,south,west,valid,14308
-85.66528,-68.68308,south,west,valid,14309
-85.67238,-68.22148,south,west,valid,14310
-85.66673,-68.28574,south,west,valid,14311
-85.59803,-68.37022,south,west,valid,14312
-85.67676,-69.04928,south,west,valid,14313
-85.67847,-69.0604,south,west,valid,14314
-85.67876,-69.05982,south,west,valid,14315
-85.66251,-68.54666,south,west,valid,14316
-85.65685,-68.5441,south,west,valid,14317
-85.67713,-68.26602,south,west,valid,14318
-85.67866,-69.06528,south,west,valid,14319
-85.67787,-69.05071,south,west,valid,14320
-85.66443,-68.32525,south,west,valid,14321
-85.6698,-68.46076,south,west,valid,14322
-85.66561,-68.30703,south,west,valid,14323
-85.65045,-68.66452,south,west,valid,14324
-85.65128,-68.61946,south,west,valid,14325
-85.67866,-69.06104,south,west,valid,14326
-85.65753,-68.60027,south,west,valid,14327
-85.65535,-68.57543,south,west,valid,14328
-85.65847,-68.23216,south,west,valid,14329
-85.67866,-69.06014,south,west,valid,14330
-85.55819,-68.31586,south,west,valid,14331
-85.66084,-68.23017,south,west,valid,14332
-85.65355,-68.60229,south,west,valid,14333
-85.65141,-68.61913,south,west,valid,14334
-85.67863,-69.06128,south,west,valid,14335
-85.65606,-68.48118,south,west,valid,14336
-85.61578,-68.58282,south,west,valid,14337
-85.69314,-69.04703,south,west,valid,14338
30.33333,-98.95,north,west,valid,14339
40.95,-103.08333,north,west,valid,14340
34.7,117.0,north,east,valid,14341
33.66667,-108.1,north,west,valid,14342
-29.11667,122.08333,south,east,valid,14343
39.35,-99.91667,north,west,valid,14344
48.85,-64.43333,north,west,valid,14345
33.73,-102.57667,north,west,valid,14346
36.35333,-100.73167,north,west,valid,14347
37.73333,-89.85,north,west,valid,14348
35.05,-84.23333,north,west,valid,14349
48.2,43.73333,north,east,valid,14350
53.35,87.18333,north,east,valid,14351
-34.78333,144.66667,south,east,valid,14352
40.45,-102.38333,north,west,valid,14353
20.13333,75.5,north,east,valid,14354
33.2,-105.0,north,west,valid,14355
34.5,-84.5,north,west,valid,14356
-18.94167,-44.98333,south,west,valid,14357
37.86667,-100.66667,north,west,valid,14358
-35.90667,141.855,south,east,valid,14359
32.2,-111.0,north,west,valid,14360
41.18333,-104.06667,north,west,valid,14361
-30.41667,138.0,south,east,valid,14362
44.21667,-89.1,north,west,valid,14363
-33.58316,118.65662,south,east,valid,14364
-35.38333,140.91667,south,east,valid,14365
32.66667,-105.1,north,west,valid,14366
34.0,-115.78333,north,west,valid,14367
29.68333,-98.91667,north,west,valid,14368
-17.3,-45.0,south,west,valid,14369
40.43333,-80.0,north,west,valid,14370
-26.26167,120.73333,south,east,valid,14371
33.28333,-102.76667,north,west,valid,14372
33.26667,-102.9,north,west,valid,14373
34.11667,-101.78333,north,west,valid,14374
34.125,-101.75667,north,west,valid,14375
34.1875,-101.70417,north,west,valid,14376
34.18513,-101.70558,north,west,valid,14377
48.66667,-4.05,north,west,valid,14378
28.01667,0.3,north,east,valid,14379
28.29767,0.6665,north,east,valid,14380
28.29833,0.66667,north,east,valid,14381
28.3,0.5,north,east,valid,14382
27.89167,0.21667,north,east,valid,14383
27.37033,0.70617,north,east,valid,14384
38.18333,-94.71667,north,west,valid,14385
41.33333,-86.31667,north,west,valid,14386
50.90333,21.54983,north,east,valid,14387
49.66883,42.8325,north,east,valid,14388
-25.78333,137.93333,south,east,valid,14389
20.537,9.53783,north,east,valid,14390
38.17,-110.36667,north,west,valid,14391
52.1,79.7,north,east,valid,14392
62.2,54.16667,north,east,valid,14393
31.66333,-99.95,north,west,valid,14394
-29.83167,136.85867,south,east,valid,14395
-27.76667,137.85,south,east,valid,14396
34.06667,-103.5,north,west,valid,14397
34.1,-103.41667,north,west,valid,14398
39.56667,-98.68333,north,west,valid,14399
-30.03306,-51.23,south,west,valid,14400
33.11667,-101.38333,north,west,valid,14401
41.23333,-103.3,north,west,valid,14402
34.68222,-114.33046,north,west,valid,14403
34.7049,-114.34572,north,west,valid,14404
38.66667,-82.78333,north,west,valid,14405
39.63333,-100.5,north,west,valid,14406
-7.56667,110.83333,south,east,valid,14407
-30.46667,125.46667,south,east,valid,14408
-30.68833,125.51333,south,east,valid,14409
53.7,79.5,north,east,valid,14410
35.66667,-115.36667,north,west,valid,14411
-29.35,121.76667,south,east,valid,14412
38.56667,-85.23333,north,west,valid,14413
27.86667,-101.5,north,west,valid,14414
34.4,-106.85,north,west,valid,14415
-28.88333,-66.66667,south,west,valid,14416
29.9,-112.68333,north,west,valid,14417
-27.15,-69.91667,south,west,valid,14418
-77.33333,162.3,south,east,valid,14419
29.5,-98.05,north,west,valid,14420
33.25,-83.25,north,west,valid,14421
21.37015,57.7291,north,east,valid,14422
33.24333,9.86638,north,east,valid,14423
43.75,92.91667,north,east,valid,14424
25.15,25.58333,north,east,valid,14425
37.2,-116.7,north,west,valid,14426
33.68085,-114.1958,north,west,valid,14427
30.28306,3.62,north,east,valid,14428
-84.0,168.0,south,east,valid,14429
-84.60358,162.45587,south,east,valid,14430
-84.41065,163.75571,south,east,valid,14431
-84.41511,163.67432,south,east,valid,14432
-84.59784,162.25299,south,east,valid,14433
-84.59622,162.33977,south,east,valid,14434
-84.59633,162.32288,south,east,valid,14435
-84.59301,162.78483,south,east,valid,14436
-84.6109,162.14203,south,east,valid,14437
-84.59612,162.30508,south,east,valid,14438
-84.5958,162.33756,south,east,valid,14439
-84.59951,162.2393,south,east,valid,14440
-84.5978,162.40027,south,east,valid,14441
-84.59508,162.34795,south,east,valid,14442
-84.60576,162.17359,south,east,valid,14443
-84.58632,162.61342,south,east,valid,14444
-84.58632,162.61005,south,east,valid,14445
-84.586,162.61564,south,east,valid,14446
-84.60076,162.2245,south,east,valid,14447
-84.6067,162.16708,south,east,valid,14448
-84.60051,162.22791,south,east,valid,14449
-84.59503,162.3199,south,east,valid,14450
-84.61017,162.15388,south,east,valid,14451
-84.61116,162.14566,south,east,valid,14452
-84.59192,162.79943,south,east,valid,14453
-84.59651,162.39579,south,east,valid,14454
-84.59487,162.82712,south,east,valid,14455
-84.59969,162.50348,south,east,valid,14456
-84.60579,162.15894,south,east,valid,14457
-84.60102,162.22281,south,east,valid,14458
-84.61429,162.12224,south,east,valid,14459
-84.59617,162.28531,south,east,valid,14460
-84.6021,162.47924,south,east,valid,14461
-84.60353,162.19455,south,east,valid,14462
-84.59566,162.36918,south,east,valid,14463
-84.58079,162.68497,south,east,valid,14464
-84.58059,162.58633,south,east,valid,14465
-84.59412,162.30082,south,east,valid,14466
-84.59484,162.29838,south,east,valid,14467
-84.59343,162.23965,south,east,valid,14468
-84.59515,162.31057,south,east,valid,14469
-84.61391,162.1441,south,east,valid,14470
-84.59515,162.3055,south,east,valid,14471
-84.5903,162.71511,south,east,valid,14472
-84.58294,162.77784,south,east,valid,14473
-84.6055,162.15636,south,east,valid,14474
-84.6082,162.15934,south,east,valid,14475
-84.61073,162.15071,south,east,valid,14476
-84.59304,162.25892,south,east,valid,14477
-84.61019,162.14565,south,east,valid,14478
-84.59805,162.21336,south,east,valid,14479
-84.61084,162.13971,south,east,valid,14480
-84.59325,162.24953,south,east,valid,14481
-84.60108,162.20923,south,east,valid,14482
-84.59642,162.37287,south,east,valid,14483
-84.59528,162.31384,south,east,valid,14484
-84.60994,162.14785,south,east,valid,14485
-84.59512,162.31331,south,east,valid,14486
-84.58227,162.64559,south,east,valid,14487
-84.57484,162.57254,south,east,valid,14488
-84.60292,162.20704,south,east,valid,14489
-84.59479,162.36067,south,east,valid,14490
-84.61147,162.13861,south,east,valid,14491
-84.60981,162.13404,south,east,valid,14492
-84.59496,162.31879,south,east,valid,14493
-84.61149,162.1444,south,east,valid,14494
-84.59633,162.29153,south,east,valid,14495
-84.58572,162.58007,south,east,valid,14496
-84.59482,162.34674,south,east,valid,14497
-84.60617,162.13296,south,east,valid,14498
-84.61457,162.12054,south,east,valid,14499
-84.59388,162.37192,south,east,valid,14500
-84.59482,162.30026,south,east,valid,14501
-84.59359,162.24965,south,east,valid,14502
-84.6097,162.14461,south,east,valid,14503
-84.61234,162.13008,south,east,valid,14504
-84.595,162.37477,south,east,valid,14505
-84.59434,162.29631,south,east,valid,14506
-84.61188,162.13272,south,east,valid,14507
-84.6101,162.07548,south,east,valid,14508
-84.59534,162.76926,south,east,valid,14509
-84.60273,162.43539,south,east,valid,14510
-84.60621,162.13882,south,east,valid,14511
-84.59666,162.29559,south,east,valid,14512
-84.61131,162.13068,south,east,valid,14513
-84.58308,162.7736,south,east,valid,14514
-84.58338,162.77217,south,east,valid,14515
-84.58356,162.77051,south,east,valid,14516
-84.61283,162.1382,south,east,valid,14517
-84.61702,162.23253,south,east,valid,14518
-84.5756,162.56758,south,east,valid,14519
-84.6046,162.14832,south,east,valid,14520
-84.623,162.02102,south,east,valid,14521
-84.57594,162.56943,south,east,valid,14522
-84.60512,162.14133,south,east,valid,14523
-84.59071,162.24734,south,east,valid,14524
-84.60873,162.36978,south,east,valid,14525
-84.63092,162.50513,south,east,valid,14526
-84.61597,162.44741,south,east,valid,14527
-84.57534,162.93682,south,east,valid,14528
-84.63018,162.4923,south,east,valid,14529
-84.62384,162.44194,south,east,valid,14530
-84.53526,162.70072,south,east,valid,14531
-84.61914,162.43054,south,east,valid,14532
-84.61638,161.91357,south,east,valid,14533
-84.62303,162.05494,south,east,valid,14534
-84.57836,162.96276,south,east,valid,14535
-84.63053,162.50492,south,east,valid,14536
-84.62928,162.50537,south,east,valid,14537
-84.63051,162.50212,south,east,valid,14538
-84.63074,162.5054,south,east,valid,14539
-84.57278,162.08628,south,east,valid,14540
-84.61776,162.25099,south,east,valid,14541
-84.61319,162.38976,south,east,valid,14542
-84.6278,162.00223,south,east,valid,14543
-84.61784,162.09097,south,east,valid,14544
-84.58735,162.58584,south,east,valid,14545
-84.62247,162.21405,south,east,valid,14546
-84.60554,162.18222,south,east,valid,14547
-84.57728,162.02753,south,east,valid,14548
-84.59713,162.4001,south,east,valid,14549
-84.62372,161.90451,south,east,valid,14550
-84.63031,162.00225,south,east,valid,14551
-84.59408,162.33737,south,east,valid,14552
-84.6137,161.88734,south,east,valid,14553
-84.57659,162.06569,south,east,valid,14554
-84.57865,162.05506,south,east,valid,14555
-84.57868,162.05441,south,east,valid,14556
-84.63054,162.05423,south,east,valid,14557
-84.58294,162.58899,south,east,valid,14558
-84.57526,162.93706,south,east,valid,14559
-84.57208,162.1394,south,east,valid,14560
-84.5737,162.49708,south,east,valid,14561
-84.5881,162.5492,south,east,valid,14562
-84.57148,162.15262,south,east,valid,14563
-84.57837,162.01677,south,east,valid,14564
-84.62176,162.02273,south,east,valid,14565
-84.57573,162.0759,south,east,valid,14566
-84.59856,162.2344,south,east,valid,14567
-84.58117,162.66547,south,east,valid,14568
-84.57613,162.94855,south,east,valid,14569
-84.57392,162.4929,south,east,valid,14570
-84.57748,162.05567,south,east,valid,14571
-84.59191,162.25684,south,east,valid,14572
-84.5736,162.13155,south,east,valid,14573
-84.57798,162.56991,south,east,valid,14574
-84.57548,162.04932,south,east,valid,14575
-84.57965,162.63725,south,east,valid,14576
-84.57936,162.6139,south,east,valid,14577
-84.57806,162.04256,south,east,valid,14578
-84.57651,162.56573,south,east,valid,14579
-84.59891,162.20035,south,east,valid,14580
-84.57952,162.64819,south,east,valid,14581
-84.57146,162.15345,south,east,valid,14582
-84.58208,162.56331,south,east,valid,14583
-84.57295,162.13528,south,east,valid,14584
-84.57261,162.13852,south,east,valid,14585
-84.57709,162.08099,south,east,valid,14586
-84.57179,162.13581,south,east,valid,14587
-84.57583,162.08755,south,east,valid,14588
-84.6303,162.52838,south,east,valid,14589
-84.60295,162.18347,south,east,valid,14590
-84.63018,162.52648,south,east,valid,14591
-84.59971,162.19633,south,east,valid,14592
-84.63066,162.53202,south,east,valid,14593
-84.6305,162.52583,south,east,valid,14594
-84.6307,162.53213,south,east,valid,14595
-84.60303,162.16783,south,east,valid,14596
-84.57232,162.02096,south,east,valid,14597
-84.63075,162.5255,south,east,valid,14598
-84.56827,162.05413,south,east,valid,14599
-84.63017,162.52676,south,east,valid,14600
-84.57564,162.564,south,east,valid,14601
-84.57572,162.56647,south,east,valid,14602
-84.57572,162.5665,south,east,valid,14603
-84.57564,162.56673,south,east,valid,14604
-84.57558,162.56555,south,east,valid,14605
-84.57588,162.56314,south,east,valid,14606
-84.57574,162.5666,south,east,valid,14607
-84.5757,162.56524,south,east,valid,14608
-84.5757,162.56631,south,east,valid,14609
-84.63007,162.52665,south,east,valid,14610
-84.57585,162.56291,south,east,valid,14611
-84.56904,162.048,south,east,valid,14612
-84.59133,162.3617,south,east,valid,14613
-84.57566,162.56578,south,east,valid,14614
-84.5757,162.56677,south,east,valid,14615
-84.57578,162.56253,south,east,valid,14616
-84.57366,162.24966,south,east,valid,14617
-84.56761,162.05386,south,east,valid,14618
-84.57569,162.56685,south,east,valid,14619
-84.57559,162.56586,south,east,valid,14620
-84.57563,162.56414,south,east,valid,14621
-84.5757,162.56674,south,east,valid,14622
-84.57584,162.56196,south,east,valid,14623
-84.57568,162.56742,south,east,valid,14624
-84.63091,162.5346,south,east,valid,14625
-84.57586,162.56315,south,east,valid,14626
-84.57563,162.56664,south,east,valid,14627
-84.57571,162.56709,south,east,valid,14628
-84.57597,162.56256,south,east,valid,14629
-84.5758,162.56921,south,east,valid,14630
-84.57569,162.56739,south,east,valid,14631
-84.63005,162.52652,south,east,valid,14632
-84.57558,162.56576,south,east,valid,14633
-84.5721,162.24799,south,east,valid,14634
-84.57592,162.56449,south,east,valid,14635
-84.576,162.56411,south,east,valid,14636
-84.57603,162.56503,south,east,valid,14637
-84.57576,162.567,south,east,valid,14638
-84.57596,162.5685,south,east,valid,14639
-84.57575,162.56602,south,east,valid,14640
-84.57606,162.5666,south,east,valid,14641
-84.57603,162.56669,south,east,valid,14642
-84.57621,162.56174,south,east,valid,14643
-84.5757,162.55816,south,east,valid,14644
-84.57587,162.5666,south,east,valid,14645
-84.57587,162.56773,south,east,valid,14646
-84.57577,162.56572,south,east,valid,14647
-84.57602,162.55904,south,east,valid,14648
-84.57583,162.56528,south,east,valid,14649
-84.57595,162.5674,south,east,valid,14650
-84.57828,162.55758,south,east,valid,14651
-84.57585,162.56734,south,east,valid,14652
-84.58211,162.5601,south,east,valid,14653
-84.57583,162.56931,south,east,valid,14654
-84.57609,162.56377,south,east,valid,14655
-84.57586,162.56893,south,east,valid,14656
-84.57586,162.56831,south,east,valid,14657
-84.57584,162.56681,south,east,valid,14658
-84.57578,162.56574,south,east,valid,14659
-84.57577,162.56633,south,east,valid,14660
-84.57607,162.56666,south,east,valid,14661
-84.57832,162.55632,south,east,valid,14662
-84.57581,162.56671,south,east,valid,14663
-84.5761,162.5628,south,east,valid,14664
-84.57587,162.56521,south,east,valid,14665
-84.57624,162.56763,south,east,valid,14666
-84.57575,162.56592,south,east,valid,14667
-84.57608,162.5639,south,east,valid,14668
-84.57607,162.56165,south,east,valid,14669
-84.57589,162.56828,south,east,valid,14670
-84.57591,162.56937,south,east,valid,14671
-84.57584,162.56935,south,east,valid,14672
-84.57606,162.56654,south,east,valid,14673
-84.57586,162.56637,south,east,valid,14674
-84.57589,162.56832,south,east,valid,14675
-84.57607,162.56677,south,east,valid,14676
-84.57586,162.56826,south,east,valid,14677
-84.57587,162.5674,south,east,valid,14678
-84.57583,162.56821,south,east,valid,14679
-84.57605,162.56349,south,east,valid,14680
-84.57598,162.56415,south,east,valid,14681
-84.57607,162.56438,south,east,valid,14682
-84.57555,162.56739,south,east,valid,14683
-84.57596,162.56264,south,east,valid,14684
-84.57552,162.57218,south,east,valid,14685
-84.57597,162.56789,south,east,valid,14686
-84.57552,162.57144,south,east,valid,14687
-84.57543,162.57222,south,east,valid,14688
-84.57587,162.5685,south,east,valid,14689
-84.57542,162.57204,south,east,valid,14690
-84.57601,162.5627,south,east,valid,14691
-84.57535,162.94324,south,east,valid,14692
-84.57572,162.56781,south,east,valid,14693
-84.57305,162.01818,south,east,valid,14694
-84.57571,162.5698,south,east,valid,14695
-84.57557,162.57008,south,east,valid,14696
-84.57552,162.5708,south,east,valid,14697
-84.65575,160.25552,south,east,valid,14698
-84.57573,162.56794,south,east,valid,14699
-84.62955,162.51383,south,east,valid,14700
-84.58051,162.00567,south,east,valid,14701
-84.57571,162.56772,south,east,valid,14702
-84.57114,162.16768,south,east,valid,14703
-84.5761,162.57501,south,east,valid,14704
-84.58098,162.00382,south,east,valid,14705
-84.58026,161.98386,south,east,valid,14706
-84.5935,162.30936,south,east,valid,14707
-84.57576,162.56909,south,east,valid,14708
-84.57586,162.57308,south,east,valid,14709
-84.57011,162.19291,south,east,valid,14710
-84.57565,162.56889,south,east,valid,14711
-84.57585,162.57082,south,east,valid,14712
-84.57574,162.56869,south,east,valid,14713
-84.59202,162.31608,south,east,valid,14714
-84.57553,162.56969,south,east,valid,14715
-84.5922,162.22766,south,east,valid,14716
-84.59915,162.19582,south,east,valid,14717
-84.60208,162.18259,south,east,valid,14718
-84.57937,162.61514,south,east,valid,14719
-84.57566,162.08713,south,east,valid,14720
-84.59225,162.2316,south,east,valid,14721
-84.59105,162.24624,south,east,valid,14722
-84.59117,162.24766,south,east,valid,14723
-84.57946,162.6269,south,east,valid,14724
-84.61636,162.08097,south,east,valid,14725
-84.57932,162.61829,south,east,valid,14726
-84.57209,162.02145,south,east,valid,14727
-84.57926,162.61801,south,east,valid,14728
-84.57641,162.08476,south,east,valid,14729
-84.5796,162.63182,south,east,valid,14730
-84.57891,162.02634,south,east,valid,14731
-84.61277,162.08208,south,east,valid,14732
-84.5792,162.02893,south,east,valid,14733
-84.59443,162.36782,south,east,valid,14734
-84.59097,162.24813,south,east,valid,14735
-84.5909,162.2489,south,east,valid,14736
-84.59384,162.36462,south,east,valid,14737
-84.57777,162.04503,south,east,valid,14738
-84.57479,162.08778,south,east,valid,14739
-84.59349,162.28567,south,east,valid,14740
-84.57949,162.61533,south,east,valid,14741
-84.57937,162.6263,south,east,valid,14742
-84.59107,162.24576,south,east,valid,14743
-84.57966,162.62089,south,east,valid,14744
-84.59104,162.24622,south,east,valid,14745
-84.59171,162.23345,south,east,valid,14746
-84.60625,162.12264,south,east,valid,14747
-84.59914,162.19833,south,east,valid,14748
-84.59475,162.24027,south,east,valid,14749
-84.57091,162.08275,south,east,valid,14750
-84.59107,162.24816,south,east,valid,14751
-84.57949,162.61502,south,east,valid,14752
-84.59243,162.24718,south,east,valid,14753
-84.59658,162.31037,south,east,valid,14754
-84.59784,162.20598,south,east,valid,14755
-84.5933,162.31231,south,east,valid,14756
-84.61583,162.08097,south,east,valid,14757
-84.59144,162.24846,south,east,valid,14758
-84.59153,162.2402,south,east,valid,14759
-84.57795,162.02662,south,east,valid,14760
-84.59132,162.24186,south,east,valid,14761
-84.5794,162.62671,south,east,valid,14762
-84.59105,162.24581,south,east,valid,14763
-84.61548,162.22847,south,east,valid,14764
-84.59139,162.24177,south,east,valid,14765
-84.57236,162.06641,south,east,valid,14766
-84.59139,162.24174,south,east,valid,14767
-84.59101,162.24823,south,east,valid,14768
-84.59983,162.19327,south,east,valid,14769
-84.58047,162.56225,south,east,valid,14770
-84.57951,162.62756,south,east,valid,14771
-84.57362,162.06762,south,east,valid,14772
-84.59277,162.33742,south,east,valid,14773
-84.59234,162.23514,south,east,valid,14774
-84.57659,162.0846,south,east,valid,14775
-84.61552,162.08015,south,east,valid,14776
-84.5913,162.24312,south,east,valid,14777
-84.57771,162.04531,south,east,valid,14778
-84.59568,162.21717,south,east,valid,14779
-84.57935,162.61426,south,east,valid,14780
-84.60121,162.18672,south,east,valid,14781
-84.6015,162.18602,south,east,valid,14782
-84.57656,162.08357,south,east,valid,14783
-84.57774,162.04424,south,east,valid,14784
-84.60218,162.18199,south,east,valid,14785
-84.57631,162.05562,south,east,valid,14786
-84.57939,162.61532,south,east,valid,14787
-84.60384,162.16312,south,east,valid,14788
-84.57346,162.49988,south,east,valid,14789
-84.58166,162.54007,south,east,valid,14790
-84.6037,162.17221,south,east,valid,14791
-84.58179,162.53848,south,east,valid,14792
-84.6056,162.12763,south,east,valid,14793
-84.57338,162.49958,south,east,valid,14794
-84.59043,162.24904,south,east,valid,14795
-84.57909,162.03858,south,east,valid,14796
-84.57737,162.02222,south,east,valid,14797
-84.57335,162.50019,south,east,valid,14798
-84.59988,162.18738,south,east,valid,14799
-84.6129,162.07686,south,east,valid,14800
-84.57346,162.49994,south,east,valid,14801
-84.57925,162.61446,south,east,valid,14802
-84.60616,162.12038,south,east,valid,14803
-84.60555,162.12722,south,east,valid,14804
-84.5914,162.24087,south,east,valid,14805
-84.60638,162.11311,south,east,valid,14806
-84.59921,162.19588,south,east,valid,14807
-84.61441,161.94465,south,east,valid,14808
-84.59222,162.22824,south,east,valid,14809
-84.60357,162.16723,south,east,valid,14810
-84.57926,162.61452,south,east,valid,14811
-84.56532,162.07043,south,east,valid,14812
-84.57335,162.50008,south,east,valid,14813
-84.60551,162.12833,south,east,valid,14814
-84.60362,162.16963,south,east,valid,14815
-84.57628,162.07798,south,east,valid,14816
-84.59994,162.18785,south,east,valid,14817
-84.59088,162.24605,south,east,valid,14818
-84.59914,162.19579,south,east,valid,14819
-84.60596,162.12374,south,east,valid,14820
-84.57932,162.61377,south,east,valid,14821
-84.57707,162.06089,south,east,valid,14822
-84.59694,162.21143,south,east,valid,14823
-84.60038,162.18497,south,east,valid,14824
-84.59918,162.19599,south,east,valid,14825
-84.6058,162.12327,south,east,valid,14826
-84.59071,162.2473,south,east,valid,14827
-84.60512,162.13295,south,east,valid,14828
-84.61124,161.94902,south,east,valid,14829
-84.59924,162.19487,south,east,valid,14830
20.63333,-100.38333,north,west,valid,14831
-10.75,-39.21667,south,west,valid,14832
38.08333,-115.53333,north,west,valid,14833
-30.15,140.98333,south,east,valid,14834
23.14302,49.53252,north,east,valid,14835
34.44567,-117.01083,north,west,valid,14836
-20.36667,130.11667,south,east,valid,14837
47.0,7.83333,north,east,valid,14838
32.44667,-111.34667,north,west,valid,14839
34.76778,-103.55,north,west,valid,14840
34.78333,-103.66667,north,west,valid,14841
51.8,79.9,north,east,valid,14842
21.37115,58.4071,north,east,valid,14843
21.3703,58.40793,north,east,valid,14844
21.34845,58.40785,north,east,valid,14845
21.34823,58.4079,north,east,valid,14846
21.22513,58.4116,north,east,valid,14847
21.17895,58.41185,north,east,valid,14848
21.1746,58.40918,north,east,valid,14849
21.1683,58.39145,north,east,valid,14850
21.13663,58.36453,north,east,valid,14851
21.1383,58.36358,north,east,valid,14852
21.1582,58.41132,north,east,valid,14853
21.16743,58.41087,north,east,valid,14854
21.1574,58.41068,north,east,valid,14855
21.05978,58.40432,north,east,valid,14856
21.17277,58.42175,north,east,valid,14857
21.16638,58.41035,north,east,valid,14858
21.1584,58.38922,north,east,valid,14859
21.21193,58.38615,north,east,valid,14860
21.21272,58.38638,north,east,valid,14861
21.1273,58.4075,north,east,valid,14862
21.152,58.41393,north,east,valid,14863
21.49312,58.4644,north,east,valid,14864
21.37605,58.4277,north,east,valid,14865
21.37628,58.42768,north,east,valid,14866
21.35885,58.42213,north,east,valid,14867
21.31037,58.40223,north,east,valid,14868
21.26005,58.39152,north,east,valid,14869
21.19918,58.41272,north,east,valid,14870
21.27327,58.39645,north,east,valid,14871
21.33802,58.41153,north,east,valid,14872
21.36203,58.413,north,east,valid,14873
21.3623,58.41178,north,east,valid,14874
21.36865,58.39767,north,east,valid,14875
21.3729,58.40492,north,east,valid,14876
21.37602,58.41207,north,east,valid,14877
21.37053,58.41402,north,east,valid,14878
21.37162,58.4124,north,east,valid,14879
21.37107,58.41415,north,east,valid,14880
22.34143,58.53398,north,east,valid,14881
22.13015,58.44072,north,east,valid,14882
22.0321,58.19688,north,east,valid,14883
22.02762,58.21053,north,east,valid,14884
21.36863,58.39552,north,east,valid,14885
21.33735,58.40237,north,east,valid,14886
20.2023,56.36668,north,east,valid,14887
20.24332,56.45165,north,east,valid,14888
20.26362,56.46405,north,east,valid,14889
20.26405,56.46315,north,east,valid,14890
20.03695,56.28877,north,east,valid,14891
20.05425,56.3088,north,east,valid,14892
20.17,56.265,north,east,valid,14893
20.72798,56.11592,north,east,valid,14894
20.04683,56.4835,north,east,valid,14895
20.46543,55.86245,north,east,valid,14896
20.56848,56.10217,north,east,valid,14897
20.0051,56.41193,north,east,valid,14898
20.0081,56.41482,north,east,valid,14899
20.00552,56.41628,north,east,valid,14900
20.00458,56.4212,north,east,valid,14901
20.6282,56.19198,north,east,valid,14902
20.62973,56.16912,north,east,valid,14903
20.6205,56.14523,north,east,valid,14904
20.6322,56.08783,north,east,valid,14905
20.58568,56.0476,north,east,valid,14906
20.58408,55.85287,north,east,valid,14907
20.57698,55.9477,north,east,valid,14908
20.58587,55.87252,north,east,valid,14909
20.59412,55.83592,north,east,valid,14910
20.58912,55.87035,north,east,valid,14911
20.57972,55.87563,north,east,valid,14912
20.56278,55.88898,north,east,valid,14913
20.57445,55.98598,north,east,valid,14914
20.45792,55.90177,north,east,valid,14915
20.5569,55.84888,north,east,valid,14916
20.47567,55.79787,north,east,valid,14917
20.47493,55.80425,north,east,valid,14918
20.53187,56.04902,north,east,valid,14919
20.53213,56.04965,north,east,valid,14920
20.54183,56.07002,north,east,valid,14921
20.54508,56.07122,north,east,valid,14922
20.5698,56.10353,north,east,valid,14923
20.5625,56.08372,north,east,valid,14924
20.56085,56.08235,north,east,valid,14925
20.56022,55.97262,north,east,valid,14926
20.59763,55.8682,north,east,valid,14927
20.55575,55.92125,north,east,valid,14928
20.55407,55.92178,north,east,valid,14929
20.55215,55.92297,north,east,valid,14930
20.5501,55.92748,north,east,valid,14931
20.01812,56.42172,north,east,valid,14932
20.47393,55.93367,north,east,valid,14933
20.56537,56.16462,north,east,valid,14934
20.59585,56.15363,north,east,valid,14935
20.59672,56.15298,north,east,valid,14936
20.59518,56.1551,north,east,valid,14937
20.71778,56.35607,north,east,valid,14938
20.76775,56.41513,north,east,valid,14939
20.01798,56.41798,north,east,valid,14940
20.59888,56.14967,north,east,valid,14941
20.58513,56.14733,north,east,valid,14942
20.56322,56.19473,north,east,valid,14943
20.8393,56.41533,north,east,valid,14944
20.31142,56.22532,north,east,valid,14945
20.30678,56.24737,north,east,valid,14946
20.00237,56.38473,north,east,valid,14947
20.01577,56.47787,north,east,valid,14948
20.03138,56.4559,north,east,valid,14949
20.0534,56.46612,north,east,valid,14950
20.04812,56.48325,north,east,valid,14951
20.00553,56.3815,north,east,valid,14952
20.02347,56.46378,north,east,valid,14953
20.04738,56.4866,north,east,valid,14954
20.03788,56.4741,north,east,valid,14955
20.04637,56.33072,north,east,valid,14956
20.2189,56.46167,north,east,valid,14957
20.0018,56.4922,north,east,valid,14958
20.05013,56.02297,north,east,valid,14959
20.01352,56.40697,north,east,valid,14960
20.2399,56.22917,north,east,valid,14961
20.70923,55.42876,north,east,valid,14962
20.02968,56.4332,north,east,valid,14963
20.00803,56.39902,north,east,valid,14964
20.5971,56.15087,north,east,valid,14965
20.58143,56.1299,north,east,valid,14966
20.57128,56.12693,north,east,valid,14967
20.5534,56.12678,north,east,valid,14968
20.5247,56.12155,north,east,valid,14969
20.50483,56.1285,north,east,valid,14970
20.51968,56.12353,north,east,valid,14971
20.58077,56.10287,north,east,valid,14972
20.5426,56.10683,north,east,valid,14973
20.5225,56.11768,north,east,valid,14974
20.61728,56.13955,north,east,valid,14975
20.63257,56.15995,north,east,valid,14976
20.59658,56.20918,north,east,valid,14977
20.57092,56.38847,north,east,valid,14978
20.57807,56.39488,north,east,valid,14979
20.78777,56.47112,north,east,valid,14980
20.51947,55.80097,north,east,valid,14981
20.51573,55.79032,north,east,valid,14982
20.50788,55.77547,north,east,valid,14983
20.47678,55.52788,north,east,valid,14984
20.45708,55.49138,north,east,valid,14985
20.51353,55.52737,north,east,valid,14986
20.5234,55.53072,north,east,valid,14987
20.52828,55.52977,north,east,valid,14988
20.59832,55.52398,north,east,valid,14989
20.62837,55.53118,north,east,valid,14990
20.69282,55.49222,north,east,valid,14991
20.66973,55.42813,north,east,valid,14992
20.66842,55.34008,north,east,valid,14993
20.66748,55.31715,north,east,valid,14994
20.66713,55.31572,north,east,valid,14995
20.66745,55.31587,north,east,valid,14996
20.66642,55.31402,north,east,valid,14997
20.03728,56.27422,north,east,valid,14998
20.14475,56.24085,north,east,valid,14999
20.44722,56.12088,north,east,valid,15000
20.43802,56.10278,north,east,valid,15001
20.41487,56.07943,north,east,valid,15002
20.48983,56.03632,north,east,valid,15003
20.52627,55.90595,north,east,valid,15004
20.48785,55.82045,north,east,valid,15005
20.7658,55.43587,north,east,valid,15006
20.78308,55.44327,north,east,valid,15007
20.78388,55.44787,north,east,valid,15008
20.7982,55.47148,north,east,valid,15009
20.79892,55.47203,north,east,valid,15010
20.8016,55.47315,north,east,valid,15011
20.80178,55.4736,north,east,valid,15012
20.89485,55.50613,north,east,valid,15013
20.89328,55.49375,north,east,valid,15014
20.89335,55.4936,north,east,valid,15015
20.88187,55.43452,north,east,valid,15016
20.8728,55.42773,north,east,valid,15017
20.88473,55.42098,north,east,valid,15018
20.91903,55.41193,north,east,valid,15019
20.79907,55.4247,north,east,valid,15020
20.11858,56.2943,north,east,valid,15021
20.26043,56.49015,north,east,valid,15022
20.40627,56.47532,north,east,valid,15023
20.41363,56.47823,north,east,valid,15024
20.42085,56.49987,north,east,valid,15025
20.00125,56.36586,north,east,valid,15026
20.07917,56.33317,north,east,valid,15027
20.0915,56.3575,north,east,valid,15028
20.80423,55.44888,north,east,valid,15029
20.80225,55.44393,north,east,valid,15030
20.7827,55.42668,north,east,valid,15031
20.80103,55.43055,north,east,valid,15032
20.80853,55.45428,north,east,valid,15033
20.81403,55.46177,north,east,valid,15034
20.80265,55.46678,north,east,valid,15035
20.79882,55.46208,north,east,valid,15036
20.79315,55.46493,north,east,valid,15037
20.78722,55.45475,north,east,valid,15038
20.76032,55.43335,north,east,valid,15039
20.49517,55.52437,north,east,valid,15040
20.47015,55.52617,north,east,valid,15041
20.47388,55.51787,north,east,valid,15042
20.49482,55.53625,north,east,valid,15043
20.49408,55.55902,north,east,valid,15044
20.43773,55.88368,north,east,valid,15045
20.38607,55.79032,north,east,valid,15046
20.3843,55.70125,north,east,valid,15047
20.38333,55.7036,north,east,valid,15048
20.38367,55.7042,north,east,valid,15049
20.36093,55.67223,north,east,valid,15050
20.31777,55.59398,north,east,valid,15051
20.34088,55.55118,north,east,valid,15052
20.42145,55.563,north,east,valid,15053
20.43182,55.53323,north,east,valid,15054
20.44922,55.57368,north,east,valid,15055
20.4545,55.58232,north,east,valid,15056
20.47603,55.59432,north,east,valid,15057
20.48138,55.59513,north,east,valid,15058
20.50513,55.76137,north,east,valid,15059
20.50582,55.83183,north,east,valid,15060
20.50888,55.83597,north,east,valid,15061
20.51112,55.83792,north,east,valid,15062
20.52112,55.8526,north,east,valid,15063
20.51942,55.85287,north,east,valid,15064
20.51017,55.83568,north,east,valid,15065
20.51213,55.83623,north,east,valid,15066
20.50627,55.82513,north,east,valid,15067
20.50422,55.8291,north,east,valid,15068
20.50603,55.82845,north,east,valid,15069
20.50797,55.82712,north,east,valid,15070
20.5002,55.83432,north,east,valid,15071
20.49488,55.85112,north,east,valid,15072
20.52525,55.96863,north,east,valid,15073
20.54628,56.01365,north,east,valid,15074
20.57258,56.05498,north,east,valid,15075
20.576,56.05047,north,east,valid,15076
20.58797,56.12263,north,east,valid,15077
20.56808,56.28135,north,east,valid,15078
20.13085,56.27632,north,east,valid,15079
20.11792,56.39452,north,east,valid,15080
20.0049,56.40473,north,east,valid,15081
20.05473,56.46193,north,east,valid,15082
20.0587,56.46493,north,east,valid,15083
20.01597,55.61512,north,east,valid,15084
20.01315,55.61903,north,east,valid,15085
20.05125,55.63058,north,east,valid,15086
20.0949,55.69318,north,east,valid,15087
20.09443,55.68623,north,east,valid,15088
20.14502,55.70945,north,east,valid,15089
20.146,55.70942,north,east,valid,15090
20.14723,55.7096,north,east,valid,15091
20.1469,55.70922,north,east,valid,15092
20.1469,55.70908,north,east,valid,15093
20.1465,55.70913,north,east,valid,15094
20.14673,55.70975,north,east,valid,15095
20.15122,55.70925,north,east,valid,15096
20.1919,55.67963,north,east,valid,15097
20.18758,55.66763,north,east,valid,15098
20.14505,55.76795,north,east,valid,15099
20.21727,56.01668,north,east,valid,15100
20.22083,56.02013,north,east,valid,15101
20.22002,56.02035,north,east,valid,15102
20.21905,56.02093,north,east,valid,15103
20.2206,56.02072,north,east,valid,15104
20.21792,56.02118,north,east,valid,15105
20.21758,56.02125,north,east,valid,15106
20.21668,56.0217,north,east,valid,15107
20.2024,56.03262,north,east,valid,15108
20.20273,56.0323,north,east,valid,15109
20.33115,56.1962,north,east,valid,15110
20.34138,56.20582,north,east,valid,15111
20.33513,56.20237,north,east,valid,15112
20.33532,56.20263,north,east,valid,15113
20.33407,56.2037,north,east,valid,15114
20.3936,56.22002,north,east,valid,15115
20.44685,56.25488,north,east,valid,15116
20.41705,56.27492,north,east,valid,15117
20.42458,56.27817,north,east,valid,15118
20.5052,56.48438,north,east,valid,15119
20.49917,56.49815,north,east,valid,15120
20.31322,56.48333,north,east,valid,15121
20.33245,56.47362,north,east,valid,15122
20.11306,56.3975,north,east,valid,15123
20.09889,56.40972,north,east,valid,15124
20.10361,56.32694,north,east,valid,15125
31.16667,-3.91667,north,west,valid,15126
24.3,-102.18333,north,west,valid,15127
24.11667,-104.3,north,west,valid,15128
24.51667,-105.25,north,west,valid,15129
35.4005,-117.66617,north,west,valid,15130
38.61667,-99.93333,north,west,valid,15131
-28.83333,21.13333,south,east,valid,15132
-31.16667,125.26667,south,east,valid,15133
-30.36667,126.08333,south,east,valid,15134
39.78333,-100.0,north,west,valid,15135
24.97833,21.885,north,east,valid,15136
-76.24103,158.64804,south,east,valid,15137
-76.24103,158.64418,south,east,valid,15138
-76.24615,158.62928,south,east,valid,15139
-76.24209,158.63823,south,east,valid,15140
-76.2372,158.67634,south,east,valid,15141
-76.23773,158.67436,south,east,valid,15142
-76.2314,158.06295,south,east,valid,15143
-76.24068,158.15472,south,east,valid,15144
-76.24205,158.1622,south,east,valid,15145
-76.24666,157.886,south,east,valid,15146
-76.22084,158.40541,south,east,valid,15147
-76.23065,158.52807,south,east,valid,15148
-76.23124,158.10179,south,east,valid,15149
-76.26077,158.5667,south,east,valid,15150
-76.23147,158.53078,south,east,valid,15151
-76.2201,158.37606,south,east,valid,15152
-76.25589,158.57717,south,east,valid,15153
-76.23116,158.32857,south,east,valid,15154
-76.27165,158.17431,south,east,valid,15155
-76.21977,158.37928,south,east,valid,15156
-76.21976,158.3794,south,east,valid,15157
-76.23833,158.24891,south,east,valid,15158
-76.24279,158.65633,south,east,valid,15159
-76.22074,157.81496,south,east,valid,15160
-76.2475,157.90708,south,east,valid,15161
-76.24717,158.59528,south,east,valid,15162
-76.23184,158.37771,south,east,valid,15163
-76.22124,157.82009,south,east,valid,15164
-76.21993,158.37778,south,east,valid,15165
-76.22029,158.37967,south,east,valid,15166
-76.22067,158.37624,south,east,valid,15167
-76.22,158.37676,south,east,valid,15168
-76.23897,158.22577,south,east,valid,15169
-76.22084,158.37395,south,east,valid,15170
-76.22055,158.37601,south,east,valid,15171
-76.22173,157.7867,south,east,valid,15172
-76.22008,158.37635,south,east,valid,15173
-76.21987,158.37838,south,east,valid,15174
-76.21987,158.37891,south,east,valid,15175
-76.21983,158.379,south,east,valid,15176
-76.2329,158.10233,south,east,valid,15177
-76.23129,158.10208,south,east,valid,15178
-76.24181,158.15758,south,east,valid,15179
-76.24041,158.09012,south,east,valid,15180
-76.22004,158.37901,south,east,valid,15181
-76.21987,158.37834,south,east,valid,15182
-76.23986,158.14723,south,east,valid,15183
-76.24171,158.15736,south,east,valid,15184
-76.22419,158.04572,south,east,valid,15185
-76.21999,158.37833,south,east,valid,15186
-76.21992,158.37834,south,east,valid,15187
-76.23098,158.10146,south,east,valid,15188
-76.2403,158.14882,south,east,valid,15189
-76.26667,159.25,south,east,valid,15190
-76.21391,158.43325,south,east,valid,15191
-76.21615,158.54499,south,east,valid,15192
-76.24017,158.59811,south,east,valid,15193
-76.22643,158.44552,south,east,valid,15194
-76.21541,158.5392,south,east,valid,15195
-76.23128,158.44261,south,east,valid,15196
-76.2509,158.30797,south,east,valid,15197
-76.20657,158.49351,south,east,valid,15198
-76.21079,158.45722,south,east,valid,15199
-76.20733,158.49357,south,east,valid,15200
-76.21745,158.39695,south,east,valid,15201
-76.21498,158.42109,south,east,valid,15202
-76.2094,158.46797,south,east,valid,15203
-76.22193,158.53607,south,east,valid,15204
-76.2111,158.44744,south,east,valid,15205
-76.24078,158.23886,south,east,valid,15206
-76.20679,158.48487,south,east,valid,15207
-76.22116,158.66995,south,east,valid,15208
-76.21776,158.60617,south,east,valid,15209
-76.20676,158.50007,south,east,valid,15210
-76.23781,158.26243,south,east,valid,15211
-76.24226,158.2669,south,east,valid,15212
-76.22333,158.68446,south,east,valid,15213
-76.23614,158.32788,south,east,valid,15214
-76.23837,158.24867,south,east,valid,15215
-76.22305,158.56938,south,east,valid,15216
-76.20614,158.50694,south,east,valid,15217
-76.23611,158.31754,south,east,valid,15218
-76.25201,158.59721,south,east,valid,15219
-76.21592,158.61984,south,east,valid,15220
-76.22384,158.56194,south,east,valid,15221
-76.20775,158.49356,south,east,valid,15222
-76.20756,158.50933,south,east,valid,15223
-76.229,158.26337,south,east,valid,15224
-76.20798,158.48295,south,east,valid,15225
-76.22172,158.68468,south,east,valid,15226
-76.23529,158.3267,south,east,valid,15227
-76.219,158.4182,south,east,valid,15228
-76.20692,158.52362,south,east,valid,15229
-76.22227,158.43047,south,east,valid,15230
-76.24369,158.21734,south,east,valid,15231
-76.22616,158.61317,south,east,valid,15232
-76.24984,158.20758,south,east,valid,15233
-76.21171,158.44122,south,east,valid,15234
-76.21964,158.3792,south,east,valid,15235
-76.21013,158.47461,south,east,valid,15236
-76.2173,158.40175,south,east,valid,15237
-76.2388,158.27019,south,east,valid,15238
-76.20809,158.49261,south,east,valid,15239
-76.2061,158.48433,south,east,valid,15240
-76.23599,158.2172,south,east,valid,15241
-76.22867,158.2662,south,east,valid,15242
-76.22305,158.35396,south,east,valid,15243
-76.24699,158.24228,south,east,valid,15244
-76.21547,158.40042,south,east,valid,15245
-76.22278,158.79288,south,east,valid,15246
-76.2233,158.35405,south,east,valid,15247
-76.20663,158.48102,south,east,valid,15248
-76.21805,158.81183,south,east,valid,15249
-76.22342,158.35226,south,east,valid,15250
-76.21321,158.44041,south,east,valid,15251
-76.23537,158.71484,south,east,valid,15252
-76.22062,158.37624,south,east,valid,15253
-76.23503,158.76036,south,east,valid,15254
-76.20921,158.47558,south,east,valid,15255
-76.20864,158.51051,south,east,valid,15256
-76.22141,158.67192,south,east,valid,15257
-76.21466,158.4273,south,east,valid,15258
-76.23843,158.28864,south,east,valid,15259
-76.20655,158.50946,south,east,valid,15260
-76.23302,158.27002,south,east,valid,15261
53.075,-105.84167,north,west,valid,15262
35.65306,-114.02437,north,west,valid,15263
35.64552,-114.03069,north,west,valid,15264
35.6464,-114.02849,north,west,valid,15265
35.64645,-114.02853,north,west,valid,15266
35.62705,-114.04336,north,west,valid,15267
35.62723,-114.04323,north,west,valid,15268
35.66185,-114.0271,north,west,valid,15269
35.66375,-114.02698,north,west,valid,15270
35.69732,-114.032,north,west,valid,15271
35.67947,-114.04338,north,west,valid,15272
35.6448,-114.03452,north,west,valid,15273
35.62682,-114.04373,north,west,valid,15274
35.69733,-114.06167,north,west,valid,15275
35.63333,-114.08333,north,west,valid,15276
35.64133,-114.09,north,west,valid,15277
35.647,-114.0955,north,west,valid,15278
35.65868,-114.02573,north,west,valid,15279
35.64,-114.03285,north,west,valid,15280
35.62453,-114.04688,north,west,valid,15281
32.0,-95.0,north,west,valid,15282
35.41667,-117.91667,north,west,valid,15283
40.25,-100.5,north,west,valid,15284
-30.71667,116.5,south,east,valid,15285
53.9329,-112.977,north,west,valid,15286
43.86667,-85.51667,north,west,valid,15287
25.58333,0.5,north,east,valid,15288
25.63333,0.53333,north,east,valid,15289
25.63333,0.5,north,east,valid,15290
-30.06667,128.98333,south,east,valid,15291
-30.06667,128.96667,south,east,valid,15292
-30.25,128.8,south,east,valid,15293
-30.15,128.8,south,east,valid,15294
-30.6,128.48333,south,east,valid,15295
-30.65,128.40833,south,east,valid,15296
-30.08333,128.81667,south,east,valid,15297
-30.31667,128.985,south,east,valid,15298
-30.32167,128.85,south,east,valid,15299
-30.21667,128.3,south,east,valid,15300
-30.5,128.5,south,east,valid,15301
-30.08333,128.91667,south,east,valid,15302
-30.08333,128.83333,south,east,valid,15303
-30.28667,128.635,south,east,valid,15304
-30.16667,129.0,south,east,valid,15305
-30.16667,128.91667,south,east,valid,15306
-30.51733,128.47617,south,east,valid,15307
-30.51667,128.45833,south,east,valid,15308
-30.06783,128.98483,south,east,valid,15309
-30.30283,128.52617,south,east,valid,15310
-30.30083,128.5255,south,east,valid,15311
-30.31833,128.38333,south,east,valid,15312
-30.28667,128.57333,south,east,valid,15313
-30.24833,128.63528,south,east,valid,15314
-30.31806,128.37333,south,east,valid,15315
-30.12367,128.8495,south,east,valid,15316
-23.17556,-69.71833,south,west,valid,15317
36.98667,-97.555,north,west,valid,15318
40.08333,-98.91667,north,west,valid,15319
39.45889,-4.3775,north,west,valid,15320
23.2925,-10.17483,north,west,valid,15321
23.39067,-9.94017,north,west,valid,15322
-34.66667,139.28333,south,east,valid,15323
33.53333,-99.61667,north,west,valid,15324
-21.98333,-69.61667,south,west,valid,15325
10.0,9.0,north,east,valid,15326
37.22222,-101.68139,north,west,valid,15327
31.9,-96.4,north,west,valid,15328
35.58333,-117.56667,north,west,valid,15329
38.51667,-107.83333,north,west,valid,15330
-23.87083,-67.17639,south,west,valid,15331
-32.87167,-64.22333,south,west,valid,15332
-13.12333,-42.2885,south,west,valid,15333
-39.85,-69.48333,south,west,valid,15334
35.3,-106.63333,north,west,valid,15335
-30.36667,126.01667,south,east,valid,15336
50.94,-96.99167,north,west,valid,15337
35.63333,-115.36667,north,west,valid,15338
35.65933,-115.37167,north,west,valid,15339
35.6717,-115.36722,north,west,valid,15340
35.68345,-115.34703,north,west,valid,15341
35.67298,-115.36717,north,west,valid,15342
35.68078,-115.34062,north,west,valid,15343
35.67405,-115.36807,north,west,valid,15344
35.6701,-115.37248,north,west,valid,15345
35.67725,-115.3566,north,west,valid,15346
35.67355,-115.35067,north,west,valid,15347
35.66594,-115.37081,north,west,valid,15348
-72.65333,160.30703,south,east,valid,15349
34.08333,-103.5,north,west,valid,15350
34.42222,-101.4975,north,west,valid,15351
41.65,-109.025,north,west,valid,15352
25.33333,-104.66667,north,west,valid,15353
-22.33333,118.0,south,east,valid,15354
34.065,-103.40833,north,west,valid,15355
37.11667,-101.6,north,west,valid,15356
37.08333,-101.6,north,west,valid,15357
50.28533,46.69967,north,east,valid,15358
35.76667,-102.95,north,west,valid,15359
-23.08333,14.715,south,east,valid,15360
34.86667,-98.95,north,west,valid,15361
33.78333,-103.56667,north,west,valid,15362
33.71667,-103.65,north,west,valid,15363
33.88333,-103.56667,north,west,valid,15364
34.21667,-103.28333,north,west,valid,15365
33.08333,-103.5,north,west,valid,15366
33.75,-103.13333,north,west,valid,15367
34.1,-103.48333,north,west,valid,15368
34.21667,-103.2,north,west,valid,15369
34.31667,-103.41667,north,west,valid,15370
34.11667,-103.56667,north,west,valid,15371
34.13333,-103.56667,north,west,valid,15372
33.81806,-103.20694,north,west,valid,15373
34.18333,-103.23333,north,west,valid,15374
34.15,-104.01667,north,west,valid,15375
33.8,-103.25,north,west,valid,15376
34.28333,-103.43333,north,west,valid,15377
33.78333,-103.55,north,west,valid,15378
34.08333,-103.61667,north,west,valid,15379
34.08333,-103.51667,north,west,valid,15380
34.3,-103.45,north,west,valid,15381
34.25,-103.51667,north,west,valid,15382
34.23333,-103.25,north,west,valid,15383
34.13333,-103.36667,north,west,valid,15384
33.61667,-103.45,north,west,valid,15385
34.21667,-103.35,north,west,valid,15386
33.88333,-103.7,north,west,valid,15387
34.3,-103.43333,north,west,valid,15388
34.41667,-103.58333,north,west,valid,15389
34.21667,-103.5,north,west,valid,15390
34.08333,-103.48333,north,west,valid,15391
34.18333,-103.43333,north,west,valid,15392
34.1,-103.58333,north,west,valid,15393
34.05,-103.5,north,west,valid,15394
33.63333,-103.16667,north,west,valid,15395
34.08333,-103.56667,north,west,valid,15396
33.66667,-103.41667,north,west,valid,15397
34.2,-103.23333,north,west,valid,15398
34.31667,-103.38333,north,west,valid,15399
34.28333,-103.28333,north,west,valid,15400
34.06667,-103.51667,north,west,valid,15401
34.13333,-103.53333,north,west,valid,15402
34.28333,-103.51667,north,west,valid,15403
34.09167,-103.50167,north,west,valid,15404
34.09167,-103.67667,north,west,valid,15405
33.95833,-103.93833,north,west,valid,15406
34.21667,-103.55,north,west,valid,15407
33.6,-103.3,north,west,valid,15408
34.05,-103.58333,north,west,valid,15409
33.995,-103.25,north,west,valid,15410
33.73883,-103.65,north,west,valid,15411
33.72217,-103.67333,north,west,valid,15412
34.18833,-103.94167,north,west,valid,15413
34.21667,-103.93333,north,west,valid,15414
34.21667,-103.13333,north,west,valid,15415
34.21667,-103.18333,north,west,valid,15416
33.736667,-103.623333,north,west,valid,15417
-15.0,135.0,south,east,valid,15418
34.82793,-118.1464,north,west,valid,15419
34.83333,-118.06667,north,west,valid,15420
14.6,-88.68333,north,west,valid,15421
30.81667,-97.05,north,west,valid,15422
30.05806,-96.65139,north,west,valid,15423
30.06667,-96.7,north,west,valid,15424
39.16667,-98.43333,north,west,valid,15425
46.78333,-108.56667,north,west,valid,15426
-29.8,148.63333,south,east,valid,15427
35.95,-104.2,north,west,valid,15428
20.0,50.0,north,east,valid,15429
34.3,-81.4,north,west,valid,15430
48.348,17.866,north,east,valid,15431
39.5,-85.5,north,west,valid,15432
38.61667,-102.71667,north,west,valid,15433
39.61667,-85.45,north,west,valid,15434
39.8,-105.5,north,west,valid,15435
32.13333,-111.13333,north,west,valid,15436
81.16667,-49.0,north,west,valid,15437
32.91667,-104.66667,north,west,valid,15438
34.75637,-114.23435,north,west,valid,15439
34.75635,-114.2343,north,west,valid,15440
34.75873,-114.23342,north,west,valid,15441
34.75078,-114.22717,north,west,valid,15442
34.74667,-114.21,north,west,valid,15443
30.26667,-4.66667,north,west,valid,15444
32.86583,-97.32306,north,west,valid,15445
40.71667,-90.41667,north,west,valid,15446
48.48333,3.58333,north,east,valid,15447
-21.19222,55.68639,south,east,valid,15448
27.0,-105.25,north,west,valid,15449
-23.826,-68.57217,south,west,valid,15450
-24.20333,-68.805,south,west,valid,15451
38.98333,-111.85,north,west,valid,15452
39.4,-100.4,north,west,valid,15453
66.8,28.45,north,east,valid,15454
40.91667,-111.66667,north,west,valid,15455
37.95,-85.78333,north,west,valid,15456
42.53333,-122.875,north,west,valid,15457
31.41667,-100.35,north,west,valid,15458
34.00056,-115.72972,north,west,valid,15459
-27.55861,-56.13444,south,west,valid,15460
-35.53333,-58.76667,south,west,valid,15461
-23.43333,-69.5,south,west,valid,15462
36.0,-119.0,north,west,valid,15463
23.48333,-104.36667,north,west,valid,15464
35.0,-112.0,north,west,valid,15465
32.16657,-111.11718,north,west,valid,15466
24.7,-99.08333,north,west,valid,15467
-25.575,-69.795,south,west,valid,15468
-25.446167,-69.858667,south,west,valid,15469
-25.447333,-69.860667,south,west,valid,15470
-25.445833,-69.8635,south,west,valid,15471
-25.446333,-69.855333,south,west,valid,15472
-25.4475,-69.851,south,west,valid,15473
-25.4485,-69.851833,south,west,valid,15474
-25.447667,-69.871833,south,west,valid,15475
-25.447667,-69.867333,south,west,valid,15476
-25.447833,-69.867333,south,west,valid,15477
-25.443167,-69.8955,south,west,valid,15478
-25.443833,-69.870333,south,west,valid,15479
-25.445,-69.870667,south,west,valid,15480
-25.4445,-69.867,south,west,valid,15481
-25.444167,-69.8715,south,west,valid,15482
-25.4435,-69.8745,south,west,valid,15483
-25.443,-69.875167,south,west,valid,15484
-25.4425,-69.874,south,west,valid,15485
-25.4415,-69.876167,south,west,valid,15486
-25.441667,-69.8735,south,west,valid,15487
-25.4425,-69.872167,south,west,valid,15488
-25.443,-69.871833,south,west,valid,15489
-25.44,-69.872333,south,west,valid,15490
-25.372,-69.8995,south,west,valid,15491
-25.4425,-69.871167,south,west,valid,15492
-25.442667,-69.871167,south,west,valid,15493
-25.441167,-69.871167,south,west,valid,15494
-25.441833,-69.871,south,west,valid,15495
-25.441833,-69.870333,south,west,valid,15496
-25.440333,-69.879,south,west,valid,15497
-25.4425,-69.877167,south,west,valid,15498
-25.440833,-69.868833,south,west,valid,15499
-25.440333,-69.868167,south,west,valid,15500
-25.439667,-69.879833,south,west,valid,15501
-25.4405,-69.880167,south,west,valid,15502
-25.439833,-69.880333,south,west,valid,15503
-25.441833,-69.881667,south,west,valid,15504
-25.371,-69.8975,south,west,valid,15505
-25.44,-69.884,south,west,valid,15506
-25.4395,-69.884,south,west,valid,15507
-25.444833,-69.881,south,west,valid,15508
-25.443167,-69.8825,south,west,valid,15509
-25.443667,-69.884,south,west,valid,15510
-25.4435,-69.866667,south,west,valid,15511
-25.442333,-69.864667,south,west,valid,15512
-25.443,-69.863667,south,west,valid,15513
-25.447333,-69.8835,south,west,valid,15514
-25.439333,-69.886333,south,west,valid,15515
-25.439667,-69.8865,south,west,valid,15516
-25.438667,-69.8865,south,west,valid,15517
-25.4395,-69.885833,south,west,valid,15518
-25.44,-69.88833,south,west,valid,15519
-25.44067,-69.86367,south,west,valid,15520
-25.43933,-69.8635,south,west,valid,15521
-25.43883,-69.85883,south,west,valid,15522
-25.449,-69.8815,south,west,valid,15523
-25.44933,-69.8815,south,west,valid,15524
-25.449,-69.88033,south,west,valid,15525
-25.4465,-69.88583,south,west,valid,15526
-25.44067,-69.86083,south,west,valid,15527
-25.42517,-69.69017,south,west,valid,15528
-25.58333,-69.78333,south,west,valid,15529
-33.33333,-66.38333,south,west,valid,15530
29.5,-98.5,north,west,valid,15531
-16.21667,-50.3,south,west,valid,15532
39.43,-99.995,north,west,valid,15533
40.81667,-102.25,north,west,valid,15534
30.13333,-102.15,north,west,valid,15535
40.43333,-98.06667,north,west,valid,15536
35.25,-106.5,north,west,valid,15537
35.93333,-91.63333,north,west,valid,15538
19.21667,-98.3,north,west,valid,15539
-26.21667,-48.6,south,west,valid,15540
24.46667,-103.35,north,west,valid,15541
-16.26667,-47.95,south,west,valid,15542
5.91667,-73.0,north,west,valid,15543
27.33333,-112.33333,north,west,valid,15544
-33.50944,-53.41083,south,west,valid,15545
24.5,-106.0,north,west,valid,15546
-21.55,-43.01667,south,west,valid,15547
41.76611,-8.58361,north,west,valid,15548
36.5,137.0,north,east,valid,15549
39.84433,-100.51,north,west,valid,15550
32.94889,-81.865,north,west,valid,15551
48.48333,44.81667,north,east,valid,15552
45.9835,105.75883,north,east,valid,15553
26.4455,15.5925,north,east,valid,15554
26.812,15.87467,north,east,valid,15555
26.42767,15.84833,north,east,valid,15556
27.13883,15.5475,north,east,valid,15557
26.8425,15.69183,north,east,valid,15558
24.297,18.41433,north,east,valid,15559
24.4,81.88333,north,east,valid,15560
35.16667,-88.18333,north,west,valid,15561
40.86217,-118.54167,north,west,valid,15562
37.52392,-98.62993,north,west,valid,15563
20.51667,56.66667,north,east,valid,15564
20.97183,56.878,north,east,valid,15565
20.979,57.162,north,east,valid,15566
20.796,57.208,north,east,valid,15567
20.996,57.32583,north,east,valid,15568
20.927,57.2855,north,east,valid,15569
20.95233,57.3045,north,east,valid,15570
20.9805,57.319,north,east,valid,15571
20.9915,57.307,north,east,valid,15572
20.992,57.30583,north,east,valid,15573
21.00333,57.2885,north,east,valid,15574
20.9825,57.31483,north,east,valid,15575
20.9655,57.32083,north,east,valid,15576
21.01983,57.29817,north,east,valid,15577
21.048,57.28667,north,east,valid,15578
20.97867,57.32717,north,east,valid,15579
20.96833,57.31733,north,east,valid,15580
20.551,57.14433,north,east,valid,15581
20.68267,57.179,north,east,valid,15582
20.69433,57.1605,north,east,valid,15583
21.05233,57.28567,north,east,valid,15584
21.07183,57.26617,north,east,valid,15585
21.09033,57.24733,north,east,valid,15586
21.11533,57.22117,north,east,valid,15587
21.02183,57.24667,north,east,valid,15588
21.0585,57.27283,north,east,valid,15589
20.9675,57.3235,north,east,valid,15590
21.06567,57.2245,north,east,valid,15591
21.08483,57.05517,north,east,valid,15592
20.82583,57.19933,north,east,valid,15593
21.051,57.2765,north,east,valid,15594
21.054,57.27683,north,east,valid,15595
20.99667,57.29117,north,east,valid,15596
21.06517,57.28167,north,east,valid,15597
20.67367,57.18,north,east,valid,15598
20.66583,57.18633,north,east,valid,15599
21.06917,57.289,north,east,valid,15600
21.06817,57.281,north,east,valid,15601
21.05694,57.27639,north,east,valid,15602
21.06361,57.27139,north,east,valid,15603
21.07556,57.25722,north,east,valid,15604
20.72306,57.12528,north,east,valid,15605
20.93667,57.26111,north,east,valid,15606
21.06083,57.27194,north,east,valid,15607
21.04361,57.0175,north,east,valid,15608
20.82333,57.08528,north,east,valid,15609
20.93833,56.87722,north,east,valid,15610
21.00917,56.98694,north,east,valid,15611
20.98067,57.30217,north,east,valid,15612
20.97583,57.323,north,east,valid,15613
20.974,57.32083,north,east,valid,15614
21.011,57.32067,north,east,valid,15615
21.015,57.338,north,east,valid,15616
20.98283,57.33483,north,east,valid,15617
20.9735,57.305,north,east,valid,15618
20.53,56.67167,north,east,valid,15619
21.06167,57.32667,north,east,valid,15620
20.45667,56.65667,north,east,valid,15621
20.54167,56.67833,north,east,valid,15622
20.98,57.31833,north,east,valid,15623
20.50667,56.655,north,east,valid,15624
21.06,57.29,north,east,valid,15625
20.58167,56.79833,north,east,valid,15626
21.0,57.31,north,east,valid,15627
21.035,57.26806,north,east,valid,15628
20.53167,56.67667,north,east,valid,15629
20.04333,57.27833,north,east,valid,15630
21.32667,57.17833,north,east,valid,15631
20.819,57.33967,north,east,valid,15632
20.77517,57.28167,north,east,valid,15633
20.819,57.26367,north,east,valid,15634
20.63817,57.169,north,east,valid,15635
20.6515,57.169,north,east,valid,15636
20.6275,57.16433,north,east,valid,15637
20.6845,57.14067,north,east,valid,15638
20.7325,57.122,north,east,valid,15639
21.01183,57.33,north,east,valid,15640
21.004,57.31867,north,east,valid,15641
21.05183,57.26967,north,east,valid,15642
21.06833,57.27,north,east,valid,15643
20.71,57.02167,north,east,valid,15644
20.32,57.23167,north,east,valid,15645
20.53,56.665,north,east,valid,15646
20.88167,57.2,north,east,valid,15647
21.0,57.32,north,east,valid,15648
21.16667,56.66667,north,east,valid,15649
21.17017,56.68283,north,east,valid,15650
21.09917,57.09117,north,east,valid,15651
20.99115,57.33877,north,east,valid,15652
21.12307,56.98238,north,east,valid,15653
21.10912,56.9335,north,east,valid,15654
21.1454,56.7875,north,east,valid,15655
21.14493,56.80587,north,east,valid,15656
20.6157,57.16318,north,east,valid,15657
20.82752,57.30552,north,east,valid,15658
21.05303,57.26272,north,east,valid,15659
20.935,57.01167,north,east,valid,15660
20.98333,57.32667,north,east,valid,15661
21.01833,57.31333,north,east,valid,15662
21.05833,57.29167,north,east,valid,15663
20.54167,56.68833,north,east,valid,15664
20.92667,57.255,north,east,valid,15665
21.06667,57.31667,north,east,valid,15666
21.085,57.28,north,east,valid,15667
20.99,57.30667,north,east,valid,15668
20.985,57.29667,north,east,valid,15669
21.04333,57.29667,north,east,valid,15670
21.06,57.265,north,east,valid,15671
21.04667,57.255,north,east,valid,15672
20.46,56.675,north,east,valid,15673
20.54167,56.68,north,east,valid,15674
20.53667,56.68333,north,east,valid,15675
20.99833,57.32167,north,east,valid,15676
21.00333,57.315,north,east,valid,15677
21.00333,57.32167,north,east,valid,15678
21.00833,57.31,north,east,valid,15679
21.07,57.31333,north,east,valid,15680
21.02,57.28167,north,east,valid,15681
21.00833,57.0,north,east,valid,15682
21.00667,57.32167,north,east,valid,15683
20.98,57.33333,north,east,valid,15684
21.08833,57.29167,north,east,valid,15685
20.99833,57.315,north,east,valid,15686
21.09,56.915,north,east,valid,15687
21.00333,57.31833,north,east,valid,15688
21.07,57.27,north,east,valid,15689
21.06831,57.31564,north,east,valid,15690
20.99867,57.29467,north,east,valid,15691
21.03364,57.32064,north,east,valid,15692
21.06481,57.27356,north,east,valid,15693
21.06636,57.26758,north,east,valid,15694
21.07128,57.10175,north,east,valid,15695
21.18372,57.21008,north,east,valid,15696
21.18697,57.20867,north,east,valid,15697
21.20769,57.21136,north,east,valid,15698
21.06289,57.31561,north,east,valid,15699
21.04264,57.29767,north,east,valid,15700
21.05703,57.29972,north,east,valid,15701
21.00742,57.26658,north,east,valid,15702
21.04833,57.30917,north,east,valid,15703
21.05158,57.31144,north,east,valid,15704
21.04636,57.31033,north,east,valid,15705
21.03908,57.31017,north,east,valid,15706
21.03858,57.29383,north,east,valid,15707
20.99203,57.31992,north,east,valid,15708
21.03722,57.29019,north,east,valid,15709
21.03692,57.28989,north,east,valid,15710
21.038,57.29283,north,east,valid,15711
21.05172,57.23795,north,east,valid,15712
20.99872,57.325,north,east,valid,15713
21.0675,57.2722,north,east,valid,15714
21.065717,57.263583,north,east,valid,15715
21.01717,57.32033,north,east,valid,15716
20.09,56.7029,north,east,valid,15717
20.09,56.72048,north,east,valid,15718
20.07,56.72373,north,east,valid,15719
21.03703,57.32685,north,east,valid,15720
20.98353,57.20102,north,east,valid,15721
21.02018,57.21147,north,east,valid,15722
21.02063,57.2131,north,east,valid,15723
21.16788,56.54137,north,east,valid,15724
21.10517,56.9963,north,east,valid,15725
20.57318,57.32333,north,east,valid,15726
20.966,57.3255,north,east,valid,15727
21.01333,57.31833,north,east,valid,15728
20.99333,57.28,north,east,valid,15729
21.05517,57.2975,north,east,valid,15730
21.06445,57.29923,north,east,valid,15731
20.573,56.70257,north,east,valid,15732
21.04833,57.25833,north,east,valid,15733
20.995,57.325,north,east,valid,15734
20.54817,56.67931,north,east,valid,15735
20.72112,57.1269,north,east,valid,15736
20.1762,56.51983,north,east,valid,15737
20.47633,57.36013,north,east,valid,15738
20.51485,57.27738,north,east,valid,15739
20.56455,57.17792,north,east,valid,15740
20.56945,57.32167,north,east,valid,15741
20.5877,57.09752,north,east,valid,15742
20.60242,57.37903,north,east,valid,15743
20.86333,56.20333,north,east,valid,15744
20.96595,57.32455,north,east,valid,15745
20.96597,57.3257,north,east,valid,15746
20.8635,56.2035,north,east,valid,15747
21.03578,57.32825,north,east,valid,15748
21.03963,57.31085,north,east,valid,15749
21.043,57.34307,north,east,valid,15750
21.06262,57.2738,north,east,valid,15751
21.06262,57.27422,north,east,valid,15752
21.06528,57.2804,north,east,valid,15753
21.06722,57.28345,north,east,valid,15754
21.06963,57.29123,north,east,valid,15755
21.07087,57.31117,north,east,valid,15756
21.07102,57.29485,north,east,valid,15757
21.0835,57.25275,north,east,valid,15758
20.004,56.76202,north,east,valid,15759
20.19485,57.2022,north,east,valid,15760
20.20125,56.96143,north,east,valid,15761
20.29502,56.50755,north,east,valid,15762
20.33168,57.2474,north,east,valid,15763
20.03577,57.22038,north,east,valid,15764
20.36858,56.88668,north,east,valid,15765
20.40277,57.0374,north,east,valid,15766
20.41437,57.06578,north,east,valid,15767
20.42087,57.35927,north,east,valid,15768
20.42422,56.56185,north,east,valid,15769
20.42742,57.10297,north,east,valid,15770
20.43342,56.58717,north,east,valid,15771
20.44247,57.23295,north,east,valid,15772
20.48407,56.9429,north,east,valid,15773
20.4853,57.21425,north,east,valid,15774
20.48933,57.40063,north,east,valid,15775
20.49042,57.39355,north,east,valid,15776
20.49133,57.36952,north,east,valid,15777
20.4935,57.25187,north,east,valid,15778
20.06035,56.94918,north,east,valid,15779
20.06255,56.95327,north,east,valid,15780
20.50052,57.27052,north,east,valid,15781
20.50222,57.37372,north,east,valid,15782
20.50772,57.15127,north,east,valid,15783
20.51168,57.31843,north,east,valid,15784
20.51322,57.36757,north,east,valid,15785
20.51677,57.3651,north,east,valid,15786
20.52627,57.38598,north,east,valid,15787
20.53975,57.30675,north,east,valid,15788
20.54182,57.19892,north,east,valid,15789
20.54373,57.1285,north,east,valid,15790
20.55362,57.32433,north,east,valid,15791
20.55617,57.31,north,east,valid,15792
20.55683,56.8474,north,east,valid,15793
20.56093,57.3326,north,east,valid,15794
20.56233,57.37607,north,east,valid,15795
20.56275,57.2857,north,east,valid,15796
20.56565,57.3583,north,east,valid,15797
20.568,57.37422,north,east,valid,15798
20.57268,57.36938,north,east,valid,15799
20.57935,57.1848,north,east,valid,15800
20.57965,57.18483,north,east,valid,15801
20.58103,57.40295,north,east,valid,15802
20.5828,57.36067,north,east,valid,15803
20.58298,57.3165,north,east,valid,15804
20.58747,57.35292,north,east,valid,15805
20.59093,57.19753,north,east,valid,15806
20.59637,57.16163,north,east,valid,15807
20.5989,57.02047,north,east,valid,15808
20.59958,57.37525,north,east,valid,15809
20.60063,57.15925,north,east,valid,15810
20.60505,57.32175,north,east,valid,15811
20.61327,57.33912,north,east,valid,15812
20.6227,56.94792,north,east,valid,15813
20.6361,57.2141,north,east,valid,15814
20.66843,57.15937,north,east,valid,15815
20.63642,57.28727,north,east,valid,15816
20.69528,57.18323,north,east,valid,15817
20.69617,57.1949,north,east,valid,15818
20.70653,57.18392,north,east,valid,15819
20.70713,57.18317,north,east,valid,15820
20.72205,57.21013,north,east,valid,15821
20.72628,57.15972,north,east,valid,15822
20.72777,57.18842,north,east,valid,15823
20.72918,57.189,north,east,valid,15824
20.76885,57.26002,north,east,valid,15825
20.78667,57.21405,north,east,valid,15826
20.79028,57.19408,north,east,valid,15827
20.8131,57.33018,north,east,valid,15828
20.94495,57.35585,north,east,valid,15829
20.10017,56.83775,north,east,valid,15830
20.16658,57.07545,north,east,valid,15831
21.26172,57.17887,north,east,valid,15832
21.04455,57.2735,north,east,valid,15833
21.0626,57.31252,north,east,valid,15834
21.0,57.2,north,east,valid,15835
20.99245,57.3233,north,east,valid,15836
21.04753,57.31763,north,east,valid,15837
21.11363,56.81103,north,east,valid,15838
21.0689,57.31327,north,east,valid,15839
21.00295,57.32363,north,east,valid,15840
20.52693,57.13433,north,east,valid,15841
20.5274,57.13517,north,east,valid,15842
21.00382,57.26387,north,east,valid,15843
21.07544,57.14703,north,east,valid,15844
20.6004,57.16395,north,east,valid,15845
20.60342,57.16427,north,east,valid,15846
20.60837,57.16007,north,east,valid,15847
21.04395,56.965,north,east,valid,15848
21.00987,57.03862,north,east,valid,15849
20.79367,57.17375,north,east,valid,15850
20.99838,57.31972,north,east,valid,15851
20.79087,57.18352,north,east,valid,15852
21.06858,57.30132,north,east,valid,15853
21.006556,57.334417,north,east,valid,15854
21.05613,57.29243,north,east,valid,15855
21.0596,57.28343,north,east,valid,15856
21.06242,57.2758,north,east,valid,15857
21.06985,57.26393,north,east,valid,15858
20.59833,57.16323,north,east,valid,15859
21.00825,57.3327,north,east,valid,15860
21.00295,57.32738,north,east,valid,15861
21.06417,57.29887,north,east,valid,15862
20.92767,57.28233,north,east,valid,15863
21.2,57.1,north,east,valid,15864
21.00167,57.31167,north,east,valid,15865
20.61167,56.755,north,east,valid,15866
20.68,56.815,north,east,valid,15867
21.01167,57.31167,north,east,valid,15868
21.01333,57.315,north,east,valid,15869
21.005,57.31167,north,east,valid,15870
20.995,57.32667,north,east,valid,15871
20.99833,57.31167,north,east,valid,15872
21.09,57.25833,north,east,valid,15873
21.075,57.26333,north,east,valid,15874
21.09833,57.27833,north,east,valid,15875
21.06,57.29667,north,east,valid,15876
20.99667,57.33,north,east,valid,15877
20.99667,57.31667,north,east,valid,15878
21.005,57.325,north,east,valid,15879
20.53578,56.6709,north,east,valid,15880
20.5429,56.63808,north,east,valid,15881
21.07694,57.26972,north,east,valid,15882
20.52808,56.6753,north,east,valid,15883
20.06413,56.5339,north,east,valid,15884
21.00345,57.15368,north,east,valid,15885
20.91022,56.90228,north,east,valid,15886
20.91422,56.8861,north,east,valid,15887
20.91212,56.84697,north,east,valid,15888
21.00572,57.03185,north,east,valid,15889
20.0093,56.50733,north,east,valid,15890
20.04303,56.57788,north,east,valid,15891
20.27962,56.50845,north,east,valid,15892
20.26508,56.503,north,east,valid,15893
20.884,56.99377,north,east,valid,15894
20.92243,56.88685,north,east,valid,15895
20.86885,56.66468,north,east,valid,15896
20.84918,56.94902,north,east,valid,15897
21.01332,57.09173,north,east,valid,15898
21.26852,57.31615,north,east,valid,15899
20.93015,57.14505,north,east,valid,15900
20.92558,57.12225,north,east,valid,15901
21.08477,57.27598,north,east,valid,15902
21.08453,57.29322,north,east,valid,15903
21.05525,57.26902,north,east,valid,15904
21.07652,57.29588,north,east,valid,15905
21.0769,57.29693,north,east,valid,15906
21.05525,57.25815,north,east,valid,15907
21.06637,57.2648,north,east,valid,15908
21.08908,57.27265,north,east,valid,15909
21.09352,57.27558,north,east,valid,15910
21.09807,57.28043,north,east,valid,15911
21.08997,57.29492,north,east,valid,15912
21.09905,57.26767,north,east,valid,15913
20.545,56.67417,north,east,valid,15914
20.55157,56.68308,north,east,valid,15915
20.55088,56.68353,north,east,valid,15916
20.54122,56.68055,north,east,valid,15917
20.53877,56.67408,north,east,valid,15918
20.5318,56.6687,north,east,valid,15919
20.53217,56.67183,north,east,valid,15920
20.53072,56.67097,north,east,valid,15921
20.55037,56.6854,north,east,valid,15922
20.545,56.67333,north,east,valid,15923
21.04,57.315,north,east,valid,15924
20.8825,57.35723,north,east,valid,15925
20.79325,57.35065,north,east,valid,15926
20.59517,56.83023,north,east,valid,15927
20.47928,56.82898,north,east,valid,15928
20.47928,56.75442,north,east,valid,15929
20.47955,56.74435,north,east,valid,15930
20.43822,56.70383,north,east,valid,15931
20.33928,56.56445,north,east,valid,15932
20.01585,56.55805,north,east,valid,15933
20.02557,56.55827,north,east,valid,15934
20.0136,56.55787,north,east,valid,15935
20.097,56.62447,north,east,valid,15936
20.15998,56.64625,north,east,valid,15937
20.99782,57.29495,north,east,valid,15938
20.9964,57.28787,north,east,valid,15939
21.08787,56.94128,north,east,valid,15940
20.51132,57.29287,north,east,valid,15941
20.38612,56.93883,north,east,valid,15942
20.05168,56.50583,north,east,valid,15943
20.09742,56.62852,north,east,valid,15944
20.16558,56.62803,north,east,valid,15945
20.2454,56.51588,north,east,valid,15946
20.01022,56.52188,north,east,valid,15947
20.92257,57.13617,north,east,valid,15948
20.25523,56.54143,north,east,valid,15949
20.3953,56.58882,north,east,valid,15950
20.4429,56.65422,north,east,valid,15951
20.44538,56.65542,north,east,valid,15952
20.59788,56.97882,north,east,valid,15953
20.78617,57.14967,north,east,valid,15954
21.27632,57.11877,north,east,valid,15955
21.2921,57.178,north,east,valid,15956
20.95935,56.9719,north,east,valid,15957
20.27317,56.63413,north,east,valid,15958
20.2926,56.64225,north,east,valid,15959
21.26845,57.12872,north,east,valid,15960
20.53333,57.3,north,east,valid,15961
20.19867,56.80917,north,east,valid,15962
20.7025,57.11117,north,east,valid,15963
20.52783,57.4045,north,east,valid,15964
20.21167,56.60467,north,east,valid,15965
20.532,57.335,north,east,valid,15966
20.76467,57.26967,north,east,valid,15967
20.12617,56.56283,north,east,valid,15968
20.78533,57.26867,north,east,valid,15969
20.53,57.367,north,east,valid,15970
20.61667,57.03333,north,east,valid,15971
20.38333,56.76667,north,east,valid,15972
20.564,56.6655,north,east,valid,15973
21.25452,56.503,north,east,valid,15974
21.28998,56.58092,north,east,valid,15975
21.20007,56.7355,north,east,valid,15976
21.01217,56.77957,north,east,valid,15977
20.9393,56.9045,north,east,valid,15978
20.89607,56.92607,north,east,valid,15979
20.90623,56.94885,north,east,valid,15980
20.12538,56.55335,north,east,valid,15981
20.71282,57.12162,north,east,valid,15982
20.72722,57.10742,north,east,valid,15983
20.35648,56.54885,north,east,valid,15984
20.35638,56.55142,north,east,valid,15985
20.37153,56.51082,north,east,valid,15986
20.37165,56.51017,north,east,valid,15987
20.42087,56.50033,north,east,valid,15988
20.40432,56.64205,north,east,valid,15989
20.40702,56.65228,north,east,valid,15990
20.41533,56.6655,north,east,valid,15991
21.03712,57.2311,north,east,valid,15992
20.9645,56.72033,north,east,valid,15993
20.52596,56.79725,north,east,valid,15994
20.03024,56.64801,north,east,valid,15995
21.00633,57.32183,north,east,valid,15996
20.13452,56.58977,north,east,valid,15997
20.26653,56.51653,north,east,valid,15998
20.3806,56.59342,north,east,valid,15999
20.40138,56.63825,north,east,valid,16000
20.53738,56.98917,north,east,valid,16001
20.39561,56.63589,north,east,valid,16002
21.10707,57.04363,north,east,valid,16003
21.0597,57.27632,north,east,valid,16004
21.05918,57.2762,north,east,valid,16005
20.76578,57.28332,north,east,valid,16006
20.51228,57.28327,north,east,valid,16007
20.51182,57.28693,north,east,valid,16008
20.38848,57.00298,north,east,valid,16009
20.53812,56.66567,north,east,valid,16010
20.59947,57.14294,north,east,valid,16011
20.09977,56.70507,north,east,valid,16012
20.23798,56.93035,north,east,valid,16013
20.50483,56.83407,north,east,valid,16014
20.4247,56.65013,north,east,valid,16015
20.77045,57.08912,north,east,valid,16016
20.59627,57.15917,north,east,valid,16017
20.0992,56.59838,north,east,valid,16018
20.24095,56.6424,north,east,valid,16019
20.05132,56.59222,north,east,valid,16020
21.04035,57.04358,north,east,valid,16021
20.17417,56.51111,north,east,valid,16022
21.06733,57.26767,north,east,valid,16023
-32.08333,21.33333,south,east,valid,16024
53.4,18.45,north,east,valid,16025
38.46667,-100.93333,north,west,valid,16026
-87.03333,-148.0,south,west,valid,16027
36.76667,-86.16667,north,west,valid,16028
32.5,-101.0,north,west,valid,16029
32.93333,-102.58333,north,west,valid,16030
32.91722,-102.5,north,west,valid,16031
32.98333,-102.56667,north,west,valid,16032
52.26667,15.55,north,east,valid,16033
-30.58333,125.21667,south,east,valid,16034
20.81833,12.97333,north,east,valid,16035
39.36667,-100.63333,north,west,valid,16036
39.3,-102.83333,north,west,valid,16037
39.27667,-102.88667,north,west,valid,16038
49.75,14.41667,north,east,valid,16039
39.53333,-100.56667,north,west,valid,16040
35.28333,-112.86667,north,west,valid,16041
32.4,-87.0,north,west,valid,16042
32.68333,-102.61667,north,west,valid,16043
32.54333,-102.705,north,west,valid,16044
32.55,-102.39167,north,west,valid,16045
32.71667,-102.65,north,west,valid,16046
32.70038,-102.67268,north,west,valid,16047
39.83333,-96.06667,north,west,valid,16048
42.91667,-76.78333,north,west,valid,16049
41.78333,-84.18333,north,west,valid,16050
-24.55,-69.06667,south,west,valid,16051
34.26889,-101.64722,north,west,valid,16052
-19.36775,-66.96787,south,west,valid,16053
60.5,57.0,north,east,valid,16054
62.9,152.43333,north,east,valid,16055
37.2375,-92.78694,north,west,valid,16056
32.4,-102.58333,north,west,valid,16057
30.55383,57.78417,north,east,valid,16058
18.185,55.11,north,east,valid,16059
18.70728,55.72135,north,east,valid,16060
18.18233,55.50183,north,east,valid,16061
18.21432,55.71322,north,east,valid,16062
18.44728,55.92163,north,east,valid,16063
18.52632,55.93298,north,east,valid,16064
18.86795,55.45073,north,east,valid,16065
18.87253,55.47592,north,east,valid,16066
18.88868,55.43785,north,east,valid,16067
18.90015,55.59347,north,east,valid,16068
18.94255,55.63143,north,east,valid,16069
18.98645,55.58648,north,east,valid,16070
18.99932,55.49522,north,east,valid,16071
18.974,55.089,north,east,valid,16072
18.65148,55.14188,north,east,valid,16073
18.65388,55.1467,north,east,valid,16074
18.89837,55.58187,north,east,valid,16075
18.911,55.5569,north,east,valid,16076
18.91123,55.55702,north,east,valid,16077
33.7,-101.93333,north,west,valid,16078
42.5,114.0,north,east,valid,16079
38.77083,-101.79833,north,west,valid,16080
39.53333,-103.33333,north,west,valid,16081
34.125,-115.56333,north,west,valid,16082
35.765,140.41,north,east,valid,16083
38.7,-100.35,north,west,valid,16084
38.66667,-120.93333,north,west,valid,16085
36.7,137.36667,north,east,valid,16086
39.5,140.2,north,east,valid,16087
18.508,53.98733,north,east,valid,16088
18.5875,53.91417,north,east,valid,16089
18.5695,53.91017,north,east,valid,16090
18.58433,53.91367,north,east,valid,16091
18.46617,53.83417,north,east,valid,16092
18.415,53.98833,north,east,valid,16093
18.2925,53.5675,north,east,valid,16094
18.54167,53.99833,north,east,valid,16095
18.56333,53.92667,north,east,valid,16096
18.55,53.97,north,east,valid,16097
18.55833,53.91333,north,east,valid,16098
18.56167,53.97167,north,east,valid,16099
18.49167,53.88167,north,east,valid,16100
18.32883,53.886,north,east,valid,16101
18.54908,53.9229,north,east,valid,16102
18.4384,53.96892,north,east,valid,16103
18.42322,53.60905,north,east,valid,16104
18.53733,53.93312,north,east,valid,16105
18.5475,53.8935,north,east,valid,16106
18.55927,53.89155,north,east,valid,16107
18.60453,53.88757,north,east,valid,16108
18.1672,53.84555,north,east,valid,16109
18.55287,53.98743,north,east,valid,16110
18.55473,53.99687,north,east,valid,16111
18.1074,53.8319,north,east,valid,16112
18.12303,53.75478,north,east,valid,16113
18.1413,53.91205,north,east,valid,16114
18.14277,53.80753,north,east,valid,16115
18.1501,53.80047,north,east,valid,16116
18.1536,53.77487,north,east,valid,16117
18.21335,53.84675,north,east,valid,16118
18.041,53.69267,north,east,valid,16119
18.34725,53.7477,north,east,valid,16120
18.42062,54.05058,north,east,valid,16121
18.42957,54.04127,north,east,valid,16122
18.50755,53.99325,north,east,valid,16123
18.54202,53.93747,north,east,valid,16124
18.54588,53.93378,north,east,valid,16125
18.54723,53.95703,north,east,valid,16126
18.54777,53.95012,north,east,valid,16127
18.55282,53.9355,north,east,valid,16128
18.57452,53.8161,north,east,valid,16129
18.59243,53.81247,north,east,valid,16130
18.15317,53.84195,north,east,valid,16131
18.15169,53.94822,north,east,valid,16132
18.54864,53.9505,north,east,valid,16133
18.54744,53.99428,north,east,valid,16134
18.54747,53.99986,north,east,valid,16135
18.20355,53.81112,north,east,valid,16136
18.62618,53.91583,north,east,valid,16137
18.6262,53.9156,north,east,valid,16138
18.52173,53.80392,north,east,valid,16139
18.55185,53.90912,north,east,valid,16140
18.54353,53.97635,north,east,valid,16141
18.19152,53.8129,north,east,valid,16142
18.19028,53.80828,north,east,valid,16143
18.19232,53.80368,north,east,valid,16144
18.65415,53.92847,north,east,valid,16145
18.18898,53.80485,north,east,valid,16146
18.65213,53.92715,north,east,valid,16147
18.24983,53.99637,north,east,valid,16148
18.25095,53.99868,north,east,valid,16149
18.25285,53.99867,north,east,valid,16150
18.25373,53.99875,north,east,valid,16151
18.25375,53.99863,north,east,valid,16152
18.25438,53.99838,north,east,valid,16153
18.25305,53.99552,north,east,valid,16154
18.25423,53.998,north,east,valid,16155
18.25465,53.99447,north,east,valid,16156
18.25862,53.99213,north,east,valid,16157
18.25873,53.9932,north,east,valid,16158
18.25872,53.9932,north,east,valid,16159
18.25868,53.99323,north,east,valid,16160
18.25795,53.99355,north,east,valid,16161
18.25795,53.99342,north,east,valid,16162
18.25805,53.99318,north,east,valid,16163
18.25813,53.99317,north,east,valid,16164
18.25802,53.99347,north,east,valid,16165
18.25818,53.99313,north,east,valid,16166
18.25838,53.99282,north,east,valid,16167
18.25875,53.99245,north,east,valid,16168
18.25942,53.99298,north,east,valid,16169
18.25883,53.99285,north,east,valid,16170
18.25902,53.99177,north,east,valid,16171
18.25932,53.99108,north,east,valid,16172
18.25432,53.99733,north,east,valid,16173
18.25435,53.99495,north,east,valid,16174
18.25393,53.99697,north,east,valid,16175
18.254,53.99872,north,east,valid,16176
18.25387,53.99783,north,east,valid,16177
18.25147,53.99885,north,east,valid,16178
18.25145,53.99693,north,east,valid,16179
18.2517,53.9981,north,east,valid,16180
18.25222,53.99795,north,east,valid,16181
18.25188,53.998,north,east,valid,16182
18.25087,53.99695,north,east,valid,16183
18.25072,53.99667,north,east,valid,16184
18.25217,53.99737,north,east,valid,16185
18.25398,53.99522,north,east,valid,16186
18.25423,53.99485,north,east,valid,16187
18.2552,53.99703,north,east,valid,16188
18.25432,53.9955,north,east,valid,16189
18.25895,53.99373,north,east,valid,16190
18.25985,53.99282,north,east,valid,16191
18.2611,53.99332,north,east,valid,16192
18.26105,53.99233,north,east,valid,16193
18.25928,53.99248,north,east,valid,16194
18.2591,53.99205,north,east,valid,16195
18.33633,53.3335,north,east,valid,16196
18.604167,53.914667,north,east,valid,16197
18.56667,53.83333,north,east,valid,16198
18.55712,53.91382,north,east,valid,16199
18.2525,53.998,north,east,valid,16200
18.6066,53.96015,north,east,valid,16201
18.54908,53.97798,north,east,valid,16202
18.32333,53.38767,north,east,valid,16203
18.60667,53.95117,north,east,valid,16204
18.60417,53.96833,north,east,valid,16205
18.36442,53.59686,north,east,valid,16206
18.63578,53.90467,north,east,valid,16207
18.54362,53.99125,north,east,valid,16208
18.54717,53.9381,north,east,valid,16209
18.22012,53.82097,north,east,valid,16210
40.31667,126.91667,north,east,valid,16211
39.76667,-76.66667,north,west,valid,16212
41.05,-102.9,north,west,valid,16213
27.15,-104.9,north,west,valid,16214
-40.8,-67.48333,south,west,valid,16215
33.0,-107.5,north,west,valid,16216
-22.9,-69.35,south,west,valid,16217
-25.16667,-69.28333,south,west,valid,16218
32.5,-115.5,north,west,valid,16219
22.78333,4.15,north,east,valid,16220
35.51752,-116.17607,north,west,valid,16221
32.48333,-111.56667,north,west,valid,16222
41.23333,-104.98333,north,west,valid,16223
35.37333,-116.125,north,west,valid,16224
35.34443,-116.11485,north,west,valid,16225
-31.88333,141.2,south,east,valid,16226
34.53333,-101.18333,north,west,valid,16227
54.3,48.4,north,east,valid,16228
-33.85,18.95,south,east,valid,16229
31.0,11.66667,north,east,valid,16230
30.91667,11.78333,north,east,valid,16231
30.9,11.78333,north,east,valid,16232
30.96667,11.61667,north,east,valid,16233
18.31667,73.91667,north,east,valid,16234
14.0,-11.0,north,west,valid,16235
28.5,25.5,north,east,valid,16236
49.25,-111.86667,north,west,valid,16237
33.43333,-101.75,north,west,valid,16238
-30.25,126.33333,south,east,valid,16239
-30.48333,126.25,south,east,valid,16240
-30.3,126.03333,south,east,valid,16241
-30.36667,126.18333,south,east,valid,16242
-30.17367,126.29233,south,east,valid,16243
-30.16667,126.40433,south,east,valid,16244
-30.16,126.38667,south,east,valid,16245
-30.2,126.5,south,east,valid,16246
-30.16283,126.40833,south,east,valid,16247
-30.15,126.42833,south,east,valid,16248
-30.16333,126.4085,south,east,valid,16249
-30.16867,126.28717,south,east,valid,16250
-30.12417,126.4515,south,east,valid,16251
-30.0275,126.27017,south,east,valid,16252
-30.03183,126.27283,south,east,valid,16253
-30.01283,126.25783,south,east,valid,16254
-30.10233,126.3515,south,east,valid,16255
-30.10517,126.35,south,east,valid,16256
-30.1135,126.25117,south,east,valid,16257
-30.11833,126.24767,south,east,valid,16258
-30.1065,126.26267,south,east,valid,16259
-30.10867,126.26033,south,east,valid,16260
-30.1055,126.2555,south,east,valid,16261
-30.17917,126.40056,south,east,valid,16262
-30.17361,126.43444,south,east,valid,16263
-30.16028,126.34833,south,east,valid,16264
33.11861,-102.74056,north,west,valid,16265
34.65,-91.58333,north,west,valid,16266
26.68333,-11.73333,north,west,valid,16267
39.83333,-99.01667,north,west,valid,16268
37.13333,-88.4,north,west,valid,16269
34.0,-83.16667,north,west,valid,16270
36.41667,-80.0,north,west,valid,16271
35.98333,-85.85,north,west,valid,16272
40.95465,-118.49693,north,west,valid,16273
33.58333,-102.16667,north,west,valid,16274
32.71667,-100.91667,north,west,valid,16275
32.15833,-111.11333,north,west,valid,16276
33.7,-83.7,north,west,valid,16277
-29.05,-51.43333,south,west,valid,16278
23.63333,-103.66667,north,west,valid,16279
32.18333,-97.8,north,west,valid,16280
41.38333,-123.5,north,west,valid,16281
34.03333,-95.58333,north,west,valid,16282
55.4295,55.78727,north,east,valid,16283
41.65,-86.21667,north,west,valid,16284
43.03333,-78.03333,north,west,valid,16285
22.56667,48.3,north,east,valid,16286
21.0,56.66667,north,east,valid,16287
34.26667,-101.25,north,west,valid,16288
44.50642,-81.37217,north,west,valid,16289
34.00111,-102.12833,north,west,valid,16290
36.25,-101.21667,north,west,valid,16291
36.34611,-97.185,north,west,valid,16292
37.38333,-102.63333,north,west,valid,16293
37.48333,-102.67667,north,west,valid,16294
34.34444,-102.22361,north,west,valid,16295
52.0,-108.3,north,west,valid,16296
40.801,-114.701,north,west,valid,16297
40.792,-114.708,north,west,valid,16298
32.0,-98.0,north,west,valid,16299
58.61667,98.93333,north,east,valid,16300
40.45,-100.75,north,west,valid,16301
-25.06667,14.88333,south,east,valid,16302
37.75,-90.5,north,west,valid,16303
37.96667,-90.31667,north,west,valid,16304
31.73333,-101.505,north,west,valid,16305
39.4,-100.03333,north,west,valid,16306
34.31833,-103.47167,north,west,valid,16307
36.7845,-114.94967,north,west,valid,16308
-30.46667,141.08333,south,east,valid,16309
32.4375,-81.91667,north,west,valid,16310
38.21667,-79.05,north,west,valid,16311
46.83667,6.49472,north,east,valid,16312
50.5,12.5,north,east,valid,16313
34.21,-101.39,north,west,valid,16314
40.6,-103.18333,north,west,valid,16315
-84.2,-86.0,south,west,valid,16316
36.2058,-116.17042,north,west,valid,16317
36.20758,-116.16918,north,west,valid,16318
36.21153,-116.16785,north,west,valid,16319
36.25547,-116.18552,north,west,valid,16320
36.22907,-116.17935,north,west,valid,16321
36.23728,-116.1722,north,west,valid,16322
36.23722,-116.17242,north,west,valid,16323
36.23743,-116.17223,north,west,valid,16324
36.17557,-116.159,north,west,valid,16325
36.18472,-116.14342,north,west,valid,16326
36.21017,-116.16825,north,west,valid,16327
36.235,-116.18358,north,west,valid,16328
-23.25556,116.90083,south,east,valid,16329
40.63783,-103.69717,north,west,valid,16330
37.28333,-102.2,north,west,valid,16331
39.22167,-102.59,north,west,valid,16332
-32.86667,134.28333,south,east,valid,16333
29.30167,-103.5,north,west,valid,16334
35.98728,-115.85828,north,west,valid,16335
37.5,-100.83333,north,west,valid,16336
24.63633,-14.71633,north,west,valid,16337
46.4,30.8,north,east,valid,16338
32.98333,-102.37833,north,west,valid,16339
34.76667,-102.41667,north,west,valid,16340
34.2,-86.48333,north,west,valid,16341
36.0,-101.83333,north,west,valid,16342
39.16278,-112.70806,north,west,valid,16343
35.25448,-117.10972,north,west,valid,16344
35.22358,-117.1136,north,west,valid,16345
35.24742,-117.0999,north,west,valid,16346
35.23533,-117.1005,north,west,valid,16347
35.238,-117.0365,north,west,valid,16348
35.23883,-117.02667,north,west,valid,16349
35.23833,-117.03283,north,west,valid,16350
35.236,-117.044,north,west,valid,16351
35.23583,-117.044,north,west,valid,16352
35.23633,-117.04317,north,west,valid,16353
35.23617,-117.043,north,west,valid,16354
35.23333,-117.03945,north,west,valid,16355
35.236,-117.04212,north,west,valid,16356
35.23667,-117.03945,north,west,valid,16357
35.23858,-117.02628,north,west,valid,16358
35.23705,-117.01618,north,west,valid,16359
35.23625,-117.04638,north,west,valid,16360
32.87083,-115.7825,north,west,valid,16361
34.16667,-115.91667,north,west,valid,16362
62.72139,148.13028,north,east,valid,16363
40.6,-97.86667,north,west,valid,16364
36.03333,138.08333,north,east,valid,16365
20.01667,50.93333,north,east,valid,16366
19.95556,51.03333,north,east,valid,16367
20.05556,51.41667,north,east,valid,16368
57.0,62.7,north,east,valid,16369
32.55,-100.41667,north,west,valid,16370
49.79139,21.25778,north,east,valid,16371
51.125,127.495,north,east,valid,16372
50.88333,10.51667,north,east,valid,16373
-34.05,145.83333,south,east,valid,16374
47.25,-122.41667,north,west,valid,16375
20.76333,10.44167,north,east,valid,16376
36.45,-104.1,north,west,valid,16377
29.96667,-5.6,north,west,valid,16378
34.45,-104.01667,north,west,valid,16379
31.5,121.08333,north,east,valid,16380
25.54111,0.49667,north,east,valid,16381
29.98333,-5.23333,north,west,valid,16382
31.86667,-99.58333,north,west,valid,16383
44.93389,-116.43167,north,west,valid,16384
-20.8,-69.66667,south,west,valid,16385
-23.981,-68.313,south,west,valid,16386
-14.66667,-74.5,south,west,valid,16387
27.71667,-0.25,north,west,valid,16388
47.45,101.47917,north,east,valid,16389
25.38333,0.51667,north,east,valid,16390
24.4,1.03333,north,east,valid,16391
25.45,0.55,north,east,valid,16392
25.46667,0.66667,north,east,valid,16393
25.13333,0.46667,north,east,valid,16394
25.53333,0.56667,north,east,valid,16395
25.3,0.61667,north,east,valid,16396
25.3,0.63333,north,east,valid,16397
25.33333,0.46667,north,east,valid,16398
26.07306,0.36833,north,east,valid,16399
25.53389,0.36306,north,east,valid,16400
25.43694,0.49389,north,east,valid,16401
25.47556,0.70833,north,east,valid,16402
25.46306,0.70444,north,east,valid,16403
25.43667,0.48806,north,east,valid,16404
25.40361,0.52528,north,east,valid,16405
24.71861,0.20833,north,east,valid,16406
24.73444,0.20139,north,east,valid,16407
24.74611,0.19889,north,east,valid,16408
25.13806,0.28528,north,east,valid,16409
25.13194,0.41056,north,east,valid,16410
25.11444,0.31472,north,east,valid,16411
25.31222,-0.35583,north,west,valid,16412
25.43389,0.01306,north,east,valid,16413
25.44028,0.07528,north,east,valid,16414
25.52611,0.60056,north,east,valid,16415
25.22583,0.17361,north,east,valid,16416
25.25306,0.14028,north,east,valid,16417
25.14361,0.39639,north,east,valid,16418
25.16056,0.29944,north,east,valid,16419
25.37056,-0.0225,north,west,valid,16420
25.39222,-0.03639,north,west,valid,16421
25.43472,-0.09028,north,west,valid,16422
25.48861,0.22222,north,east,valid,16423
25.49972,0.66194,north,east,valid,16424
25.60472,0.40306,north,east,valid,16425
25.465,0.08361,north,east,valid,16426
25.46611,0.07944,north,east,valid,16427
25.46583,0.07361,north,east,valid,16428
25.46806,0.06861,north,east,valid,16429
25.46833,0.05722,north,east,valid,16430
25.45861,-0.13806,north,west,valid,16431
25.53444,0.09444,north,east,valid,16432
25.53722,0.13722,north,east,valid,16433
25.52389,0.31806,north,east,valid,16434
25.45306,0.40167,north,east,valid,16435
25.3975,0.6075,north,east,valid,16436
25.29278,-0.21111,north,west,valid,16437
25.14556,0.0475,north,east,valid,16438
25.14472,0.04083,north,east,valid,16439
25.26306,-0.18889,north,west,valid,16440
25.22056,0.31028,north,east,valid,16441
25.43333,0.4,north,east,valid,16442
25.4,0.41667,north,east,valid,16443
25.48333,0.15,north,east,valid,16444
25.26667,0.15,north,east,valid,16445
25.33333,0.55,north,east,valid,16446
25.21667,0.21667,north,east,valid,16447
25.28333,0.2,north,east,valid,16448
25.3,0.2,north,east,valid,16449
25.42556,0.0975,north,east,valid,16450
25.19583,0.23667,north,east,valid,16451
25.4075,0.13639,north,east,valid,16452
25.19278,0.78611,north,east,valid,16453
25.53333,0.41667,north,east,valid,16454
25.25,0.1,north,east,valid,16455
25.28333,0.1,north,east,valid,16456
25.58333,0.4,north,east,valid,16457
25.26667,0.1,north,east,valid,16458
24.43817,0.103,north,east,valid,16459
24.424,0.12233,north,east,valid,16460
24.22217,0.4735,north,east,valid,16461
24.06833,-1.3525,north,west,valid,16462
24.6205,-0.5617,north,west,valid,16463
24.62112,-0.53962,north,west,valid,16464
24.73573,-0.52413,north,west,valid,16465
24.58025,-0.51863,north,west,valid,16466
24.6544,-0.56928,north,west,valid,16467
25.24032,0.19848,north,east,valid,16468
24.81727,-0.43427,north,west,valid,16469
24.64805,-0.51437,north,west,valid,16470
24.7561,-0.43458,north,west,valid,16471
25.21283,0.03898,north,east,valid,16472
25.29038,0.05622,north,east,valid,16473
25.7561,0.26792,north,east,valid,16474
25.36667,1.08333,north,east,valid,16475
25.23333,0.15,north,east,valid,16476
34.91667,135.96667,north,east,valid,16477
22.79167,-3.96667,north,west,valid,16478
30.9,-4.23833,north,west,valid,16479
28.5,-106.25,north,west,valid,16480
51.36667,107.38333,north,east,valid,16481
19.5,55.5,north,east,valid,16482
39.32,-82.37,north,west,valid,16483
18.06833,6.66833,north,east,valid,16484
18.237,6.51983,north,east,valid,16485
18.30033,6.50683,north,east,valid,16486
33.23333,-103.44167,north,west,valid,16487
-15.7,135.66667,south,east,valid,16488
-77.73333,162.16667,south,east,valid,16489
36.43333,-83.75,north,west,valid,16490
34.53333,-108.35,north,west,valid,16491
34.38333,-100.4,north,west,valid,16492
31.11667,-97.3,north,west,valid,16493
35.91667,-114.43333,north,west,valid,16494
38.35,140.37333,north,east,valid,16495
21.43333,-102.56667,north,west,valid,16496
49.98333,12.86667,north,east,valid,16497
-27.33333,-69.8,south,west,valid,16498
45.50833,12.30833,north,east,valid,16499
36.4,-103.01667,north,west,valid,16500
-32.11667,141.08333,south,east,valid,16501
-85.45,-90.0,south,west,valid,16502
-85.167,-94.75,south,west,valid,16503
-85.16633,-94.71667,south,west,valid,16504
-85.16467,-94.54883,south,west,valid,16505
-85.162,-94.5475,south,west,valid,16506
-85.16033,-94.562,south,west,valid,16507
-85.2335,-90.43733,south,west,valid,16508
-85.159,-94.616,south,west,valid,16509
-85.157,-94.59667,south,west,valid,16510
-85.16583,-94.79183,south,west,valid,16511
-85.167167,-94.67517,south,west,valid,16512
-85.15633,-94.614,south,west,valid,16513
-85.16467,-94.72117,south,west,valid,16514
-85.1695,-94.7825,south,west,valid,16515
-85.165,-94.71883,south,west,valid,16516
-85.16567,-94.683833,south,west,valid,16517
-85.348,-87.23,south,west,valid,16518
-85.24067,-90.351,south,west,valid,16519
-85.239,-90.326,south,west,valid,16520
-85.24417,-90.34483,south,west,valid,16521
-85.387,-87.11583,south,west,valid,16522
-85.16567,-94.74433,south,west,valid,16523
-85.17567,-94.74517,south,west,valid,16524
-85.18406,-94.16,south,west,valid,16525
-85.16469,-94.65111,south,west,valid,16526
-85.16324,-94.62127,south,west,valid,16527
-85.1651,-94.61799,south,west,valid,16528
-85.16488,-94.64775,south,west,valid,16529
-85.25,-91.0,south,west,valid,16530
-85.16548,-94.62367,south,west,valid,16531
-85.16594,-94.61952,south,west,valid,16532
-85.16572,-94.62239,south,west,valid,16533
-85.16514,-94.63074,south,west,valid,16534
-85.16556,-94.61611,south,west,valid,16535
-85.15256,-94.59229,south,west,valid,16536
-85.16519,-94.59069,south,west,valid,16537
-85.16247,-94.56929,south,west,valid,16538
-85.16222,-94.57527,south,west,valid,16539
-85.1622,-94.57609,south,west,valid,16540
-85.16496,-94.57511,south,west,valid,16541
-85.16455,-94.57786,south,west,valid,16542
-85.16496,-94.55407,south,west,valid,16543
-85.16511,-94.55301,south,west,valid,16544
-85.16518,-94.54688,south,west,valid,16545
-85.16204,-94.55162,south,west,valid,16546
-85.16103,-94.55959,south,west,valid,16547
-85.15777,-94.5713,south,west,valid,16548
-85.15794,-94.56984,south,west,valid,16549
-85.15665,-94.56299,south,west,valid,16550
-85.15639,-94.57049,south,west,valid,16551
-85.15844,-94.57789,south,west,valid,16552
-85.15885,-94.58231,south,west,valid,16553
-85.15931,-94.59718,south,west,valid,16554
-85.16413,-94.59081,south,west,valid,16555
-85.16404,-94.5938,south,west,valid,16556
-85.16349,-94.60018,south,west,valid,16557
-85.1579,-94.60757,south,west,valid,16558
-85.16221,-94.62019,south,west,valid,16559
-85.16175,-94.84335,south,west,valid,16560
-85.16239,-94.83696,south,west,valid,16561
-85.16517,-94.57335,south,west,valid,16562
-85.1605,-94.57012,south,west,valid,16563
-85.16373,-94.59473,south,west,valid,16564
-85.16345,-94.59088,south,west,valid,16565
-85.16292,-94.59247,south,west,valid,16566
-85.16323,-94.57987,south,west,valid,16567
-85.16082,-94.6157,south,west,valid,16568
-85.16103,-94.59745,south,west,valid,16569
-85.15548,-94.54687,south,west,valid,16570
-85.1654,-94.79735,south,west,valid,16571
-85.15852,-94.62125,south,west,valid,16572
-85.15468,-94.58963,south,west,valid,16573
-85.16535,-94.72453,south,west,valid,16574
-85.16782,-94.72788,south,west,valid,16575
-85.16523,-94.73375,south,west,valid,16576
-85.1651,-94.77712,south,west,valid,16577
-85.16345,-94.85695,south,west,valid,16578
-85.16513,-94.84618,south,west,valid,16579
-85.16048,-94.79135,south,west,valid,16580
33.46667,-82.48333,north,west,valid,16581
35.28333,-108.26667,north,west,valid,16582
76.53333,-67.55,north,west,valid,16583
35.16993,-114.45585,north,west,valid,16584
17.58333,54.35,north,east,valid,16585
17.9695,54.06633,north,east,valid,16586
-25.7,143.05,south,east,valid,16587
44.75,-77.58333,north,west,valid,16588
39.52167,-103.16667,north,west,valid,16589
-31.58333,127.6,south,east,valid,16590
-31.56667,127.8,south,east,valid,16591
24.3,106.1,north,east,valid,16592
28.11667,0.53333,north,east,valid,16593
-29.43333,142.01667,south,east,valid,16594
-26.33333,118.33333,south,east,valid,16595
30.74819,10.21017,north,east,valid,16596
30.79576,10.24557,north,east,valid,16597
30.8193,10.2503,north,east,valid,16598
30.96791,10.04587,north,east,valid,16599
30.96759,10.04677,north,east,valid,16600
30.97153,10.05499,north,east,valid,16601
30.97562,10.09026,north,east,valid,16602
30.9337,10.06525,north,east,valid,16603
30.93472,10.06945,north,east,valid,16604
30.98022,10.00652,north,east,valid,16605
30.93417,10.06935,north,east,valid,16606
30.93397,10.06943,north,east,valid,16607
30.9308,10.05145,north,east,valid,16608
34.93333,-102.01667,north,west,valid,16609
26.5,-10.5,north,west,valid,16610
19.949,11.933,north,east,valid,16611
19.696,11.52683,north,east,valid,16612
20.00983,11.86567,north,east,valid,16613
19.955,11.87517,north,east,valid,16614
19.91933,11.88183,north,east,valid,16615
19.91117,11.87517,north,east,valid,16616
20.20117,11.587,north,east,valid,16617
20.35833,11.85,north,east,valid,16618
34.98333,-101.73333,north,west,valid,16619
45.425,-101.097,north,west,valid,16620
26.56667,15.73333,north,east,valid,16621
18.91667,6.25,north,east,valid,16622
29.75,34.91667,north,east,valid,16623
32.7605,9.1002,north,east,valid,16624
27.75,-8.13333,north,west,valid,16625
33.38333,-105.25,north,west,valid,16626
34.25,-96.68333,north,west,valid,16627
18.65,-97.55,north,west,valid,16628
37.2,-103.58333,north,west,valid,16629
33.21667,-102.63167,north,west,valid,16630
33.205,-102.65833,north,west,valid,16631
19.56667,-99.56667,north,west,valid,16632
32.23333,-88.2,north,west,valid,16633
42.88333,-73.6,north,west,valid,16634
39.08333,-95.11667,north,west,valid,16635
-27.86667,141.73333,south,east,valid,16636
26.83333,-105.41667,north,west,valid,16637
-29.23333,-61.76667,south,west,valid,16638
27.63533,-0.51667,north,west,valid,16639
27.46667,-0.51667,north,west,valid,16640
55.88333,89.1,north,east,valid,16641
29.65225,-7.7493,north,west,valid,16642
41.11667,-89.80833,north,west,valid,16643
40.55,141.23333,north,east,valid,16644
30.3,-97.7,north,west,valid,16645
30.55556,-97.95278,north,west,valid,16646
43.36667,-88.13333,north,west,valid,16647
29.47,-105.8,north,west,valid,16648
20.05,-1.68333,north,west,valid,16649
33.91667,-112.55,north,west,valid,16650
38.58139,-104.07667,north,west,valid,16651
41.55,-100.96667,north,west,valid,16652
48.7,45.7,north,east,valid,16653
31.85,-110.96667,north,west,valid,16654
34.66667,-102.0,north,west,valid,16655
38.99861,-113.38167,north,west,valid,16656
38.94306,-113.37833,north,west,valid,16657
38.945,-113.38222,north,west,valid,16658
34.61667,-101.95,north,west,valid,16659
34.60667,-101.76667,north,west,valid,16660
34.555,-101.63,north,west,valid,16661
39.63611,-117.65472,north,west,valid,16662
39.67357,-117.60432,north,west,valid,16663
39.68449,-117.62072,north,west,valid,16664
39.68444,-117.62022,north,west,valid,16665
39.6844,-117.62007,north,west,valid,16666
39.68436,-117.62018,north,west,valid,16667
39.68518,-117.62105,north,west,valid,16668
39.68072,-117.62778,north,west,valid,16669
39.68035,-117.62918,north,west,valid,16670
39.68432,-117.62052,north,west,valid,16671
39.683333,-117.616667,north,west,valid,16672
39.67917,-117.62675,north,west,valid,16673
39.67888,-117.62945,north,west,valid,16674
39.68945,-117.62358,north,west,valid,16675
39.68908,-117.62257,north,west,valid,16676
39.6884,-117.62422,north,west,valid,16677
39.6872,-117.62618,north,west,valid,16678
39.68938,-117.62032,north,west,valid,16679
39.6772,-117.62858,north,west,valid,16680
39.68105,-117.61325,north,west,valid,16681
39.68973,-117.61822,north,west,valid,16682
34.24216,-88.77594,north,west,valid,16683
-35.48333,142.6,south,east,valid,16684
47.6,-94.76667,north,west,valid,16685
44.01667,28.63333,north,east,valid,16686
47.12444,7.17889,north,east,valid,16687
34.075,-116.01667,north,west,valid,16688
32.58333,-82.01667,north,west,valid,16689
37.63333,-102.41667,north,west,valid,16690
46.7,-110.13333,north,west,valid,16691
32.25,-110.83333,north,west,valid,16692
29.41667,20.5,north,east,valid,16693
3.81667,43.33333,north,east,valid,16694
-29.96667,120.6,south,east,valid,16695
59.81667,17.66667,north,east,valid,16696
54.364947,48.591447,north,east,valid,16697
37.6,-101.25,north,west,valid,16698
21.5,50.5,north,east,valid,16699
34.95,-102.1175,north,west,valid,16700
21.695,50.59667,north,east,valid,16701
21.31833,56.41667,north,east,valid,16702
21.32333,56.42167,north,east,valid,16703
21.32,56.41667,north,east,valid,16704
21.00578,56.46918,north,east,valid,16705
21.06493,56.48188,north,east,valid,16706
21.34885,56.16187,north,east,valid,16707
21.37603,56.29112,north,east,valid,16708
21.38015,56.29083,north,east,valid,16709
21.3728,56.31377,north,east,valid,16710
21.37387,56.31365,north,east,valid,16711
21.34533,55.463,north,east,valid,16712
21.34387,55.45712,north,east,valid,16713
21.34422,55.45513,north,east,valid,16714
21.22938,55.51692,north,east,valid,16715
21.22948,55.52087,north,east,valid,16716
21.23162,55.52112,north,east,valid,16717
21.23513,55.53483,north,east,valid,16718
21.13823,55.52492,north,east,valid,16719
21.1427,55.53912,north,east,valid,16720
21.12637,55.52612,north,east,valid,16721
21.12538,55.52697,north,east,valid,16722
21.12638,55.53703,north,east,valid,16723
21.11303,55.54083,north,east,valid,16724
21.11333,55.54098,north,east,valid,16725
21.11073,55.53147,north,east,valid,16726
21.09165,55.51098,north,east,valid,16727
21.02358,55.56297,north,east,valid,16728
21.04832,55.57372,north,east,valid,16729
19.02778,51.08333,north,east,valid,16730
34.75,-84.0,north,west,valid,16731
22.846044,55.121208,north,east,valid,16732
22.84231,55.14103,north,east,valid,16733
22.70986,55.12542,north,east,valid,16734
22.69922,55.08811,north,east,valid,16735
22.69944,55.09503,north,east,valid,16736
22.70047,55.10425,north,east,valid,16737
22.78875,55.09469,north,east,valid,16738
22.79064,55.09453,north,east,valid,16739
22.79317,55.09667,north,east,valid,16740
22.84997,55.14453,north,east,valid,16741
22.85114,55.14175,north,east,valid,16742
22.86056,55.18317,north,east,valid,16743
22.87847,55.15128,north,east,valid,16744
22.86906,55.15189,north,east,valid,16745
22.86881,55.15153,north,east,valid,16746
22.86878,55.15008,north,east,valid,16747
22.86589,55.15669,north,east,valid,16748
22.79506,55.20775,north,east,valid,16749
22.88764,55.17539,north,east,valid,16750
22.88811,55.18439,north,east,valid,16751
22.88872,55.184444,north,east,valid,16752
22.89492,55.17081,north,east,valid,16753
22.89528,55.17033,north,east,valid,16754
22.89314,55.17828,north,east,valid,16755
22.89308,55.17444,north,east,valid,16756
22.89183,55.18142,north,east,valid,16757
22.89406,55.1705,north,east,valid,16758
22.89092,55.17989,north,east,valid,16759
49.09028,11.33333,north,east,valid,16760
30.9,46.01667,north,east,valid,16761
55.8,66.0,north,east,valid,16762
27.85,-108.23333,north,west,valid,16763
-14.53333,-48.76667,south,west,valid,16764
18.44432,52.97805,north,east,valid,16765
18.5,52.16667,north,east,valid,16766
56.38333,120.46667,north,east,valid,16767
36.2,-103.9,north,west,valid,16768
29.2,-99.76667,north,west,valid,16769
5.28333,8.25,north,east,valid,16770
35.51667,-79.96667,north,west,valid,16771
-29.75,22.5,south,east,valid,16772
-25.75,-70.5,south,west,valid,16773
42.93333,-100.75,north,west,valid,16774
61.05,26.83333,north,east,valid,16775
35.46667,-115.66667,north,west,valid,16776
63.3,27.73333,north,east,valid,16777
-22.96833,125.36861,south,east,valid,16778
53.83333,97.33333,north,east,valid,16779
34.25,-119.3,north,west,valid,16780
32.4,-97.08333,north,west,valid,16781
-29.91667,-60.28333,south,west,valid,16782
-19.73333,-48.31667,south,west,valid,16783
48.63333,34.36667,north,east,valid,16784
54.76667,113.98333,north,east,valid,16785
50.11112,36.8001,north,east,valid,16786
39.73633,-96.36133,north,west,valid,16787
49.21667,15.8,north,east,valid,16788
-31.7,23.75,south,east,valid,16789
-41.06667,-62.85,south,west,valid,16790
-43.32,172.06333,south,east,valid,16791
34.68333,-101.38333,north,west,valid,16792
61.03333,6.05,north,east,valid,16793
26.75,-105.25,north,west,valid,16794
26.75,-105.4,north,west,valid,16795
-39.1,-67.06667,south,west,valid,16796
47.91667,4.35,north,east,valid,16797
-35.01667,139.91667,south,east,valid,16798
-32.06667,125.15,south,east,valid,16799
-14.83861,-40.83611,south,west,valid,16800
50.51667,-113.13333,north,west,valid,16801
57.53333,49.0,north,east,valid,16802
21.49972,50.47222,north,east,valid,16803
39.33333,-98.16667,north,west,valid,16804
35.84083,-104.58583,north,west,valid,16805
38.67667,-113.30167,north,west,valid,16806
-38.25,178.08333,south,east,valid,16807
-41.31667,175.13333,south,east,valid,16808
36.15,-101.05,north,west,valid,16809
32.4,-101.95,north,west,valid,16810
39.1,-98.83333,north,west,valid,16811
36.63333,-83.83333,north,west,valid,16812
34.0,-87.16667,north,west,valid,16813
35.8,-113.7,north,west,valid,16814
-20.66667,118.83333,south,east,valid,16815
37.325,-84.71667,north,west,valid,16816
43.827,-70.24717,north,west,valid,16817
43.0,-107.16667,north,west,valid,16818
-26.28333,126.66667,south,east,valid,16819
-23.26667,116.93333,south,east,valid,16820
32.90333,-102.925,north,west,valid,16821
34.78698,-114.25052,north,west,valid,16822
39.7,-103.16667,north,west,valid,16823
47.767778,-119.876389,north,west,valid,16824
39.81667,-94.91667,north,west,valid,16825
35.833333,-98.4,north,west,valid,16826
-30.5,131.55,south,east,valid,16827
-30.71667,131.51667,south,east,valid,16828
-30.48333,131.55,south,east,valid,16829
-30.5,131.7,south,east,valid,16830
-30.48333,131.68333,south,east,valid,16831
-30.5,131.68333,south,east,valid,16832
-30.5,131.71667,south,east,valid,16833
-30.51667,131.5,south,east,valid,16834
-30.56667,131.5,south,east,valid,16835
-30.575,131.50164,south,east,valid,16836
32.68333,-85.56667,north,west,valid,16837
34.80167,-101.68333,north,west,valid,16838
35.5,-98.7,north,west,valid,16839
34.25,-112.75,north,west,valid,16840
-31.69167,127.78333,south,east,valid,16841
-36.43333,143.63333,south,east,valid,16842
-32.26667,139.86667,south,east,valid,16843
40.26667,99.81667,north,east,valid,16844
35.26667,104.31667,north,east,valid,16845
40.35,-103.95,north,west,valid,16846
43.01667,-79.21667,north,west,valid,16847
34.95,-100.25,north,west,valid,16848
33.03333,-102.33333,north,west,valid,16849
33.025,-102.41667,north,west,valid,16850
33.01667,-102.36667,north,west,valid,16851
33.67833,-102.315,north,west,valid,16852
33.05,-101.93333,north,west,valid,16853
51.85,10.78333,north,east,valid,16854
-30.75,127.98333,south,east,valid,16855
33.075,-102.045,north,west,valid,16856
-30.05,128.93333,south,east,valid,16857
35.0,-94.0,north,west,valid,16858
35.89,-114.20333,north,west,valid,16859
35.85667,-114.22333,north,west,valid,16860
53.999167,-115.5975,north,west,valid,16861
42.03333,-101.5,north,west,valid,16862
-25.31583,142.44467,south,east,valid,16863
37.59183,-97.21497,north,west,valid,16864
34.06667,-98.91667,north,west,valid,16865
33.96667,-112.73333,north,west,valid,16866
49.41667,21.7,north,east,valid,16867
34.7,-113.6,north,west,valid,16868
-26.45,131.0,south,east,valid,16869
37.08333,-101.76667,north,west,valid,16870
39.41667,-103.2,north,west,valid,16871
-28.23333,120.85,south,east,valid,16872
32.56533,-111.7255,north,west,valid,16873
43.72444,-116.91167,north,west,valid,16874
38.15,-102.66667,north,west,valid,16875
45.36667,-122.58333,north,west,valid,16876
34.43333,-105.78333,north,west,valid,16877
34.5,-105.83333,north,west,valid,16878
-30.1,143.2,south,east,valid,16879
32.125,-109.83333,north,west,valid,16880
32.18167,-109.7895,north,west,valid,16881
32.14202,-109.82423,north,west,valid,16882
32.0939,-109.88412,north,west,valid,16883
32.11288,-109.89265,north,west,valid,16884
32.18843,-109.84563,north,west,valid,16885
32.07667,-109.8455,north,west,valid,16886
47.98333,-103.65,north,west,valid,16887
43.46667,-106.76667,north,west,valid,16888
-38.10306,146.18111,south,east,valid,16889
35.37358,-115.34388,north,west,valid,16890
36.73333,-102.2,north,west,valid,16891
37.53333,-98.36667,north,west,valid,16892
37.38333,-96.86667,north,west,valid,16893
51.14967,-1.81,north,west,valid,16894
29.96667,-98.11667,north,west,valid,16895
-28.5,27.0,south,east,valid,16896
-28.09697,118.45561,south,east,valid,16897
-26.05,128.95,south,east,valid,16898
35.2,-111.4,north,west,valid,16899
32.95,-114.666667,north,west,valid,16900
-84.75,-125.0,south,west,valid,16901
-86.5379,-124.2156,south,west,valid,16902
-86.52222,-123.79341,south,west,valid,16903
-86.52607,-123.69857,south,west,valid,16904
-86.52673,-123.68588,south,west,valid,16905
-86.52653,-123.68859,south,west,valid,16906
-86.54488,-123.84895,south,west,valid,16907
-86.52146,-123.83598,south,west,valid,16908
-86.52309,-123.96975,south,west,valid,16909
-86.52308,-123.97255,south,west,valid,16910
-86.50015,-124.7495,south,west,valid,16911
-86.46973,-123.46349,south,west,valid,16912
-86.48087,-123.40283,south,west,valid,16913
-86.47899,-123.42924,south,west,valid,16914
-86.12662,-123.38614,south,west,valid,16915
-86.13479,-123.96556,south,west,valid,16916
-86.11736,-123.91361,south,west,valid,16917
-86.14467,-124.28507,south,west,valid,16918
-86.14843,-124.25279,south,west,valid,16919
-86.15229,-124.29004,south,west,valid,16920
-86.15351,-124.29386,south,west,valid,16921
-86.52157,-122.6787,south,west,valid,16922
-86.51339,-122.92467,south,west,valid,16923
-86.51327,-122.92858,south,west,valid,16924
-86.53725,-123.12291,south,west,valid,16925
-86.53734,-123.12291,south,west,valid,16926
-86.53035,-123.09365,south,west,valid,16927
-86.50994,-122.96137,south,west,valid,16928
-86.50985,-122.96218,south,west,valid,16929
-86.51027,-122.9522,south,west,valid,16930
-30.0,138.0,south,east,valid,16931
47.70667,-119.83,north,west,valid,16932
-19.3,127.76667,south,east,valid,16933
44.4,-98.53333,north,west,valid,16934
-24.91667,120.06667,south,east,valid,16935
45.0,-79.06667,north,west,valid,16936
42.34667,-90.1675,north,west,valid,16937
35.68333,-82.18333,north,west,valid,16938
36.5,-99.5,north,west,valid,16939
-25.65,114.21667,south,east,valid,16940
40.76667,-81.95,north,west,valid,16941
40.05,-102.2,north,west,valid,16942
40.33083,-102.19583,north,west,valid,16943
45.5,118.0,north,east,valid,16944
-28.95,148.13333,south,east,valid,16945
51.88333,-104.18333,north,west,valid,16946
36.3,120.48333,north,east,valid,16947
34.36667,118.33333,north,east,valid,16948
23.34775,48.73742,north,east,valid,16949
23.35717,48.72245,north,east,valid,16950
23.31522,48.62988,north,east,valid,16951
-28.38333,116.71667,south,east,valid,16952
-71.5,35.66667,south,east,valid,16953
-71.84861,36.51944,south,east,valid,16954
-71.83333,35.5,south,east,valid,16955
-71.83611,36.27222,south,east,valid,16956
-71.82556,36.25556,south,east,valid,16957
-71.83278,36.29167,south,east,valid,16958
-71.83667,36.29861,south,east,valid,16959
-71.83667,36.30417,south,east,valid,16960
-71.83556,36.30278,south,east,valid,16961
-71.80389,36.23472,south,east,valid,16962
-71.79389,36.18194,south,east,valid,16963
-71.84861,36.31806,south,east,valid,16964
-71.82444,36.25556,south,east,valid,16965
-71.80167,36.14306,south,east,valid,16966
-71.815,36.19306,south,east,valid,16967
-71.825,36.24028,south,east,valid,16968
-71.8275,36.24444,south,east,valid,16969
-71.79333,36.1875,south,east,valid,16970
-71.80417,36.29167,south,east,valid,16971
-71.79972,36.29028,south,east,valid,16972
-71.81167,36.4125,south,east,valid,16973
-71.81583,36.425,south,east,valid,16974
-71.81694,36.42222,south,east,valid,16975
-71.83556,36.35833,south,east,valid,16976
-71.81944,36.19861,south,east,valid,16977
-71.80528,36.175,south,east,valid,16978
-71.80472,36.18056,south,east,valid,16979
-71.79806,36.24861,south,east,valid,16980
-71.825,36.325,south,east,valid,16981
-71.81333,36.47778,south,east,valid,16982
-71.81667,36.46389,south,east,valid,16983
-71.81778,36.45833,south,east,valid,16984
-71.7875,36.3,south,east,valid,16985
-71.80833,36.1375,south,east,valid,16986
-71.81333,36.16389,south,east,valid,16987
-71.82417,36.19444,south,east,valid,16988
-71.82667,36.20278,south,east,valid,16989
-71.82806,36.20556,south,east,valid,16990
-71.82833,36.20694,south,east,valid,16991
-71.80861,36.25833,south,east,valid,16992
-71.81667,36.34167,south,east,valid,16993
-71.78361,36.26528,south,east,valid,16994
-71.81444,36.11111,south,east,valid,16995
-71.81833,36.11944,south,east,valid,16996
-71.81722,36.12778,south,east,valid,16997
-71.7625,36.08056,south,east,valid,16998
-71.75278,36.08889,south,east,valid,16999
-71.74167,35.91944,south,east,valid,17000
-71.7375,35.89167,south,east,valid,17001
-71.73472,35.875,south,east,valid,17002
-71.75833,35.03333,south,east,valid,17003
-71.73472,35.45,south,east,valid,17004
-71.80417,35.39722,south,east,valid,17005
-71.83056,35.44444,south,east,valid,17006
-71.83333,35.51944,south,east,valid,17007
-71.61167,35.25833,south,east,valid,17008
-71.64306,35.59444,south,east,valid,17009
-71.7625,35.9,south,east,valid,17010
-71.76944,35.76111,south,east,valid,17011
-71.75694,35.78056,south,east,valid,17012
-71.74861,35.78056,south,east,valid,17013
-71.74722,35.80556,south,east,valid,17014
-71.78889,35.80278,south,east,valid,17015
-71.79167,35.79444,south,east,valid,17016
-71.79306,35.72778,south,east,valid,17017
-71.78194,35.67778,south,east,valid,17018
-71.80417,35.49444,south,east,valid,17019
-71.74167,35.64167,south,east,valid,17020
-71.7375,35.80556,south,east,valid,17021
-71.73889,35.80833,south,east,valid,17022
-71.74583,35.84167,south,east,valid,17023
0.0,35.66667,north,east,valid,17024
-71.73472,35.77222,south,east,valid,17025
-71.75556,35.65833,south,east,valid,17026
-71.72361,35.74167,south,east,valid,17027
-71.73056,35.76111,south,east,valid,17028
-71.73889,35.93611,south,east,valid,17029
-71.76806,36.00833,south,east,valid,17030
-71.74306,36.08056,south,east,valid,17031
-71.74167,36.01111,south,east,valid,17032
-71.73889,35.99444,south,east,valid,17033
-71.73472,35.96667,south,east,valid,17034
-71.72639,35.975,south,east,valid,17035
-71.72778,35.98611,south,east,valid,17036
-71.73056,35.96111,south,east,valid,17037
-71.73194,35.97778,south,east,valid,17038
-71.73056,35.98333,south,east,valid,17039
-71.71389,35.99722,south,east,valid,17040
-71.70278,35.90556,south,east,valid,17041
-71.70278,35.90833,south,east,valid,17042
-71.67917,35.97778,south,east,valid,17043
-71.69583,36.01667,south,east,valid,17044
-71.74861,35.99722,south,east,valid,17045
-71.79667,36.08472,south,east,valid,17046
-71.79722,36.15278,south,east,valid,17047
-71.80583,36.18611,south,east,valid,17048
-72.0,35.5,south,east,valid,17049
-71.54694,35.40194,south,east,valid,17050
-72.09802,35.24265,south,east,valid,17051
-71.56283,36.00517,south,east,valid,17052
17.53333,-97.35,north,west,valid,17053
-32.45,135.55,south,east,valid,17054
-32.08287,135.64985,south,east,valid,17055
-30.31667,131.46667,south,east,valid,17056
-30.36417,131.3745,south,east,valid,17057
-30.28,131.35833,south,east,valid,17058
-30.5,131.46667,south,east,valid,17059
-29.45,121.21667,south,east,valid,17060
-35.98333,145.58333,south,east,valid,17061
-32.03333,126.175,south,east,valid,17062
47.96,14.89,north,east,valid,17063
39.55801,-114.42715,north,west,valid,17064
39.35067,-114.40783,north,west,valid,17065
-14.25,132.01667,south,east,valid,17066
-31.19167,121.53333,south,east,valid,17067
24.2,113.4,north,east,valid,17068
38.9,-99.43333,north,west,valid,17069
22.75,108.33333,north,east,valid,17070
40.75,-97.5,north,west,valid,17071
40.86667,-97.6,north,west,valid,17072
-29.5,118.75,south,east,valid,17073
-32.1,117.71667,south,east,valid,17074
26.06,118.01,north,east,valid,17075
31.65,-106.18333,north,west,valid,17076
34.8197,-114.2761,north,west,valid,17077
34.82658,-114.27763,north,west,valid,17078
34.81923,-114.27735,north,west,valid,17079
60.0,140.0,north,east,valid,17080
22.81667,-102.56667,north,west,valid,17081
35.0,-94.75,north,west,valid,17082
30.36667,-5.85,north,west,valid,17083
50.76278,22.86611,north,east,valid,17084
25.00944,-100.75,north,west,valid,17085
27.0,-99.0,north,west,valid,17086
18.33333,-97.5,north,west,valid,17087
41.65,-0.86667,north,west,valid,17088
29.75,-4.5,north,west,valid,17089
32.15833,4.63333,north,east,valid,17090
42.51333,-88.48944,north,west,valid,17091
29.85861,-2.645,north,west,valid,17092
52.13333,81.96667,north,east,valid,17093
24.23333,111.18333,north,east,valid,17094
68.0,128.3,north,east,valid,17095
31.2,112.5,north,east,valid,17096
29.037,17.0185,north,east,valid,17097
13.78333,8.96667,north,east,valid,17098
49.25,17.66667,north,east,valid,17099
49.78917,41.5046,north,east,valid,17100
33.98333,-115.68333,north,west,valid,17101
